44333
35170
60674
80111
28083
77205
17105
67199
7611
55466
49345
60245
14544
63089
71937
51063
43919
34231
56860
27288
23297
25990
92672
34331
89534
40724
47798
75851
83559
48208
27670
42473
86312
85890
29624
96095
23025
31731
93717
78679
38361
25094
72958
77258
31915
98445
79413
21036
42063
34684
85553
84395
21159
63770
5309
33104
24068
23406
27327
23447
38167
46257
31401
29965
45332
32100
65189
47343
11292
54802
18784
7091
61146
29570
50376
56884
87526
87846
12359
33955
55962
89550
60997
88923
27206
80419
64363
96232
26419
43913
86345
73344
10082
26644
45323
85933
89115
13314
83037
48662
6883
16105
7310
74094
23688
25792
93751
2364
21718
51287
3382
45662
57245
33070
41538
23437
99252
59846
92973
44268
58571
37258
7073
64990
97834
73335
51944
83586
23079
4027
21611
5632
93186
81807
15107
74689
72725
80878
29290
51955
49941
16659
50627
55724
69245
80252
87346
53072
32600
54396
70406
76777
47144
8615
41774
26717
45564
23924
20341
53671
24524
34254
82096
27076
33686
53876
51786
79763
26407
65166
67424
53763
24101
23117
36916
22591
32336
54463
47422
70062
14524
81951
92987
5960
24772
67647
19831
75202
78979
16745
90924
37538
29111
43041
61639
91381
18112
98347
35091
16388
51889
2144
78748
98168
47067
46464
40888
43010
96575
11112
32462
33727
63921
73358
99763
25338
15186
91630
95287
47498
46837
54976
3528
45718
22364
20223
86540
21466
46518
7932
65883
87878
51947
7185
80130
96775
42647
16988
25435
51036
36370
43373
83362
18014
99432
91524
33957
36111
9632
21736
76285
40201
85091
23733
98771
83723
79329
9457
83014
92991
40335
56317
51142
88490
71642
88925
96805
90875
84715
11414
92655
11997
78920
34126
72905
27502
26436
75392
94032
13243
99675
88114
27557
2999
5379
5008
86231
40222
94913
76818
42652
72535
27479
38239
43282
11211
24031
8364
91628
34566
1571
46339
4879
13640
22482
86534
97608
69484
76197
81108
79936
39885
98571
34054
75874
4217
50455
11021
74920
42050
58534
52617
73115
51791
64409
22472
70619
61455
48899
86413
25583
44732
55063
27621
11607
75559
63906
88110
39653
63317
95071
23921
698
22545
99210
12235
56644
21796
7058
37243
61828
32154
27618
12865
7173
78260
38726
11072
92725
78884
46330
53060
76091
54697
58460
67501
40393
21044
65681
4025
95818
43365
7631
66894
40340
89985
10881
7884
71430
56401
60761
17555
84875
90697
39713
94729
56549
33172
94984
25466
21811
61952
92551
10442
30503
12930
51805
42904
58127
49622
12501
30635
86849
56673
17145
62625
75583
1225
41900
27577
81511
19402
75687
41501
78029
64724
84705
51647
95482
25303
69327
84888
52064
3013
52817
17407
32474
56538
76798
31531
32968
28240
2096
16875
97691
40379
1302
9248
34747
73478
64406
68905
45521
19022
30360
66350
43287
63289
65820
60393
36625
85786
13403
83604
14724
38175
73218
36256
53976
51249
50846
60398
59341
32635
52078
20383
48901
97283
86600
41167
11319
57845
25742
65029
8898
16465
30456
12648
78873
17623
84759
89003
36296
40689
27465
46399
61124
28155
35722
64344
95823
19541
16209
30779
46522
41961
3739
35578
46664
63382
71253
76700
74287
49604
22264
17432
33499
98949
4465
63918
4943
39454
40292
28045
20587
44603
12469
93636
50552
89859
3395
64530
10016
15931
71246
53069
71540
57238
68010
72543
78129
92632
157
27084
10464
49208
94646
96563
23844
31996
8494
77579
39030
92531
81222
75451
89371
42058
77114
98099
61381
10852
62635
38238
77102
21772
46298
82062
40639
53498
16971
52926
71201
96916
91941
77996
85814
47050
29639
91136
57959
56721
44353
5895
94621
43507
11782
35572
42248
23755
1399
20338
54643
90231
1549
45346
54464
56429
81149
36333
64945
91195
58321
40480
29712
30821
69719
31735
49743
36984
5506
25557
939
45355
36095
1696
37893
95228
23396
6705
4986
1426
65469
10508
78317
41147
63516
52255
55531
26550
73097
34156
40081
63445
88709
46067
51191
92639
41302
42094
13673
50861
99755
51812
91092
81377
2769
69580
76686
48522
85962
25878
56634
66632
22674
48076
81006
62278
15811
40529
42477
80969
21566
73366
71122
36376
21927
40057
96531
18805
24707
58589
32694
14480
941
14376
81011
84173
26546
88335
69539
20548
13395
10072
19100
33248
44684
74793
82326
17051
69066
85240
81676
47047
47407
9684
55149
93528
48941
7632
60407
37109
77252
35185
62123
17722
84019
98126
76507
89555
60292
36539
3307
53516
24265
30482
28153
12538
41049
66432
96873
93173
94246
28337
32097
9228
60919
26141
61736
47840
68584
45660
3542
46291
44644
9422
42400
43846
10008
51181
50199
60275
97461
65843
868
80425
51788
88229
16393
12483
44174
64661
51083
95290
34434
43018
75465
66566
84470
90548
35395
37332
90877
90355
31960
86838
86569
74747
57219
37044
75194
46435
87128
16103
21190
34646
70434
42559
25767
79364
7672
37347
57177
63193
54702
47397
67060
11738
77340
33435
74358
97253
74921
37928
27290
85875
29964
41034
59793
91727
71677
24448
44920
47072
10288
89042
87170
21754
24677
91643
4453
5084
47099
47829
59359
19558
45178
9335
47640
19579
7646
40597
34221
25018
77840
56316
80936
31700
8449
56299
18661
68906
835
35795
26369
85964
22112
71361
63241
45547
46279
8778
476
31790
47708
8072
64846
91426
83724
54469
92826
99592
84310
20683
80169
48846
4006
68301
5133
19772
4380
7589
2876
93315
40645
69259
19794
14306
32346
42890
25788
99744
91447
64045
86210
4178
63875
59851
64004
4987
46259
18002
6564
26153
93627
3989
34908
75898
278
36474
59239
46305
9394
87084
99264
58463
28040
94186
79540
55829
40813
11285
4922
25603
69239
45575
69739
82
99229
17292
5569
30168
45581
32712
98655
6352
61212
75431
80231
20216
67030
52645
58630
33530
73684
81412
2154
92647
54055
461
80618
16018
78271
22829
40260
57326
90861
43252
33400
96446
82681
62352
69383
36518
82412
67376
97066
76886
18615
89552
23895
70231
18270
42397
31709
89319
78941
7388
28920
31907
11432
86216
7320
29325
62527
6915
4373
75002
67983
19949
48691
6004
53925
88431
81770
12238
95312
49071
54406
12943
86020
96234
55952
35407
97667
65415
58794
25510
62022
40605
35214
82351
40457
21460
90986
60038
36143
56711
73250
80704
95445
48862
35219
8195
63111
20859
92351
61115
22562
51661
80999
95893
21424
30659
68387
19877
39231
4698
71783
77262
54350
96731
42698
96917
63045
9206
34426
89473
47616
64692
50161
67236
83542
41024
97763
17190
86366
25822
61897
40468
80463
22238
47669
3731
31106
61824
95328
62944
3413
36102
47070
83803
33683
82940
5094
22210
11203
34030
36602
37942
97708
47756
16321
64590
52600
39227
40040
22205
3814
45732
64381
26361
75821
1806
52157
39120
59459
19566
95812
90385
73514
22830
60386
88250
37426
77026
18457
76251
26677
74895
80134
40388
45027
63619
24218
11197
1761
12583
52875
23395
41665
17241
50342
2819
985
21565
66345
13020
1737
35448
23669
14080
79230
96205
95939
14403
35133
90308
47157
35145
78485
42999
40033
75470
28686
88911
27945
52483
7616
32825
93183
27052
78478
33643
22895
68249
44747
4186
33232
13259
73533
16673
77871
77781
91126
34395
68361
78307
57935
33218
2623
44509
174
55463
75966
51086
95888
50057
45478
97422
52226
32880
76344
45630
62169
58156
77283
82964
36795
64577
53544
71831
8826
69955
69737
98022
52633
33320
77933
7190
53452
84918
21509
40021
49364
48847
99899
99777
4957
27717
39704
29271
19634
91539
99378
30517
21333
48612
4800
64387
56941
12699
35369
67845
5432
9535
79489
97088
13621
60614
90554
34015
60801
93881
19186
59633
8129
94308
47779
74215
14114
43143
62615
63222
9963
39286
15068
40760
50770
35470
31259
41592
34417
42070
2053
79595
14778
85737
1242
53166
51313
26726
33810
45887
82920
36164
80699
29425
66102
42319
77354
27602
68375
4172
60053
62967
36377
2410
67535
75036
300
25003
4149
33096
37158
29213
18961
48761
71021
19301
3706
31118
53348
6646
17855
55949
90212
89223
24635
60051
86524
92721
29335
73814
75221
51137
31599
34688
76565
17831
97288
88523
29439
33900
37761
73792
3145
17733
55144
57419
50582
97512
96505
28041
85321
19363
19255
99035
9840
14739
72886
76866
65135
88863
53301
22329
11736
90863
50709
55644
34943
53345
1454
51315
82860
41455
73839
29462
60413
88783
16629
19891
77398
31471
59030
99235
16234
83151
63797
20967
78041
61657
48844
95233
78466
42609
46017
92059
55719
4717
26447
50080
71269
49178
32677
10009
37996
84398
61339
69051
42929
14422
62793
87796
84436
24814
15916
78643
4802
68769
44953
71314
14912
50146
46609
81482
75104
18756
43138
46056
8219
69543
5288
74050
55227
49455
49217
62828
82714
78784
76500
36936
87374
89846
74792
71968
5452
98850
97723
96840
65370
91748
92
77772
39568
58565
59601
93687
16153
2949
59378
23927
93240
42793
83241
33038
64974
18389
10899
64243
50052
84903
80046
90059
31774
22001
85554
48166
88643
48980
5899
17399
56365
77665
71949
76657
45077
72501
56508
88793
2161
44204
13184
62580
13960
76701
14241
18134
58087
53262
36395
98345
28087
15689
63441
16025
79700
37813
38747
71397
28044
81134
45493
83755
39146
43216
66916
70576
47140
51476
10825
63800
97936
76538
5986
38504
65142
50700
64029
97545
43195
6327
87336
27986
72088
23851
54213
46392
43191
62782
71770
37774
55409
69675
4790
91315
7817
4021
4493
32919
10485
6659
26244
79178
77924
99974
37016
68574
6914
16758
42041
80427
78177
83617
50636
79839
79778
69973
69503
89192
23193
54944
8707
36002
80563
92983
18135
27974
34707
95469
53237
15550
25104
48557
9942
36340
4236
53847
53259
58645
30409
10176
79567
41023
14800
80379
16002
76139
18497
73916
69705
3484
36946
51204
1634
21593
94681
72370
90508
95491
60682
92841
13274
84634
72247
13016
91780
7762
11995
46520
70919
24285
41095
62599
2773
97396
10354
66143
13691
86025
77810
24676
70393
91801
87155
11792
25463
33786
47720
5486
29543
66196
17768
5222
56427
36168
2299
74037
51021
61712
58941
73681
20743
81631
15335
20358
69963
38518
64375
21162
50959
60035
45120
17979
73970
6238
58153
57572
59133
88138
71656
99889
94020
78783
49917
68618
34173
1410
77172
51438
27793
76362
32823
84628
18438
55243
6584
16491
36593
39860
42220
11890
94624
93664
79918
20294
66277
50870
81736
80473
54107
79389
85753
18521
4109
93829
88729
76155
43148
42051
35617
11335
73504
32234
24353
83531
27299
58291
30296
81359
39481
51927
76486
38282
44519
19628
10060
8560
29677
11110
39215
65059
58059
3339
2961
20204
32871
46564
58184
70282
47745
84831
83593
50462
48367
8137
35232
9012
65488
14607
63662
15305
7759
35917
86311
21639
59003
62423
25831
5633
28649
73847
2698
22029
55742
35663
73211
94259
54663
35582
18161
10240
56085
49300
61622
49376
29348
89008
83399
88753
93485
7282
60812
54426
60457
56932
62693
73160
23882
3629
54275
55548
89325
93398
82092
28801
68289
32746
63477
49456
62104
5543
64615
35174
52398
78020
28545
48950
86150
57732
29341
18154
90177
11161
62865
20487
1606
27370
63821
52921
59404
94402
75069
75492
9809
80732
54307
26371
27848
71652
4464
12671
30013
98291
95318
46887
53315
23020
58660
7446
80348
2081
2073
83881
83974
20028
74259
487
30267
96420
83340
38999
1544
84601
56030
80210
7444
92628
85416
12055
29780
68090
19716
9284
37064
27101
90436
89541
52020
15353
61721
97297
12867
13138
41093
57068
28707
25052
80833
13000
73712
47796
49642
3931
55552
97678
82325
40059
97868
72459
87298
23158
44400
56934
41582
36025
89951
39460
91027
48393
96837
18301
36343
84851
64145
69277
91679
12528
96603
67074
47834
66354
36142
53002
98011
60389
97353
51236
83916
28859
28421
81719
25893
17838
28758
92918
92492
35151
7094
70941
13060
43574
55876
44583
7556
13229
49537
90773
73597
72488
53624
8871
86579
28723
68655
36498
75619
63647
78379
2026
53235
78909
30392
39649
85035
39434
78374
10210
95272
4457
59245
17057
27471
10641
61860
7229
73636
22842
49266
15971
87996
2114
77981
57857
51761
76620
32638
67795
94118
33660
99812
55326
74304
23215
30110
701
36224
68872
48780
41757
30969
81375
27228
73719
91397
14387
54740
40672
21666
74003
63685
3016
62412
46675
3077
69712
35947
29880
85956
2897
94129
7747
92470
60298
73289
31775
90406
99011
13782
39505
99038
68061
74415
45431
617
76737
56455
7412
52469
42300
22949
99428
63287
7279
15937
20157
5755
24263
6711
4376
59712
71244
55439
87773
5344
37322
82632
78425
35693
51662
23322
3501
23104
83953
2296
21471
84878
40007
7725
74372
64997
11469
74403
14929
36978
25327
96026
63171
65322
49246
83424
69031
99328
23757
76217
34245
62523
93919
45629
63094
71793
39438
59518
77703
31102
68861
45567
93855
2460
37480
99628
54015
64817
4083
22885
20045
51990
38285
71667
27264
37380
93102
13384
89557
32584
27570
44860
8014
1895
64277
30032
4075
88737
40414
43687
96529
94068
24587
37926
69008
29307
22900
28512
20920
66927
35321
40606
54031
74183
67688
70097
28581
55377
10101
68947
23433
8150
21708
55971
61081
2496
2864
9905
49638
65638
49823
52603
17003
49674
54811
1209
40056
23788
38137
32766
33956
16075
42172
47418
73185
42274
27225
20222
21422
98288
18991
86328
73625
93069
37326
26056
19131
25600
24742
34663
12445
85050
62130
28704
27575
90756
84495
77034
15856
46646
8336
13949
41594
84492
21943
55155
98514
18391
60444
20310
14274
66100
44173
31367
84190
37743
56831
29504
59820
11655
40084
88528
57172
62270
964
26374
60257
21688
32352
68895
5123
45467
87623
94702
68365
32064
54455
88918
26984
28210
30763
35581
90511
24984
3178
62936
5991
13830
38260
36718
53726
23889
37681
2923
21198
8002
3153
39469
71327
70372
21530
59617
68057
32576
17798
26920
56028
14955
42261
47786
60664
80010
4681
60631
4424
69789
71502
73630
79321
22408
33147
52397
68840
48228
4028
46207
32009
54138
33302
76426
66869
73471
67310
33540
89694
91777
47004
35588
95515
96534
6234
10111
7357
30441
77533
84807
36665
64057
80742
52068
33119
74986
94423
90872
34320
44352
30293
99875
82741
83060
51126
73951
31168
92617
16566
50613
24091
52604
99409
86057
84408
87820
82797
20993
19511
14896
10706
17174
36236
95456
83381
93529
26681
36825
26105
97459
86463
90109
57094
44205
64893
12752
95273
99402
4741
47974
23046
54579
2728
2302
86858
84659
42314
9139
52202
98405
62038
12874
89673
6296
64841
54515
98608
23794
55864
23874
96107
68214
71483
56366
81748
29308
68272
19864
18003
61586
38619
85407
98426
12053
70680
59695
27740
26602
72190
5707
51179
56222
56598
32972
84839
52560
64832
57848
81051
41541
89635
93995
61602
96964
6623
24349
71743
98552
49262
80815
50158
71705
54490
33784
84075
20530
82716
40612
98085
62273
69329
75412
14608
83360
79997
53981
31521
43485
6547
61420
73589
39973
68308
65316
67147
98180
77848
92035
27619
22571
99488
8404
72889
72836
61902
35702
37418
41410
94172
61308
80719
45819
67175
33036
13720
35575
204
93038
65109
8284
60001
23706
1082
47011
26821
65835
48388
41861
40144
46783
20526
24472
20273
7592
301
8104
21267
60595
86110
21121
66727
51796
56198
39195
29709
7949
39785
13453
97692
11392
24192
29568
55541
75029
97012
75956
45375
27073
64824
29888
81817
69663
88492
94605
13062
58177
1401
73992
10743
96133
66285
35511
64787
31216
85006
99384
23677
87107
91739
66295
50762
88576
68475
68925
91612
37632
70988
26539
15272
52969
4432
83346
40370
90761
7815
19493
72038
8078
91261
11037
94127
49907
90064
38473
27892
65116
21289
25305
10380
81297
84850
20074
86503
51966
95679
39565
8924
41185
86798
96907
13354
41801
21977
31242
33682
75233
79713
28725
59211
80608
21988
76302
30998
27572
2890
11983
84357
4906
82006
16654
67923
95820
36744
28230
39863
22742
70612
61323
19773
33655
72782
52522
6952
12111
61416
38545
95148
2297
58964
22599
38333
3516
35406
28455
24104
41006
98162
6762
82232
59787
99942
20034
92271
10384
91964
56375
25424
48882
91758
30001
47231
2390
51817
49987
97172
89522
46588
69357
28129
29485
11991
83021
57984
43387
11157
35361
19555
82792
87962
56749
25365
11217
12140
48024
73476
29368
69118
85030
11824
60644
7071
58050
42401
22092
31885
905
67484
21979
56676
58191
47257
10598
40663
5547
69778
44421
22576
92180
15537
16473
76768
53037
36163
68859
78949
34733
23970
24127
64932
77960
71374
57991
17721
62970
54182
46605
55059
51322
51243
99699
47088
97343
45261
18806
77141
5239
2260
82383
67775
12560
68616
56135
42751
79983
12990
41442
76346
90913
55371
4598
64940
15502
28645
29403
54124
88288
87461
27931
89188
27897
23174
91516
60265
78159
14860
97781
13322
70217
52165
65538
19266
28879
45447
975
73264
28716
63525
20127
63454
42558
58006
76437
56370
31654
35280
24811
87533
69535
47364
7339
32610
19689
9333
35647
17956
42731
26547
51919
55128
72167
68952
43587
18659
90724
22156
86761
29079
719
62427
97904
17937
67567
40806
80332
28687
19038
78951
91400
53695
51818
39416
11123
62755
61424
85895
69867
25058
67219
45125
70663
56200
45690
90069
72397
41060
51141
16984
83694
18130
3443
76010
28524
17440
39578
97480
17430
84055
27688
47966
69194
66518
91998
84713
11449
90604
88441
42917
21814
10570
50333
76316
8812
49692
90693
9241
44150
91086
401
41689
90399
48651
89216
7488
94103
87803
84952
62398
1510
64030
13557
8293
99374
1272
51619
93408
38405
97432
55228
32892
22241
19707
6218
26754
80359
33210
46167
15889
66307
76921
63938
17899
55556
71925
84607
51009
46790
76959
62691
78017
47002
3848
78341
43538
19400
28690
69454
92019
948
75669
15318
70094
27036
66943
79212
17217
40360
18406
88239
14157
39291
2352
35828
84452
354
74341
83417
75776
6159
79758
68401
18416
95168
31756
45565
81750
33755
53438
56712
13971
67683
27943
16055
26661
41354
64010
4880
5320
93767
27537
99292
52958
68286
58505
75633
7260
17067
94639
89270
37581
20291
86090
98598
19297
77567
97562
31239
99085
41446
72864
80538
63418
84631
48636
43380
76022
39769
10216
72453
17130
21761
45370
42000
89988
29419
91660
44154
72219
68403
77793
32189
50840
725
64007
10168
53854
45233
57076
78879
85801
46760
37283
76478
10946
94887
26624
28243
62259
95868
24126
85958
67009
67150
17965
13507
79830
13873
57044
35523
72057
75062
88377
28331
40441
19725
42938
8291
87583
71583
40880
79110
39333
5391
5258
9654
55938
29198
65075
1007
60022
89364
31810
26551
34150
34144
10071
72002
67874
78725
40519
54704
5714
39698
58411
24105
27993
11041
18915
46725
42943
91984
62406
83664
49687
12173
81966
31788
87256
94459
61895
23603
78747
89346
66771
79234
37151
28258
67718
88079
90676
65630
4410
37819
31766
50905
21496
61658
69244
24193
84162
28636
27712
53482
93270
315
65545
7121
42689
87359
96894
5699
36038
59397
66249
90303
77822
3324
96764
97747
9971
97988
19111
5795
1957
39098
31739
66664
23009
53013
93736
71735
44388
90579
24304
28302
87089
3862
21478
54074
26023
59586
38231
51097
5705
57414
12739
78245
62980
95740
37362
36933
16537
43351
58595
38251
72287
20696
7263
61266
82168
2008
64261
10237
10352
82507
27011
14781
18625
4669
72151
36352
32887
22371
72015
39801
93666
74960
47675
8118
82270
83889
39402
31828
62433
26618
52970
48022
40391
68916
74724
27080
58604
22671
90988
35435
25458
27414
59221
27183
44919
89519
92671
48277
65857
45278
16782
67368
40248
2805
34843
34293
27067
81212
59916
49525
99207
4527
58678
37796
72354
90895
90137
72385
48683
75250
75227
43990
4629
70007
28782
38623
893
83239
43788
24233
94676
5053
8868
5265
3287
49093
18115
39736
7480
64835
83834
9639
15678
51952
67602
62857
50842
25367
18960
58445
20019
47327
12847
41208
83545
42594
32615
83643
94511
62574
56531
25872
7654
55553
76750
85855
8070
74714
74110
74517
31802
32521
52999
82536
87273
91363
36942
48946
38960
75659
35838
33353
9148
24640
16014
2233
3806
57053
77984
96667
99230
41664
69376
23988
75380
18188
87876
56518
20656
85967
48649
67847
56045
8859
84192
47749
46742
89312
91501
5026
22315
99000
5315
11423
75379
2253
8226
66012
12197
95599
70866
36014
9993
17325
93820
17106
68989
75566
29179
5349
31302
50227
40011
69279
45561
37168
54034
32529
44752
2298
83989
27059
35065
10676
97085
63781
46456
3248
95391
12744
79697
65668
45818
46124
8962
84471
3056
84054
67353
96885
93053
44540
65996
17378
54042
1064
30573
27872
63826
64377
33988
97232
26491
21058
30816
97862
52771
13221
35327
70653
71129
53138
41057
44034
27435
76899
91994
551
9456
49651
3275
43962
24991
54253
72762
32183
47839
17219
66841
82265
77892
24879
88312
95693
5116
24297
63080
17832
21447
96410
70298
62773
45340
52238
47345
95706
39033
39345
69807
39818
12604
33047
32707
85247
22912
38684
52298
18999
8854
52931
18116
99988
36016
70588
19559
71552
96163
50601
27880
20815
26802
14758
71408
90167
55781
5851
77044
25252
24317
85894
54419
85992
2517
49974
41822
77909
85691
59311
84047
66676
90186
16706
96987
1653
25704
53897
37305
67209
21249
88479
25803
51220
95240
65000
85069
40572
61403
36806
34689
34224
58303
36716
5138
86947
76271
66347
37446
98496
15206
4909
78984
80049
25005
88819
86812
57449
55712
50425
74447
5722
95113
78209
5
55720
55249
70147
85195
22888
67318
62208
97819
35025
99491
1143
77393
71951
58705
99962
40322
3174
37197
1862
22075
66584
39645
37808
12498
73032
72800
48240
741
15375
46565
66192
98793
33679
65449
33347
79312
33100
66753
69626
7120
63163
33567
49218
91406
53963
83860
33377
56150
69787
84305
97332
84835
35598
13606
63405
39289
90514
57721
47392
51710
36887
25372
85831
61590
95574
21443
1092
30581
32176
96160
47880
21587
20998
9347
98847
22133
73214
64285
50882
99458
55606
39057
75173
35172
28925
35132
20467
82104
16863
87628
52074
76102
2969
32533
29674
50705
13002
96356
61584
52204
10581
2463
3937
55855
69740
51449
99431
18964
4905
12627
71858
67830
81233
44768
60972
57415
36893
9082
76395
92498
20298
31042
60737
32150
35903
7551
34633
87528
62155
48061
98038
19046
70842
98758
30520
84290
52571
55044
14329
34451
28881
57659
13642
90821
8108
91621
3508
6246
927
56739
14513
44367
15740
43394
14933
82845
53806
98688
48458
74331
14377
50969
16789
87654
20892
46122
49750
74777
1514
56966
44258
24479
85566
89973
16220
23182
41893
23494
54627
93300
76532
52014
57030
7213
90586
13007
77925
67594
31944
90813
68623
91827
24163
64752
80172
82011
53400
39784
64963
80633
13836
17720
19584
93365
40120
91473
45314
68811
82385
91055
31485
68519
63892
63722
11527
69647
86978
83995
69183
13430
3479
36697
31694
25417
46647
84209
46542
13894
83437
3481
3129
73747
87190
55038
4818
53379
37355
79805
30246
79184
83217
74647
68951
21905
78793
62767
96403
12427
28196
15008
6084
3750
13370
18146
21966
92894
16034
82675
44354
62017
76847
26275
49030
96318
67187
39944
26937
63365
4422
96751
9703
10582
15260
51351
59571
78858
75632
41002
89907
65632
92768
36770
24706
63430
1246
88238
57974
43606
83277
19909
67352
19298
36827
67990
6192
42047
24195
9428
4621
80503
3078
76570
87285
24121
79197
34852
82974
7000
66128
81328
68702
79431
21470
15551
91611
77742
32331
17331
16968
87562
71870
95643
69006
31495
37149
17196
78601
24609
59808
82717
81726
66712
39643
51457
68291
54491
31740
98468
37433
90853
6896
24653
81854
28910
45239
42802
14201
65758
25653
68621
78609
20046
62217
76933
16132
25678
37454
21575
95249
49771
83671
36914
14978
3900
43039
19306
6972
50745
75327
60194
6219
72216
16488
12054
24256
92789
56353
98137
87013
58769
9270
74394
71941
8030
19551
805
69425
52241
60052
80718
13310
46748
59595
91416
50214
28340
884
93548
12440
50615
34999
12897
38422
26737
99526
98537
5827
3050
39589
70538
69468
27559
69639
2569
98831
54282
8901
72435
66680
99371
51593
7543
88289
28744
70909
51633
47008
52754
40211
51634
28918
89376
74286
10119
43926
60829
36241
99004
6744
19179
8468
92388
26672
57418
40478
18238
19002
57524
46210
78791
55629
30051
48437
95294
82983
70711
25351
13149
36874
2290
24949
90616
77339
70601
72316
67148
51770
25101
567
63088
49253
77837
1288
71510
94059
14774
75521
19826
5618
49793
27555
7020
37755
92149
77488
76133
65785
93150
59777
29224
73015
74968
94505
95697
61389
1943
57498
71681
51939
45681
82341
39027
95431
58767
16474
44366
46720
25968
58844
72993
37127
48446
81791
42553
3713
13590
7968
92125
87479
80464
53420
96721
59117
39500
3745
75021
78070
23206
63261
47592
49804
79030
90569
23487
64919
30460
95791
84582
11982
2850
41043
80428
17148
61950
33792
62955
80373
37828
56339
95250
57562
77476
46982
76836
11425
86187
18490
1524
9643
75326
88191
25295
21740
97148
79552
23240
38758
65774
56559
6738
54511
93689
17818
72101
58364
16974
14461
8505
78249
93582
86300
56063
49445
16969
5652
88910
38869
72628
46425
6587
67550
26067
77570
61811
26434
83425
28616
34353
54478
74531
60220
28189
85443
24750
84775
87212
60699
81449
36499
97933
12929
67537
12587
89449
42210
43355
39620
12428
9772
67680
68785
91561
20306
74392
90456
50355
93047
80056
84010
17035
87322
57583
82991
367
36902
26775
17009
99826
44064
29673
32305
74281
68535
26748
87586
6919
51513
5775
7267
23161
99021
97619
85494
31206
75483
37620
25882
73737
50951
48401
78835
58519
13924
51663
13610
16733
99483
540
84661
35114
83040
89881
50907
77000
49431
96086
82436
30280
58518
53585
45030
27000
52988
89530
36598
17116
21191
17522
43828
33441
63870
32760
6747
17172
63004
16176
6253
54488
47294
75464
32695
43489
82929
27192
96832
28190
87144
98239
11296
91483
97514
86097
21275
1480
80626
99508
69429
9079
30591
16182
7473
21077
31508
73109
80753
89779
70207
63728
76452
54501
51136
73904
96164
90155
37726
14132
91306
11153
93706
70266
53179
77687
83369
76118
81039
93004
22680
21343
45608
1075
10601
62703
61186
37174
87602
19802
59938
70726
82467
8266
92411
28158
84123
31345
86646
43597
79915
97272
54906
57161
11528
36473
31625
23741
93822
82480
28025
191
74198
48172
96975
14734
2598
90528
93499
80218
43872
60721
86180
38073
94747
35976
19303
56181
699
48767
16791
34657
71601
89274
93816
21239
28120
20847
38106
87104
15304
3051
26181
71191
50890
64509
68666
48063
9446
86182
67271
44227
89887
1172
46412
72341
25148
92765
66779
35953
99470
4647
42665
86880
65678
98757
51983
67914
71821
83388
65111
32056
7462
67210
30337
55915
26006
27169
48007
87102
56078
25504
88929
16742
61364
38047
38195
31660
27515
32548
10713
99421
89917
31498
67387
31094
85220
42622
99024
68675
23358
36503
65566
45869
44550
32455
16501
8277
94698
99030
82958
19557
52914
99477
96169
47477
65759
36799
63283
29937
15343
35229
57084
27614
38271
13252
47385
1434
92704
82645
9725
77991
72441
86496
63288
52861
29610
27089
27851
9290
61288
40604
59925
25186
51986
30651
15616
74176
10574
2102
3522
97323
14952
99583
6373
72670
43455
68358
86377
72235
22924
43705
27723
32653
40342
41834
45097
9650
38037
17961
42773
12658
84595
7192
57110
25838
61936
12580
29934
23529
92025
72478
69992
51691
85584
61996
48435
34225
36932
89831
93001
1023
48479
62707
54935
91962
63179
77490
44781
42908
83529
32251
3146
15772
44295
76040
98361
78019
55823
7397
16508
94015
68063
7008
2791
77119
97430
46378
20958
5677
81086
20402
59251
73023
65827
71305
4068
67876
54992
87441
64379
74608
68936
95611
52253
59561
49394
70551
56451
97832
69288
57549
36197
85625
98408
52142
39717
69834
35834
13463
29774
98185
21513
78752
2697
9834
9131
11254
37308
77146
65081
54200
73868
48757
31747
49579
30030
76691
22250
30442
95876
79113
5029
2536
43023
55798
26990
49020
62859
94009
6217
3777
18555
97341
19227
88246
42107
86780
18768
86844
47861
8562
77268
62011
35417
71359
58019
46292
10191
38244
84682
81768
16684
76122
49581
26477
67515
35464
18460
71516
73710
85617
42683
81230
81815
97303
89444
35724
2398
2211
2162
70839
57867
69747
28574
8658
59606
70475
59289
8954
435
36030
47274
28840
34990
88559
99997
4274
54933
2644
69352
83263
32030
15816
742
20929
21428
97138
55002
45999
87914
73090
92621
10412
63359
24002
86996
75864
5129
26671
25609
82243
38036
18840
63512
62018
54226
5637
77251
10410
52792
49932
34279
98619
73798
70020
25851
47923
25015
62770
66457
33702
36081
99228
94049
47052
88957
2810
59305
23766
1113
13454
62494
21882
33185
95241
71839
54890
21449
30686
5307
20162
42007
87770
76159
68303
99941
96735
45168
40349
90393
82320
224
79620
37842
76871
86757
26014
64036
97248
85036
98518
91830
68373
75529
22277
16146
77333
79199
59523
356
99100
18427
11025
24810
42540
88054
6706
67743
63641
91659
72013
17068
91368
1056
63707
72122
7568
48445
95501
43396
29725
94337
19638
9536
60557
59292
82980
82230
10895
67972
59274
86487
69200
65237
90196
44528
17314
56684
39658
62090
48242
41503
68822
33112
15983
35533
76848
53047
25408
70102
50127
24778
57953
50385
22843
46610
16216
46439
44943
16767
44196
30009
22065
54362
20629
97366
27128
99066
27653
81007
86450
31850
45452
31832
36321
1461
27137
98122
64325
49900
86516
5226
66176
68547
59583
37792
1372
76945
28451
71669
3674
85300
55091
20781
33577
86807
24839
48326
10661
96633
5019
36264
86140
18316
23314
16943
68697
24485
64876
53116
59206
137
20645
38103
19415
98884
27006
85476
60252
70835
83615
42998
52836
55384
22091
77091
52364
75744
92610
73957
19968
74316
29562
9376
2516
71471
19226
51113
54162
7719
18030
41577
50742
51554
25568
42436
72751
86832
76521
33803
41719
56757
80766
35501
80696
22495
8829
93291
88590
75008
88515
51172
4313
85725
71170
17889
19764
7810
18273
47138
49547
55586
82287
66095
35190
57983
81959
52376
92397
37568
34145
99439
73
79052
59408
45229
26845
35245
93010
88734
11491
32421
81368
4107
75100
13308
7593
74165
77735
22150
88244
1418
66181
19801
75080
93215
40757
10472
49019
45284
47384
5905
88181
94656
14493
51551
38647
90114
33183
38046
58811
13231
40333
90689
75223
52366
93624
78660
35063
63321
43152
92384
28199
92155
25278
2606
57445
99956
37890
62005
41674
88659
32974
50511
74907
17935
6923
76253
85230
8566
88779
35701
19888
416
45977
15511
29521
62916
15236
33489
45421
80341
35095
13726
41349
19759
5609
18404
65923
79269
43330
42874
53109
58055
89969
554
52244
49555
57849
28825
12949
89146
29359
29037
95514
2065
41590
23949
72476
72847
95091
74456
86576
9746
81947
37210
3221
69021
44408
91448
98515
75595
68522
20289
28560
8088
58228
7988
4041
48199
90855
85343
41164
23164
27283
69875
1971
43308
28532
35092
50145
66973
70126
57910
38839
26086
13818
18662
4180
38179
38580
2035
52347
87460
34828
95295
87032
51002
76353
85366
18272
2206
74825
40875
13439
51148
79979
3428
75711
65438
29134
62934
20617
4924
46325
55560
29827
14211
922
4978
81125
88152
6481
24339
83486
12215
72315
96736
69365
14666
95513
11595
26777
45307
95345
1067
19459
40019
87467
16564
7408
58224
92700
66573
70552
54715
70123
85924
68243
48505
13374
93580
13390
32525
47272
98419
39141
17748
83736
17502
55011
69470
28996
56267
66428
89272
63960
87510
63910
60344
73094
5688
21995
91709
56414
46284
55818
48012
20178
25405
73361
27438
73894
77214
28995
22492
25316
24851
2192
23417
10179
35512
16322
33027
36955
84300
2226
92951
43335
26173
4633
52569
49835
39548
42337
63636
78741
55233
55600
94946
58478
78490
43153
2739
70678
69378
80310
21174
45981
35457
92635
88357
90635
83234
98800
88599
19349
72173
83546
94830
29807
31379
7407
87079
38618
28863
84232
64842
92142
7761
2242
95407
53164
45907
13931
82732
60914
17710
51055
76975
42250
35888
30707
65308
34352
665
27286
83087
27476
43112
69130
17758
42969
16600
77632
84734
1203
62553
51216
32080
10575
36588
67730
74317
63132
68819
47174
54458
22168
60850
29726
10271
77999
88509
50300
69967
77131
70214
64651
83832
78764
73279
33969
2443
58062
54891
69389
42694
54532
68708
74860
967
8244
95554
68530
60587
41192
74682
99719
97979
85361
88170
54187
11923
69188
59079
84545
61731
80483
68926
53603
80119
25404
22772
63843
30989
91064
89075
23064
74181
54363
42509
82488
67197
54883
18091
17162
50168
88106
12936
14116
80044
10212
48057
15805
33355
74186
5261
2941
67668
43637
98710
58238
65562
69591
61184
67620
10808
55213
78571
97264
80865
23498
91803
45827
19198
25524
72274
62366
13858
2973
53046
69405
95284
6396
82256
37694
3881
86443
96510
89380
29201
79588
28094
16366
67771
29949
72346
35177
89230
48721
22296
10378
43359
26511
83401
4575
31918
57243
23501
88096
87205
53233
66933
76801
39907
98110
28395
31746
13477
28479
84368
39188
2359
40807
57114
45464
39712
3143
27957
28095
51212
79989
15193
10391
61243
30483
16117
7699
18344
74954
23644
86499
50561
20066
14741
52995
85900
88565
19199
70221
60224
12554
73473
28007
83793
61172
85716
14325
51268
45391
82973
72502
9063
7123
40249
22299
84608
96434
73155
70906
12522
34823
59838
77950
1489
24566
69822
27402
86491
65045
58486
37114
43270
27161
71520
70480
6350
51353
42561
67131
15857
29268
26534
35899
69521
3930
328
86741
47423
1198
29064
69902
27769
69272
85571
29702
17799
27920
3807
12659
20698
13702
76855
82205
75810
66087
71113
91868
61928
74149
72004
14141
68607
83011
34393
70380
81389
25760
52615
894
59389
27518
82726
40270
39915
72635
96458
62021
1301
10040
6948
71365
5868
42995
60295
53220
60503
37025
48643
20143
11350
2185
33410
2080
88939
72596
76457
94824
10873
47531
8374
55917
18282
40386
82934
22261
52979
58124
91526
80212
23515
97526
11984
5771
2222
42016
42735
22878
72063
81939
57865
88952
26704
90815
48305
76367
20685
50420
2565
10078
27277
4556
39330
96030
94450
40710
97265
66595
34248
41277
43894
20898
16428
45756
35524
45741
95428
71180
97713
92629
89626
51263
76443
74967
1960
42186
91319
2682
70085
69695
87845
94495
86562
85631
68441
3790
79280
56266
92972
81003
21098
27940
5044
59812
49043
18424
42493
98134
65765
71078
56839
600
26926
66979
74036
23660
88650
37624
44574
85667
64631
83547
79000
16426
50268
52592
85677
8883
39319
92515
90564
26504
27562
15771
26826
87565
68685
95265
50518
433
78348
39603
78790
39292
35186
80917
94904
67390
27468
41456
1074
1637
35008
93937
5505
99321
75164
76183
88589
8549
58057
60486
91157
80677
85432
61623
84749
3330
8666
59967
17751
43462
59996
79367
44775
49142
95461
22986
41985
64663
37201
13037
85817
92348
42970
9143
49084
56402
81283
20311
28198
23099
49219
94928
65318
18367
10896
99067
37276
79404
17027
16110
37156
93589
31716
73161
91411
16483
89861
20426
76523
66096
18638
89117
57191
26069
74692
78272
81935
908
13786
41171
65127
67156
13676
41319
47636
18096
21489
34761
20254
26281
18313
38483
89805
28963
20008
79449
12249
78454
96060
60208
25318
82251
18418
85108
66949
60452
39854
57410
56385
77022
52923
26262
56096
25061
47402
75531
2216
43732
65690
84733
89878
64746
98702
36524
31009
80323
5109
23224
21225
37232
1436
68342
49333
98438
41343
87081
55690
46999
10541
29050
79505
26787
62322
79743
69909
16909
84657
74109
15961
96006
10148
19506
94924
72741
39185
79797
69971
77942
19703
15303
29810
98579
35560
60264
54232
94525
29073
53582
99845
82298
5857
10223
23799
15895
16977
80549
62954
63047
99926
32207
92507
60216
2388
14072
24272
23198
43066
87293
28726
1657
67401
35313
72
60961
64736
94541
42148
458
88738
37024
71235
41911
67013
64877
48549
27034
76741
41465
51516
49507
48216
12171
47776
49111
48535
11300
62528
55817
23265
1762
56252
27724
25946
88877
76719
13536
44729
12945
76813
14170
32833
14837
41028
40996
92097
94494
6457
71559
74196
61917
96666
94763
12873
63665
17541
33967
39210
9209
50590
75736
66358
93662
14551
84724
97741
56693
67610
63066
46027
67354
72539
9585
44017
79503
46741
4584
15254
59591
77302
17617
22879
18671
13884
70228
40330
16612
77946
79948
87577
26488
51744
36201
2554
20755
19001
66759
27720
55563
39926
21477
29401
54261
24745
55041
22905
66786
23503
15850
61870
89576
60339
38160
30991
38089
65481
13237
4531
47661
4522
19929
51473
31140
23464
36875
46962
29058
66467
42341
40647
14863
13751
78263
54143
87278
20525
92794
11445
27350
66911
788
33205
99476
22844
45882
71422
67059
97649
55325
73807
21345
83987
64512
65032
88596
58424
93532
28261
36627
96192
73685
45739
38609
40824
37861
5046
38997
30721
97902
39495
68228
57676
29363
17529
96399
94483
93429
98723
83096
62151
39202
8665
6929
13244
2235
44907
1091
78561
21517
46691
49277
43230
39511
20710
89629
35128
6226
27395
3068
8152
41713
5698
49346
68818
43609
40293
2551
32607
61371
36703
70470
13686
10188
72532
11764
88849
69721
95188
56497
58453
32959
42654
48243
52691
99286
91202
65334
19650
31406
6808
17095
91900
40804
91384
63191
79131
37526
64130
8987
64859
40889
10729
67439
5865
16795
14856
72600
53681
35869
7904
32347
1320
35905
75411
73280
96256
65317
27828
26589
46521
9529
91652
40309
4831
60492
90999
78705
95020
98607
48074
41368
53541
50354
903
73548
88790
33852
94409
65962
85534
27579
87889
7440
53443
12616
215
53152
8168
28219
89740
2993
62390
66460
45655
11549
93740
76337
73084
66514
90505
90495
29743
25100
45654
59104
77168
61618
52024
96014
42127
92468
29446
34932
39336
5289
79288
72319
84446
5648
53374
93118
87827
9530
38438
47040
12783
4902
45283
76031
7849
49648
55977
26108
61050
96725
71190
68576
63354
93392
55304
62440
76894
12263
41226
34147
88183
41359
12513
36732
38375
45854
19951
12456
11807
41435
70935
75892
77020
58843
61530
12750
46920
80206
2431
44132
6843
10423
99268
12776
50062
2919
3582
21663
28862
48084
71474
89638
39571
55741
7674
26310
40675
22781
93871
20401
57545
23768
20312
56651
60029
6783
16945
49073
48640
3062
44093
47312
34592
35626
79183
50672
83248
75438
34181
12089
7103
48981
18017
52442
53029
74086
73981
27441
39465
52869
84535
9415
2818
39154
37277
7129
56193
5791
79308
76965
62621
21266
6473
96596
48036
44877
55407
57166
43631
20146
30577
16794
26296
2948
95207
41601
2274
29858
24135
84742
31838
39981
10717
72344
22169
93701
88805
59198
9490
73975
24283
38563
97960
20139
82282
89174
41862
4348
18549
77407
58429
15517
19094
91588
37754
88594
85066
88743
30896
55029
43869
15741
65055
3064
98424
46981
83913
46531
52838
4503
62996
241
39573
72471
78289
74864
8372
92176
87006
63126
40133
77795
31529
52454
65527
29648
73518
31307
6930
18225
76576
62678
52305
91896
10181
5473
14467
7526
37108
66579
7276
77270
12358
63639
37101
7239
65027
29785
55831
93674
1488
32386
82071
25228
33
95518
30897
32632
46510
88159
5280
83648
65475
9065
51405
35192
81519
46828
15282
34753
85445
50661
35527
45133
1807
97558
19908
61915
7152
42879
61974
82483
3125
25617
13808
9322
13967
83228
58657
92022
11412
85648
31715
51106
92141
87522
471
29300
46644
4211
32859
69355
97048
9591
88298
94535
27532
56964
90336
37923
60227
22381
89668
78622
89563
61752
30369
25433
32096
81372
89761
81976
36446
74908
28150
18247
9935
74549
18935
43639
60488
94721
31557
88273
89009
82317
88211
92185
53561
1507
53371
61916
32108
16614
68306
78559
91096
6486
8310
84083
72046
36920
2691
87971
96053
56836
11182
89281
3018
65893
56199
17892
55272
17467
59027
94145
76660
95049
92023
30742
69790
95840
74001
4938
59721
4982
49976
76524
75612
56911
11228
90700
54407
29594
2684
49983
62712
72595
42778
36853
78315
12297
25137
2464
5323
48835
86370
96857
57298
96290
36221
97041
45844
29867
23547
84991
73882
39770
15285
77785
50340
45028
97281
98967
46034
54142
17315
74408
50540
24641
91278
41746
86716
79992
20558
56502
22157
40483
48119
78037
85157
15313
81157
69858
83442
32613
43178
49615
27747
18292
19611
81265
25121
46074
88540
99815
69710
94266
54578
37503
52446
15400
94142
89201
29692
8938
96374
75229
78768
68583
20955
68837
99933
37834
92579
80805
74558
76598
83488
17061
47860
16561
65357
72691
91982
45299
20646
60450
44720
64434
74879
62276
85514
58607
37079
64456
23074
18411
23693
72893
82509
59962
51381
98157
33841
37673
28852
35940
19778
28086
13932
69441
64532
60131
19137
49259
78740
77535
7799
93893
24454
76203
62256
32503
26338
99296
23388
37045
24808
66674
12889
66839
48678
49921
65350
37381
32905
27256
70458
58612
62040
62337
50570
96281
91383
35794
45338
32801
81424
51723
45212
11304
40486
48956
2254
70838
8439
98051
50723
88083
41450
11487
19125
81123
21487
84833
80919
52651
38855
41730
12050
23018
77767
43941
45962
53141
54110
32353
16310
28646
97130
70030
97255
27597
75699
92649
16978
89833
68847
40410
80535
26183
20076
68392
67229
49189
92646
35263
43896
28861
84306
50163
7657
88342
38557
99454
82405
71332
42948
41384
15924
59005
35666
51883
1792
69805
77082
78277
93628
68386
1910
53786
89792
1670
83662
11359
80277
31926
55753
6136
17524
51907
5718
66391
30188
18885
23369
7217
14145
71608
77803
19212
19828
64968
55462
41428
89357
88301
62956
44322
51033
75456
23930
94122
8532
40450
28161
34141
49736
89535
24150
84577
89549
55668
44835
34284
5641
57193
70701
69837
75488
43834
9695
12278
33322
39783
20408
84327
39394
72869
35530
49132
1411
75534
17719
24826
43935
75216
28448
54964
51329
31512
62606
52032
74226
34009
21322
91470
86410
1854
85669
29234
41274
30493
34768
96364
32618
88898
40487
88666
12484
77106
65072
79656
22276
98175
66190
6302
10906
41521
55453
61330
72311
51560
42564
3342
78661
39366
59414
80086
18340
98573
28113
39206
95441
99565
27452
80237
58180
46047
17451
1333
95136
230
65805
64202
78089
38718
27576
73182
74356
18939
24491
85453
6168
75761
43038
85685
11745
81207
79831
71861
63515
32271
39313
28266
23646
63791
90047
25238
70327
64088
18535
80288
91066
4479
28264
9837
45070
62453
22348
67751
12106
16124
92559
16053
80891
34047
9806
81317
18444
81399
77800
71181
74923
21403
8824
55254
16300
3695
57516
31067
40857
53057
78083
12240
68557
90063
15679
56583
65296
21251
69331
5422
9682
87218
75046
50408
86067
3162
58539
1777
89862
27705
52913
84217
97035
82148
18713
11699
8888
96763
58503
54555
86378
84138
77623
22706
62127
12399
56185
68598
73282
82847
77137
90329
61252
1648
92926
22615
12118
41945
16150
89333
43488
36917
46878
10674
60958
33559
23699
43186
68357
83526
36826
29194
87566
33168
39468
48344
5437
36589
4242
32544
80881
79762
79985
73599
78369
30681
90857
57931
20930
72903
64524
81450
6519
48675
36063
90664
98006
90417
8353
26851
10781
90712
74649
6735
21817
22201
38659
39059
37056
96193
81311
34925
16457
7062
73272
3828
95735
27018
79053
93033
86788
85783
79798
97848
2056
80511
1035
90794
64282
34998
30171
30151
48528
8971
88108
67346
51391
60643
84909
30
95212
49113
53414
46710
47122
27927
86856
50804
15929
35660
43666
41694
85316
4255
78392
36399
74984
38300
30309
49814
8570
45903
7389
64749
32796
11271
92183
89121
27953
23077
45063
10710
11660
16618
39710
54389
40527
94673
33590
50997
67100
71895
60420
98763
27243
2092
60871
6945
61328
20334
36900
86200
18543
89546
35290
67083
50371
58568
95836
61669
85369
29722
75681
68689
85136
56184
98520
33865
83298
22115
43560
4551
35449
72069
95041
2759
68909
51486
81160
13435
52839
33026
31145
94985
27246
89464
69384
26706
92799
79069
95931
38181
1686
82756
69732
96176
83853
851
10353
76388
59624
7523
77619
39463
30405
18846
32949
49006
469
56174
83382
39235
49599
19832
292
21785
81969
65227
51708
67247
13793
728
69940
78404
89351
62890
56717
12593
47045
68024
41116
48464
18071
44348
24118
83560
75093
31032
20717
67467
89554
45192
98974
38274
29720
97745
76666
33787
47467
17032
76672
55361
91654
25513
42032
90025
65053
68427
81862
36141
68462
24804
95031
14937
95003
91884
51520
74054
22586
40596
15657
13887
74552
26710
20563
77199
21847
66021
76655
25401
34876
64180
11230
38421
17286
9562
93189
29178
87640
90710
99060
10355
49171
39401
66928
51186
94961
826
29076
37144
81964
93688
77657
47567
17279
13362
43743
16140
65427
32222
82680
5534
28350
25088
76892
43850
82876
96681
52346
55430
53424
6250
32918
49597
11223
85548
65065
73985
79456
67934
89636
4130
32722
60758
87070
73954
11477
13820
62342
88118
32721
36754
55564
98567
17418
41334
75061
21897
60331
29556
86878
28233
80296
95738
95211
7079
87902
82107
48347
37238
99320
53178
92805
37572
9329
65209
57180
3974
64182
80948
85626
7764
19849
19972
45111
69846
39044
78916
47900
76573
76098
18399
20738
94107
80221
10217
81634
61383
8062
82083
46717
38539
24178
77491
11649
74216
96436
19276
81463
77352
91782
9722
12887
4560
3089
34962
94398
97760
751
22475
33002
38861
99524
19930
54649
59229
87494
14704
48
67182
79048
38530
95413
60099
15367
23972
26952
29352
1970
14307
18926
75902
30680
44058
22311
2900
82215
55842
81574
5742
40681
15781
92031
21887
18664
19218
58450
94555
66791
56436
18401
99804
62760
45416
39118
43158
78096
49815
10625
8994
37935
26026
97888
31575
97791
13109
68612
17159
81823
46237
80678
87800
89375
92087
89018
33670
29607
96422
13420
66368
88820
87489
83968
18722
53581
72199
92291
77204
71342
12335
97122
9253
17385
84302
47347
55146
1609
36525
18328
15426
73667
93833
75834
623
6278
26518
20837
63986
4908
67190
76964
23341
44398
12380
21755
20924
35247
91840
54521
91835
18485
42354
7334
91771
48447
12488
32038
3201
13743
51199
68195
30167
26384
41648
84666
93326
54604
68878
35965
2771
85159
51331
92917
32995
53961
88506
52441
89643
27127
51081
67277
37756
98559
24830
65151
33200
79548
88675
15956
56778
77301
2755
4395
66359
62287
14427
6960
63943
78063
64544
41947
58407
30959
62364
83720
40518
69322
72118
480
18720
88817
38834
55285
58292
44181
19969
34917
75419
75285
56847
47127
5967
10585
19385
64023
69282
93971
85633
33642
98719
54085
73506
91132
80963
66976
62593
56262
56132
50246
99621
63029
51829
13851
97852
50298
7053
71010
71657
48949
32998
53766
68153
90587
2865
58096
78430
53425
26392
1711
68121
35656
42587
15211
62179
74103
40313
7826
14406
76137
1441
60445
55364
55651
34734
23176
930
65902
72579
34436
41880
74013
84501
81780
20208
60154
41378
9901
97299
25690
72810
66320
82462
99751
30883
50410
47001
99568
69104
39483
76060
56807
64376
78780
24878
38032
32208
88591
73831
14411
70598
38389
45496
88412
33057
88214
62573
21097
99225
72168
42485
19016
58591
73578
38490
20164
50069
79573
83721
11032
68889
91848
8905
76927
7066
7168
19090
1166
63908
79410
44721
53334
21600
96375
24864
63091
25986
8302
62687
68146
92134
93284
77965
95981
46616
51078
79170
3365
53168
81392
46620
82968
58543
53472
72821
93241
45614
53096
753
87240
41968
89332
69374
5976
41813
72416
34602
2499
80486
50293
63535
49573
11302
53663
24305
96619
96943
76528
82061
80527
47512
73971
15652
63584
43410
15485
28418
7668
55400
40936
43295
13878
77510
14252
19422
49567
16652
92216
25991
15919
32238
55830
61427
44073
45220
92513
33978
32117
76529
80516
84816
24670
79050
55449
33459
91774
65642
38876
64682
62511
48547
96323
86053
51541
88435
807
17230
19942
78892
26089
51792
34432
22573
17786
55661
78474
51581
52112
95224
73802
31970
26012
81853
17409
53035
40408
41874
67946
76092
43202
37867
74741
40973
64964
47854
51302
82679
90494
94268
18480
86504
62241
17871
76820
46204
50201
87804
4520
27379
20085
78192
62318
348
21605
7251
10195
22797
13494
38100
20730
64287
13605
57812
64275
13424
98415
54381
30292
28486
18965
71678
42822
9702
46673
22827
80456
65454
59700
81731
41084
24619
87588
60108
71115
76994
616
89991
39734
80075
14947
72609
83212
8574
8683
50926
65085
81428
58403
71932
73943
77910
62565
60041
60036
25451
83
40941
6078
1523
88550
40794
3649
10387
81210
90784
13269
38743
41433
2239
57051
39604
9489
26536
34249
89228
36251
92049
570
660
35458
9694
94071
17873
87771
70157
49363
14023
42682
97320
32839
74178
87394
59115
67807
70468
38108
29510
14523
9738
77976
81411
87085
95718
29496
10333
43852
78238
74124
86344
36322
45968
64233
2132
48985
86092
97292
36771
25477
63435
82281
67520
4863
49338
21626
42155
21854
83658
78809
62554
40451
25056
97322
44407
23559
83171
40656
23792
47104
21682
60605
500
40353
89461
93665
7404
35238
93673
38243
67027
71812
54693
31121
83310
6117
57151
93670
28763
42001
30534
10597
41786
29123
83992
38626
54688
99097
2814
8634
10460
65136
4838
10474
21043
98952
1406
39523
9469
97664
76297
86869
21512
71645
7997
5110
54456
29591
61944
45528
49458
1929
57250
60500
6987
72530
34167
22402
56322
64522
7435
74417
48001
22651
75648
65930
61781
13080
12316
89651
15035
91811
68681
16077
39574
23975
89323
61351
23163
70625
77577
81771
2783
3621
33256
23919
89897
17844
61817
31212
77430
51598
62261
86599
95687
26872
28674
90975
45244
88027
21304
69258
83294
59468
10425
84799
88352
23386
46566
66999
66061
53089
94140
44542
33262
76998
28188
39664
84311
41992
39899
98804
75561
54572
37613
39303
6958
28772
81133
54428
67396
39945
78589
23953
71586
92024
24399
42533
42415
51426
64525
63763
56759
25135
5459
93324
51079
38840
49850
93104
61236
52911
87841
31888
10361
453
529
71132
16905
47306
48452
16151
40569
61092
27903
36398
61123
47142
85567
71139
55130
38327
34529
51595
33818
57286
2712
53896
95161
83118
26911
48065
32966
62403
47106
47723
56952
51544
68776
92103
20447
60404
5468
89974
65106
6298
14918
98890
50448
94844
96836
81552
41523
22120
64322
24687
89383
12706
96148
77627
94552
76028
83110
15660
6206
52375
68844
24125
82960
62099
67508
28076
3830
48955
38443
9464
82559
2333
10953
63537
32990
6632
76162
38769
8815
21441
40173
65290
96740
34525
85440
65125
44807
84872
13900
40842
35302
671
23629
26792
8386
62420
92708
24671
38371
38295
47038
36540
10737
2063
34772
88172
70605
789
89363
94187
61111
68359
4254
85325
8722
90116
95507
26833
21437
21352
45257
42308
68956
32734
90953
15393
76808
69600
56865
12486
94992
11234
44337
77138
89954
83085
83350
74158
81439
89606
49159
91993
72875
20510
3418
27830
50419
61230
57692
51868
3107
46490
199
79377
5175
97657
28019
85731
3465
19679
62209
22292
98102
6638
19378
67611
60821
14069
2087
56324
991
52402
10276
74527
7246
10186
88694
36439
14413
27369
39374
74833
30391
45484
69724
65376
76641
38919
6496
12742
53996
65590
7833
19324
84756
99945
6775
20406
29505
23542
79494
94427
47136
46187
39493
39781
92522
38951
72817
66191
16453
43724
6782
4602
34441
30609
41298
92762
42660
5136
81821
29214
30747
31428
86662
23455
38669
537
87175
62333
8064
92157
37662
46370
58716
4734
74020
38924
66703
24806
27864
13571
14373
14990
33711
53909
6866
34410
9957
96444
75001
68230
28049
93860
7427
66947
65315
39835
34966
88379
27453
11003
99720
62411
2777
66481
40077
22589
1424
18216
65620
42688
50140
3500
90193
39240
47434
30893
56948
13733
35118
10929
64264
23271
99994
44048
2541
39676
97160
93564
17388
30290
15830
32476
330
81715
62738
42745
56373
28591
96178
80081
17013
58576
78384
54099
62377
25809
71455
91336
6188
89232
16720
15764
73297
63878
18394
79541
99132
54708
55582
56873
59142
1195
70905
93378
57907
59284
12204
22188
75589
84152
69615
32683
2108
20259
59194
32111
35708
49467
43752
11321
86277
66812
40746
59445
7367
14299
22826
16803
20731
48717
34865
29121
4916
5264
43321
80233
94999
28912
80935
27589
47681
99121
94921
60416
19496
11956
4495
3090
84840
20412
53181
85322
62031
4320
51023
78470
17400
92361
87953
80847
44235
61071
46131
73729
11373
49470
10320
13068
53801
77331
22906
99644
27835
13647
96352
92686
17037
27086
89048
54007
59569
25927
93127
93041
24507
25478
1135
91091
88566
69638
81111
94406
84497
96408
90180
80330
12447
3730
12882
70273
50884
75085
38627
90778
24151
50416
50303
44372
22396
86530
98682
68366
60692
31251
82916
1880
93979
49114
59747
1043
36156
10999
66253
17387
5140
64054
51895
63428
47830
30585
37341
13343
57456
92215
4092
12014
19331
88538
39773
5738
36896
32698
92462
65529
89081
26032
6968
87271
44777
58104
31120
58882
29620
15605
81527
44778
23822
66971
85638
39584
92899
70953
87458
35850
32114
84414
51463
59577
21259
24079
47275
76339
66605
34382
72079
31681
41154
7773
17880
87945
15738
86122
55349
7108
49837
90460
53003
53521
52646
61229
75373
28548
1859
70965
75730
56888
19746
51629
51767
82249
85306
14938
56631
10948
90698
95857
90107
70543
18500
41495
94827
17558
8279
80883
92379
79142
18502
47021
76172
411
25189
20592
69428
9676
76951
25680
6130
5149
64761
27849
75157
52917
29953
51922
42343
75845
91735
58001
54882
997
92570
70813
96386
20965
3878
26957
34833
44275
54938
49417
70628
99530
24070
4227
6766
59146
21106
73693
50456
2802
47907
32313
9911
59767
51047
95756
92493
98467
16648
72009
95400
91346
1700
92153
6819
59728
57775
20308
56662
81991
69514
24278
6274
35161
84062
98485
29951
18803
34023
37319
82258
3187
97849
37023
54519
16119
68922
50706
53729
17392
40827
74926
8113
99164
43237
39092
68979
76461
93932
56295
67981
76068
89599
82346
10790
44739
73511
15064
15697
98489
6955
15525
16343
2722
86764
95005
87573
46416
98832
68974
99386
93116
98000
12027
87440
65718
17594
8479
51936
76654
17712
5686
70803
30232
45141
6538
68824
96576
6143
89979
7142
60437
22424
93753
80979
2268
95158
64535
68413
97731
81794
88472
83947
97084
38902
47188
60330
17310
80446
26786
25122
89303
84953
12568
3882
46960
29260
17401
81295
60981
7347
26523
41492
68417
10373
3913
90317
88443
38008
85124
95433
11886
33940
97826
86526
25596
54321
89358
28241
2905
63915
78859
91044
87185
34582
42426
44251
40885
78648
43868
18198
38773
66492
94194
10922
36358
72840
51504
44118
79659
74899
50387
6434
38489
4840
78514
89883
99084
31088
27959
53626
77201
97552
18061
81500
16879
47037
41000
31210
89368
25319
28239
28024
28669
52721
30320
12072
36159
34409
46508
67536
19403
41291
70721
21637
51783
97672
34420
42410
70292
42431
97262
24755
82060
60374
19683
60742
86953
21908
99601
24784
63593
55710
94176
92033
85129
56077
51222
56913
26399
14940
18881
68700
18760
1639
68516
67214
33921
92424
35246
48810
52343
57687
69431
99735
56987
93282
27366
26866
39398
79200
47286
20533
34078
81213
7829
86663
73562
32344
24335
76453
34905
52169
78815
6259
61983
67955
22695
73391
32463
80131
33825
22373
47473
90413
11788
27313
3595
57256
25933
21113
48336
70140
63648
8416
70686
52919
49725
20695
77129
45105
84001
23896
91439
44263
11622
81664
84182
29483
78215
34936
79399
97455
34755
52251
44759
67639
7131
78632
42333
87810
28587
94917
82173
61464
52220
29021
91281
65217
95343
15143
5668
25595
39391
95794
72052
94929
45055
5536
40921
48834
26461
73750
93277
77604
75901
64238
83764
47602
36092
61262
99752
67500
88416
49367
54930
38933
27620
57936
62517
74961
93460
18283
71784
27413
45940
64197
99196
64793
13433
17654
38115
59154
72809
94384
18710
97656
53188
69234
93693
61881
89199
8320
27278
19470
23810
61776
37141
77504
80907
56783
94064
44111
95553
98643
74071
39755
68107
89381
17288
21085
86136
97393
93361
93889
34247
95155
82408
80058
20319
97642
52300
40590
23352
11090
91869
11313
65391
56404
58914
23815
61527
95524
12478
24161
36934
11731
11499
16869
73573
21764
54953
93898
37920
56747
22084
82322
96177
38335
51407
82818
94554
48888
94175
71804
81269
70925
23726
54217
20936
752
93544
6089
84716
22356
91476
50819
75066
12227
81803
35492
22211
90812
51814
16257
62977
83766
66258
47031
75775
25707
42133
85032
63640
38915
71415
33188
18440
98732
50157
89150
92265
1019
46334
62004
7939
28169
91533
33371
15092
7613
56520
16364
89812
83868
98755
82113
63255
2661
66592
26847
99831
73404
89689
81658
17823
41976
94773
3786
11504
57481
57912
63371
7398
99180
27638
88469
4385
5510
81479
82689
22765
50083
77679
70808
41865
44424
769
77371
48392
52652
96211
50521
77028
80013
66721
24396
11130
5406
6021
27881
21151
70210
61326
44033
22963
1990
39322
70528
31414
385
8009
66847
39187
81847
41871
14624
14972
66696
28004
88862
32256
97274
51825
56720
7317
59762
66961
95285
69640
98772
47825
3108
22511
43683
32977
43177
77477
90738
1213
4064
61033
34059
29191
6489
21383
41078
8595
65177
76684
49747
9823
69185
78697
79467
72076
61307
49839
95845
40526
55814
93477
26350
84539
47893
64505
25646
1887
18047
47952
50064
2307
52580
11834
3096
12961
37098
84031
37031
85056
80995
52840
27719
77343
49867
66066
37068
25237
6656
2562
38944
31333
16094
32107
83230
27222
81184
15261
86048
55406
62514
91240
55826
92495
87447
70817
66440
25359
97524
73227
59496
34372
25158
24013
1851
16503
15871
41904
64423
44095
80567
30545
5872
19564
66045
21230
26289
37205
6588
36923
89661
63854
59788
88878
95829
81444
29860
38922
43565
54634
4526
27841
30235
78248
22268
95686
74090
32904
33587
58077
64549
31857
35536
14683
88797
91402
6927
39050
98936
16884
12479
69700
76991
54637
44923
63609
51714
8693
43807
83964
6126
11917
68762
42685
49810
78241
46996
71739
47129
14151
58696
32440
92720
19977
23948
52198
43445
4368
8797
49902
62376
88732
59180
50396
91831
4440
62482
27401
30176
55293
81276
75257
8798
57869
66370
23548
77672
79373
87410
14232
85989
23421
19088
40453
45081
29193
79037
91645
16211
29665
35494
67224
84985
29500
85409
55983
4383
77187
77707
15139
81826
81537
91826
29917
1419
86801
25615
15628
84506
92517
3176
76229
73385
21287
26386
190
50335
34508
25107
49540
87239
6855
14627
55220
32866
79087
88946
8267
28967
74116
33033
8648
21227
78746
88026
21734
91928
16559
77067
18295
10831
26429
6381
69601
72655
13107
90937
85871
50605
58653
35355
74425
21005
56862
87782
72726
3017
11819
65377
7890
84204
61932
86994
64872
48827
2070
17898
46442
13386
22114
25640
28039
5356
16015
23775
7374
17244
36998
7692
88323
7335
72922
46377
50692
86659
88623
80069
76512
20486
67452
17944
28748
96843
69617
37705
78390
71008
31191
38241
67242
30265
86177
45461
39406
27134
47252
66670
8995
58598
64812
30851
74221
99092
77802
6797
28184
34223
69069
87119
17917
6476
78494
82846
35271
69690
86541
21410
42502
17533
48641
27941
22649
94812
28452
23475
40135
81733
3581
89709
77271
3610
141
68944
2550
25192
64713
47943
3991
94645
40753
68696
6994
73990
71438
52306
10167
8713
62745
70862
25246
6743
55559
86822
59125
74630
11825
21793
45039
92058
87975
28670
56386
49914
20304
25591
70357
96966
10385
11904
89523
83788
31563
42098
51247
7525
52762
8571
40979
21507
56821
76465
13337
98686
45579
70926
59218
42544
63379
31906
47255
57542
61937
50555
63258
6817
31543
56699
14257
96557
37438
72143
54308
13797
33970
56991
9792
21027
5942
19774
95293
92682
90368
31839
24944
43268
44935
74395
41038
26207
51820
72228
77908
80886
51364
10375
75242
90864
46428
9523
52649
64757
41351
8480
23200
20284
24712
25310
5595
93714
89379
34104
7667
45026
71432
6454
18100
47527
4545
22757
45427
54184
51334
22293
11383
93007
59570
21532
76947
42024
49552
70761
97872
21899
11023
29090
25431
93780
64665
3939
71480
3065
11039
93119
1125
76907
97891
27990
57006
12589
71879
23981
24874
33855
24041
72295
65498
60889
17153
39727
80071
18874
23448
21551
94089
45334
966
75040
65069
80988
50585
37517
79273
75727
66338
32119
13502
1599
30608
57654
67885
98188
65999
8822
66578
47225
77439
39867
78298
24798
61101
99823
19205
24540
48887
51879
1096
56369
10905
19819
63745
97166
36431
28217
61594
29252
4142
23911
46304
32435
95798
32799
56925
64165
87758
85910
75654
51253
53457
43511
84987
43456
57344
65199
28623
22191
32076
51764
19944
63548
13307
39964
36454
91208
58447
27324
36514
87011
7670
62991
75682
44448
17036
89109
35683
56514
71186
78578
7883
58776
25791
78227
52484
90542
33924
85888
67554
8999
67723
92888
98908
32915
61789
25315
43916
31208
53462
88963
96402
39381
45247
48539
10006
99519
40013
82365
37419
85101
22626
43256
42156
24244
49447
36830
75519
66749
32159
6715
69631
77896
53828
84318
16419
9405
39124
99339
42857
33121
40075
97017
32807
40573
63888
13724
7643
92970
16425
27960
32147
67312
23947
39239
33402
42365
65184
89911
42292
93810
8036
20923
98306
43482
95102
57942
17469
47734
42356
54016
59826
55405
52636
80314
30077
67251
20872
82867
95958
79964
2149
71270
46241
34841
25240
82501
75784
18013
76430
58809
19433
75986
10133
89296
38577
37211
60592
56977
12913
51703
56231
53517
11583
98267
13600
18193
83402
19803
21747
96328
65101
62978
37614
43028
70420
44280
85893
9083
15887
85662
50760
73754
13516
72145
96616
329
43241
68510
75012
98531
14564
63547
30918
47543
49260
77977
60472
9061
7029
56214
12127
67803
52780
27328
91890
34499
93949
16982
90260
51168
61021
61164
63420
26880
11871
71651
86747
97346
22049
41382
86483
61463
86502
64960
74260
45143
85394
50282
36173
25010
81555
49714
33132
64220
13990
22962
30092
38083
31983
93621
14506
75071
3138
30256
81767
55867
41979
74668
57637
73849
42137
29734
80715
33360
12592
26686
5623
91704
98090
87925
82621
93073
35097
80980
29487
44713
43509
63410
99727
11113
36363
13446
37604
87836
13058
74234
21960
20373
20537
40980
9042
90525
9625
62577
22785
68079
25062
63500
91299
85690
8636
82097
28431
81701
95064
10959
47432
61047
48181
36488
9043
85297
86416
49965
41549
38976
56898
71690
69290
81067
34743
59873
93042
73601
98228
69870
19789
62801
21646
16967
97968
11612
88869
58119
42560
44120
38068
68141
67957
89921
5999
7009
88859
87257
73401
60157
63026
77729
78852
62250
32608
89329
75915
16815
41138
7769
77658
89659
83358
34273
43032
99010
13363
20867
93327
37941
86292
87982
34809
4900
52892
84881
12489
83003
50437
98590
73472
65378
97436
37722
71729
23001
35807
93106
91550
29135
43021
41270
41202
96235
18818
91347
69507
19947
61754
34185
65784
17578
79217
35831
30924
21707
69999
39294
84587
63361
40141
10376
5400
22648
49558
43540
75167
7193
74200
66717
62845
41837
28109
92934
84957
7603
56751
70148
88671
47693
31375
85694
20052
80590
23273
54939
31820
17146
40664
66036
58730
28685
71565
76745
51070
90691
39724
98931
2015
43526
63313
49471
86477
28580
39582
29717
29854
35992
95081
25098
18962
73046
27354
82103
39047
12338
15538
56117
96015
48727
81763
83319
25398
77963
20202
85293
92228
55659
33187
56004
67006
77111
33521
11080
5384
3468
7380
52997
28673
75836
21049
61392
38428
7484
4627
43633
6655
39790
10810
87552
54812
75820
45089
79584
34124
51082
85192
76562
30526
41160
55171
3630
91571
94927
11310
82575
7887
55930
60933
9088
63247
75414
28843
6740
34490
8175
4209
28770
72895
28056
40106
72649
28719
8791
44710
1430
898
34680
36515
25385
19904
93195
62649
26810
53794
66507
12928
54884
36558
64942
68533
76821
41810
22743
10998
39042
7782
19538
51555
87932
39107
55544
51234
71995
87236
57050
42307
84073
7859
68713
43832
32636
91697
8867
68371
72770
61373
4146
70251
81738
87934
22287
80227
30079
82191
31886
28602
5056
5159
36894
34599
75818
21918
5256
58806
92597
35852
47805
23134
98077
5607
78538
2319
87967
59268
30844
71149
28360
20174
21291
34511
4788
23746
88536
50887
26230
77263
8639
84451
22849
61806
98997
8498
47612
49322
31742
4720
87478
7387
26989
7402
22349
55514
36953
71226
62417
97889
78295
153
65563
98458
61162
43978
41767
95185
1574
66098
61447
32685
69092
68109
71803
12315
30181
79571
18595
56795
1061
30162
6053
5762
78327
46704
74871
99348
24601
41812
88295
1787
57924
6087
94305
95590
76900
61310
34920
35026
93473
31316
20691
23655
5066
96
31588
74977
4930
61296
38110
83915
27145
16814
35055
26940
63589
17959
18208
90663
88415
67456
99174
43875
96919
21431
56259
31129
86272
53916
20287
30212
48895
62454
94269
65963
34453
5613
70146
56527
34846
52430
89939
84299
54660
73755
69926
44043
4618
57975
31560
54613
1179
62946
91428
34355
56646
50041
17954
65152
29054
68259
77461
2633
55701
37835
57511
28276
96101
46785
98149
29778
48481
31267
54237
32550
84399
92145
26028
76012
50421
16441
51308
12068
12048
77920
46290
20122
46937
50242
20360
49283
50110
9732
11188
48160
53986
36577
42867
33158
70142
57307
52424
15900
92327
32198
80217
57349
85672
48092
8102
7269
90373
71859
95630
4284
24556
71987
68638
20184
72290
90159
77335
2835
43458
5666
46224
14024
10069
45243
72288
23663
85021
15673
29160
43156
13935
43787
32102
68481
20473
88985
79282
20296
59443
69098
2174
19613
40552
39126
13671
13922
86245
73085
55910
91877
90387
91788
57989
96588
73522
65473
5100
55993
12221
94966
28939
49675
32763
57319
31163
25773
19355
90192
38947
57877
86811
44749
69664
93314
35309
94282
75354
29378
75486
95070
9744
83958
44690
66663
16933
59355
14677
19515
85948
41447
74670
31270
62338
46623
29590
47454
77787
83006
25658
84314
44772
35007
36886
78424
16711
97349
51989
11690
11126
40608
69057
81437
47304
33905
46429
48779
60686
81340
26191
51068
3866
23624
93483
47338
81615
27767
31469
2766
43292
10734
1428
97008
52027
36283
56708
37919
37324
98455
35138
50281
53940
2058
77993
86847
76047
24625
42762
86175
52183
1584
42373
3034
41994
20618
63513
53661
70979
22613
13848
20056
34558
64936
27281
5723
5937
18300
52601
39170
15572
41111
17458
38987
45665
67507
77072
81996
51823
8537
84547
43399
3811
14498
23453
80854
84110
69754
14828
24592
10728
56506
54921
42161
35179
50876
47960
25350
88282
67073
7982
75929
7346
63600
45669
22703
95891
89393
61925
62876
49949
43506
13799
54809
37087
90980
91424
63950
51015
78296
89177
19429
44414
39106
28682
46398
67142
65720
17605
24893
92449
25110
75785
30147
57262
54343
99854
73022
48468
70169
21010
64175
94185
95546
31566
19491
65874
66053
25917
48189
7318
77184
46883
37563
94866
69360
45347
81299
52853
25439
64875
44956
39122
46217
29868
79754
31623
16021
76864
37937
98055
97259
96863
16078
29071
63175
23534
86505
56707
81762
52326
45361
88664
68555
95610
10857
45748
78545
76628
1262
38063
6812
18683
95449
12875
35402
33243
39906
91201
97013
67431
67629
19342
27337
87738
96562
36570
26609
64450
32941
45003
24423
44331
25499
77868
145
1237
26863
23351
41205
97898
74687
97403
5748
10566
35446
13129
25527
69
6103
3020
54023
30838
874
59069
59765
28131
67783
35322
82307
6788
56473
27834
22417
87994
14016
82803
82380
47433
22477
18022
63754
49032
28849
77972
88052
88636
67593
31298
85046
21303
26269
28454
70486
4324
78456
60046
21742
50072
47598
19827
5342
3691
56086
99901
6150
34872
2050
3891
75014
60964
55435
35846
25078
74683
30963
89538
5407
42865
72406
58314
64891
30801
20858
88676
1748
2986
37412
27071
97901
11097
94327
74982
7015
48989
91996
50536
18706
49639
10798
30328
6483
34553
6195
77115
31277
52690
44801
23269
71461
70268
60839
56981
87757
50599
66123
89613
52242
43465
98161
82888
86241
82901
73934
88056
97479
99716
8447
70093
46035
52524
17311
19251
52230
18830
42379
41826
32780
80827
81998
11633
96950
50431
35101
39602
4812
80185
52612
85790
56526
54222
21813
2950
39167
99964
47125
62391
21986
75025
58165
79935
95200
71117
69243
29898
92434
86160
52626
14504
96229
4004
87713
96407
7164
10568
27030
17973
9869
65440
91472
72507
95816
67675
62203
35614
5554
68314
61966
61942
82694
41137
16000
65087
40932
42902
73499
21500
74556
62317
38012
39992
6088
61782
29714
91127
61539
63281
13256
56668
69961
16714
30019
44588
95796
8600
16829
94428
55081
80336
89310
89006
79511
71706
46665
32187
91761
98129
89443
93690
61508
30592
16434
33625
47641
59189
79109
24782
19550
61864
36561
56307
81863
50979
38214
65608
95938
12206
8776
48183
55784
3678
59255
54064
60281
71153
17830
88714
24019
68476
69137
91343
92811
77405
44479
14267
17820
71913
17920
94367
72413
3010
80490
6149
60628
22498
85788
42842
86424
32893
97408
1260
96097
3120
20774
4091
76735
23926
15757
39746
68892
52008
23516
37348
87887
1747
53125
15181
2672
84959
51870
32325
90898
69251
39109
5859
23860
88554
44664
86385
98821
75408
44941
28366
60883
51053
69745
97183
25833
50995
17872
84698
75877
37481
11898
59150
51326
98313
16307
9295
36364
10081
6014
18166
76072
4215
18317
54995
50974
97519
33514
24633
10507
85946
14767
53350
4801
29670
57354
38801
36969
18503
2899
86310
59118
45482
65702
79309
52233
24389
43912
32428
4861
282
10326
91557
85106
72542
45196
43950
86874
50279
35430
85843
821
3487
66426
19059
43721
70076
57274
94533
25920
63344
13969
39226
61258
47667
63308
55208
61564
17966
60714
49758
58845
89219
19952
90418
74340
35234
69275
13044
8582
1610
28571
58778
75897
51892
18658
21758
94285
13611
84473
90916
31058
67058
26188
6485
76376
57690
1805
57440
65261
26176
6901
89478
76286
65626
68160
54691
48075
60359
97720
84960
16166
67666
1923
52447
87365
46753
34926
9285
14657
19048
84942
16412
64139
54439
19337
10190
30753
8660
65489
36633
16442
79674
72932
57235
22974
87650
27407
33311
863
8716
38764
55947
53230
5866
50105
22152
82484
33305
48384
85055
62424
43708
34864
30933
74386
877
9017
97927
60446
34036
77159
11167
7479
89796
63112
68863
70479
56581
43225
25782
74748
14549
52296
17410
12944
70344
12284
20114
80445
90058
58933
13694
7767
56584
94840
86044
77788
65117
61414
52557
29897
6096
66814
39718
62563
1776
62585
94767
27565
99080
1778
62722
72778
99749
43948
96771
284
71607
98155
64959
53397
66104
7386
34041
90555
46114
24589
92372
34298
88818
6170
8325
590
22510
70003
47558
14129
30239
48342
90408
8516
54801
72394
30970
99881
52357
41502
95329
74123
84983
85600
77686
49010
16193
34774
55653
91033
2437
78952
44286
22483
79823
56033
56891
56395
63952
5001
65980
29105
52686
60875
42200
84932
13926
17268
24436
68633
59137
93280
7964
27046
96428
52062
10309
97078
61391
71232
90774
25580
17113
86307
84766
6876
32475
10967
79965
99416
98784
42837
55803
31172
79298
11521
45931
77939
79838
27525
4379
87822
7001
7618
32029
49370
69956
87833
66434
11858
13852
89470
5974
32771
79917
68961
66580
67984
29309
52983
60715
96212
97520
61430
71184
23974
65586
35075
35946
23697
62060
85535
67851
89914
45073
5981
29892
75371
62046
86403
44318
10950
70208
29999
13914
49753
74992
18339
52953
80600
25521
83290
20391
53692
79098
26483
34611
22898
40643
53602
87149
73187
64323
85145
33075
5627
65896
59493
994
30133
74091
61651
21305
72182
27042
79270
54835
99761
79320
98112
56881
20985
64431
63013
1552
32655
46248
8264
77594
72913
56500
52784
78088
40734
17983
69000
25004
62969
93265
29187
75967
63356
60900
12675
93643
62623
53325
24217
11530
72158
22491
43364
21023
24159
45661
62336
48605
69016
56268
82395
21867
44445
78523
25692
6970
80380
46827
54954
83262
43124
54105
37741
23936
82848
22741
89360
7741
28438
22100
32876
53531
73767
61957
86012
74097
47957
45817
8228
73537
53491
50075
71512
77563
11268
94286
41840
42500
76577
76711
74052
91399
21514
98807
67127
22162
95639
92803
58042
16512
43345
71006
49192
79476
83939
95423
62921
68954
20454
28526
74944
58926
53291
82931
29399
93727
66085
60634
76873
2380
41652
80098
36642
70700
8575
92998
65190
61363
48327
28867
44628
62558
3888
82450
52126
41892
60468
33065
92719
70010
57619
42852
14517
36422
99463
13216
31244
98114
94994
78638
99639
11450
65509
56238
88498
82502
12516
93272
43239
34721
28655
62078
5877
97369
75754
94689
61121
70923
19308
10342
50966
2461
23125
10915
59017
21187
53362
12329
33843
99739
6679
48875
88033
37757
77673
89706
88185
86068
77968
6662
6450
37797
33861
10219
17081
19438
56304
40430
54775
971
85556
18597
37281
51240
12279
55158
15076
15095
99014
35866
42267
5004
32005
79775
370
60365
92268
48110
33471
80367
99025
53392
43660
30765
4925
58743
16807
87065
47025
53205
74398
92580
66795
9224
28281
44973
40791
77499
2510
13146
86134
13304
96445
73692
79462
36505
48718
48378
46189
25890
42831
19175
34591
40375
34140
43833
76319
88151
43544
56914
66225
31704
40515
50003
53919
23353
32485
48958
52850
99131
4443
43520
87450
23995
57957
93459
25538
16184
93145
52543
7748
19469
71829
87030
36616
43447
7063
15585
83443
35428
18817
66266
16242
56466
81177
16865
9918
91948
69129
68043
79804
52902
7854
33223
84249
12544
6104
79789
58592
87880
30209
58325
88791
48168
96145
96522
16409
56851
48287
6805
87835
32992
93278
26459
22939
35865
31663
9777
10612
61165
9155
5016
30061
79960
8628
91971
75597
12724
67653
46889
85877
7962
70993
12470
69012
36814
10197
59668
67306
51606
43619
28334
66857
34580
5625
9898
22518
11243
73057
38427
75063
78186
18459
48117
24827
36486
31966
99054
96886
26076
34329
20947
81068
48484
26665
30833
71349
96573
99019
87095
71851
41329
13339
96151
57048
91554
54498
49617
74867
843
94024
36575
31099
40733
27081
4279
95975
73302
81203
32958
54207
83380
6801
35143
77777
76637
47146
398
87131
51084
46884
38233
17366
27458
40559
70989
82540
86762
44558
92798
99114
15798
67427
19018
86350
32419
5078
12760
27447
92148
21906
42740
80782
44641
90882
13464
21285
78002
92262
46694
5058
17488
13203
31875
40042
99884
41940
54899
97687
48876
28090
80617
70535
55321
95495
27585
3458
70497
55614
4046
5805
72746
76001
60123
10057
67184
25903
19479
40975
65371
60315
3917
22093
94947
63041
56201
93630
18482
39074
2974
89526
27616
83811
27332
63306
23977
88120
53059
5626
66161
12394
61380
49119
11623
64204
72851
1785
82246
86841
18230
64327
58563
29314
10778
42739
59498
1969
31738
33638
17026
76340
85294
813
84361
60957
88870
37736
53115
80551
21319
83231
67843
17259
41957
24928
12253
22090
33060
37374
89763
99425
85593
24844
7025
86493
39823
4803
35268
76326
41964
89632
13067
91567
54909
74965
84426
94756
52170
91775
18887
20145
35173
9829
48713
63750
90755
15957
96360
74848
18129
11015
47628
40870
73075
81261
75387
60837
27547
94357
13984
8738
27907
44760
7117
15279
57373
14276
80382
40636
89537
65795
79205
25492
58437
1625
46561
38707
73131
23760
95359
98678
76874
133
80788
25152
28527
29995
80654
79380
84348
29019
64508
10669
42907
82998
88428
66446
11400
83274
49408
4323
4723
36824
26060
60798
43109
51440
42249
907
82868
1616
36858
84094
66210
26811
13118
22876
11793
91116
78874
78630
86116
2093
251
84317
44206
83556
46297
45058
71428
21219
70484
47659
31685
98517
46441
2751
67194
12252
83864
42091
81846
35495
1730
36065
32395
2963
30693
10053
2258
24383
41141
11921
72857
28031
63884
36303
3617
24008
12039
77381
92590
8630
20435
92032
12635
82018
80093
8823
27017
75649
20971
19487
44900
48679
1324
92358
10890
44271
10452
52881
40563
37742
56090
51550
83394
18256
93846
96720
108
40693
73134
39382
45076
50651
57025
20275
16353
607
86902
62632
13121
31214
93366
89774
81503
23477
49198
86564
81288
72301
60703
1119
9932
51299
2306
37863
33079
51872
88696
58744
52928
55973
20806
64400
171
48653
13927
56591
35972
30660
79621
72133
43224
1959
22324
24932
17534
47637
91204
2796
46253
21547
75094
11174
92057
61997
3401
75378
64211
76689
30644
91012
71427
66565
36191
21110
9799
78813
14477
57746
83690
60405
94654
80313
10686
84432
51138
66525
48871
23744
30634
93197
74575
13379
29118
54139
37825
45336
64589
38348
46068
56457
63997
40422
50946
78439
9981
90228
44708
79182
17433
22767
10569
29869
80532
81580
44328
73412
49329
98124
60063
34622
42369
22931
71760
21898
60251
15281
43753
20388
1414
9857
54576
54907
28917
1528
29520
91457
61842
25014
10432
65017
78743
51611
60296
81293
15374
58259
5580
18413
30852
72885
91221
33181
84517
76295
59557
17619
49809
22106
19473
26171
18242
68834
27937
64295
4997
40403
2970
4833
72286
80041
58371
72642
84505
34494
64044
53065
43420
1812
82673
51377
41682
41482
22280
58901
83452
5965
51354
49768
94227
8255
25476
62039
41152
33001
43322
7665
18639
96539
26913
88233
2736
63682
84622
50137
68374
4918
42157
19588
27592
90628
95642
81806
37533
73465
62841
20423
51665
57990
7406
66977
33244
82839
31763
19696
11822
59184
46633
37816
28928
16464
60153
39865
19166
9962
75965
29514
20369
46649
20873
23305
24934
25480
97064
77444
38006
45848
77897
91024
15183
56469
7641
36036
84552
82633
68429
43014
28309
61040
52316
23636
60667
82999
90243
32507
90488
93339
77670
84939
44869
13715
54834
32077
30857
42237
78644
7711
64889
46703
2898
90968
56678
75390
18700
14479
2733
67253
70390
86591
63204
85203
11799
61853
72401
45683
84430
5375
30486
18164
81739
63668
53893
26084
61801
34590
9685
32438
20278
78438
80749
73585
38883
17383
5363
12085
29770
71544
84435
50580
90359
81050
86578
40961
64563
85039
41802
45694
96901
96789
71405
96677
80624
55626
92305
97316
26360
80816
74851
75615
91460
52778
42286
14989
54667
42340
35195
91276
1837
18442
6991
27347
81202
75602
71039
77065
9915
39258
63295
38460
63156
9132
72384
2009
41752
13623
98273
60718
65031
64979
7955
439
65235
3874
38850
52193
13943
78865
91405
83180
34285
64977
17330
88680
14051
85281
45423
31938
25081
79468
81671
83198
53466
65734
81474
21362
56118
77110
54194
32315
50443
17905
78457
45208
5768
24171
99214
18308
6209
32890
58254
6375
40543
50624
97779
42347
22970
4406
20453
14389
84519
72783
73488
7920
12842
36359
65914
4484
32907
79140
10209
42103
96722
29902
12547
13483
25154
44457
76008
24495
90451
90356
98395
56638
59720
38870
5923
62157
71054
40190
20389
43262
51044
28738
25259
77843
12036
88353
54331
44397
66403
66127
64201
34164
48241
96854
84121
8981
60550
24574
46534
60520
48840
99890
74289
35259
74455
49490
62570
88697
15758
90789
19895
84617
50763
24816
20601
1384
68935
26382
61918
73863
15155
42428
710
45298
54356
39719
57703
92408
39872
91843
97906
30535
27125
57467
23541
64989
64591
92615
36416
8973
47594
27783
50765
11659
88654
85149
63253
20263
77630
23257
77654
36630
70301
22909
47003
63819
63351
97478
31878
58993
36314
61972
79484
84411
38112
2977
22527
35106
71792
7941
24266
99872
69643
69911
21667
20637
74971
13866
85396
36868
99780
46607
33470
47440
43725
95075
29960
34615
60058
8841
93749
18081
58632
50868
5593
90797
24124
24688
65171
38024
44730
13868
26235
59356
24721
32140
15717
75996
70162
8134
20521
86143
75896
493
68684
8172
49764
7153
591
58881
15113
9727
84947
23293
14729
74433
85624
43945
77662
93707
64228
1735
20600
82780
94700
31865
48267
28847
87223
55748
32989
23086
23210
86465
17199
81545
27912
20234
96972
36233
89206
70594
41289
39744
41244
32810
49565
7183
81523
57823
11458
597
39569
55617
22153
84216
56828
3435
52736
13731
92846
84360
50056
1665
37709
45979
10270
98378
45566
10659
91243
26554
75712
95326
26836
95916
38925
54851
40080
1848
73307
69311
79185
64422
39849
47514
94939
31189
19134
44308
78375
48011
29221
7261
31122
42318
94958
78323
51643
880
70559
94838
9348
67555
86843
97409
91604
24612
67068
81811
74412
10573
1440
3719
84105
96944
44090
83753
22989
80643
17788
25247
41779
41099
34542
78301
50112
60691
16020
67998
12811
73844
5045
52948
54365
83385
9289
3824
17108
25906
99101
99006
49060
70915
60367
23140
33173
23137
15964
87201
72273
76784
4496
784
11389
57702
6142
22442
93982
89834
61209
96971
59919
89932
58217
35197
20863
47797
20345
9234
50479
30931
92683
2927
10777
87631
68773
77453
91946
54571
14811
85475
67522
23558
32596
70766
63661
19988
92249
75109
94184
88274
82757
35970
67681
27935
64987
95979
8748
5421
62834
39723
25049
56953
93597
25226
7311
12398
43700
69599
649
99564
11551
46917
35415
71807
28372
32728
70773
72674
96119
89168
61994
45840
13081
66599
90080
89678
42513
3137
71130
80033
75598
54383
16475
68912
65460
95251
7106
40363
52704
17536
79060
56291
89472
23782
36787
15667
33665
11422
62791
41894
57214
709
13195
55706
92928
34089
15411
79707
94466
57139
8767
21919
79372
92220
37786
84680
60117
71213
90060
88198
66449
26424
518
72739
83986
78666
62805
20941
80136
12979
83282
57774
63466
2411
38365
85122
58170
40708
7018
21135
42828
77442
9439
53685
18487
6851
65953
21540
25535
3112
72790
43258
48162
83161
11794
32837
32889
50322
37957
31054
47683
87369
69653
64716
7281
62887
91858
70343
89597
12154
3185
9904
77899
63788
19150
48165
27899
81446
22246
46076
73170
5719
58810
22942
66472
23015
32366
57269
55488
5824
64385
92041
48939
97210
81692
7037
34488
36105
95634
79192
66794
87955
24943
6095
86381
77412
85328
91792
618
3083
32819
66864
34702
83223
12673
24985
74566
19540
24779
55887
84008
26313
84324
5519
36591
63793
86215
18312
62180
13682
18451
6045
26869
31749
88940
84670
68496
55248
5481
63326
28994
27079
41606
16821
49534
19871
88465
10666
12506
59450
75017
44378
99613
55928
85837
30357
28328
12077
20851
61696
58647
86510
87811
79070
20166
73193
9855
43405
23657
74258
83455
69103
41506
80775
32678
14121
42115
75076
58200
24734
77426
39145
86297
60886
75645
98237
88971
86727
52887
12798
11374
42187
56899
43354
1485
44946
18897
31930
16887
13680
13918
42664
7876
22819
19452
4377
83318
78242
95584
29327
11257
86608
56215
22998
74114
57234
95561
620
90502
69809
12976
75432
93230
48789
91241
18021
24888
29523
69678
46413
65311
55492
24941
83574
68311
6044
6530
90459
90089
51750
3964
43068
56204
31046
38937
17620
62754
12178
50106
28897
16960
87224
34783
87334
42285
10577
98413
96391
55350
92289
78673
30582
67664
18458
56509
60
87094
26261
67543
55972
31034
40061
31250
76546
35149
1915
26422
45381
86304
51251
86960
70547
26073
88931
76333
39509
8908
44852
68871
60120
45638
12184
97049
18388
55036
25312
53416
53934
84581
71798
62731
99948
68372
39833
7002
27456
19085
20022
41471
46952
28248
25469
58904
22733
31799
36580
92455
24884
46391
83052
42645
83418
89086
4719
13835
90020
90805
57830
42903
53714
60854
57035
49509
89527
18583
82949
37000
68636
30945
56398
82953
96453
11027
85613
78264
66477
22313
91206
5622
16596
13841
30603
36595
17275
256
59190
8021
42471
8047
5572
72155
20529
53937
25493
50016
96156
90675
91361
13629
14558
44650
80187
57115
20307
80420
85975
30101
66116
78268
34552
3460
64153
47082
3705
38423
6398
13824
43502
87264
73928
56127
35880
67509
30630
58337
37345
24043
35157
55178
64481
89295
90330
57086
35235
36384
22825
22466
74126
52751
98754
20446
30621
25498
28530
96262
6774
18847
8736
75474
6198
23666
93373
89980
26961
8830
78652
1817
90723
12496
47114
66380
29022
51570
29055
20379
11691
75159
31638
34138
76731
77081
88024
33493
16980
29012
64564
45680
4940
12201
93363
99805
48487
25188
33334
70289
96477
86062
57236
37209
25412
1559
20348
66722
20131
22185
30439
67574
68567
81635
27785
74873
37697
24692
99297
32909
26248
97315
63628
1323
14472
46434
20196
89398
72773
55127
93775
5727
60050
17851
20049
24188
36636
4733
38838
82835
99996
2476
47202
34135
79307
68614
35418
35182
62932
13127
21068
53512
20413
39341
3997
70256
50810
10445
40216
83806
62451
65976
6787
39570
6324
16222
30569
66601
54436
81533
26856
16121
22762
83951
21061
87946
1865
52947
46269
22513
87363
2659
84178
14334
69225
77932
32270
58849
30881
71486
41581
48475
26318
31146
43007
18184
54354
20727
82620
24912
19209
81169
13631
58285
61012
31584
46448
90012
36151
45017
39443
15359
56983
76225
61672
7210
90178
30229
8263
40933
1675
74067
20616
15553
28864
64374
29752
15846
65082
26346
71379
63043
93993
60985
81801
31390
13046
52851
51905
71841
23394
7368
45011
81460
17446
40485
45598
34445
70946
61156
25781
94547
64356
63059
70780
57898
10816
38453
91122
15759
36273
66853
67333
89013
91953
52177
18125
10274
90257
90566
31536
4318
80080
42002
82414
67578
71019
42750
93879
46111
33651
34654
39236
5700
94333
51166
28211
79058
89454
57851
25460
39451
37790
42947
98432
51660
22500
68620
7460
81999
1694
23242
92159
78195
56009
15635
15194
36447
78508
22657
92076
63998
17782
26039
79834
55568
86620
27691
65694
76693
13484
31158
51180
22982
66416
28549
68601
65880
81358
3461
6499
19176
88374
99500
88644
58288
82589
9512
56418
703
83384
11426
32324
69743
49820
85670
73521
97509
51773
66828
67871
40969
74102
42549
47748
33674
50640
90389
97508
29413
54486
75641
23537
62385
3
10255
25542
68281
48595
10137
22715
46216
8388
40110
92778
55153
58691
35085
66032
45920
10703
869
75235
7994
45460
26840
80560
14522
70713
4228
63768
12123
93369
71229
83303
167
99314
69970
25334
25528
12233
21989
20065
91154
38001
46206
60219
44859
41676
27303
10115
43238
89521
42817
91038
15722
47978
66910
37506
13262
47256
53750
72447
52808
23758
75347
39396
74731
28473
96762
24701
35625
51349
50409
35465
89961
43969
11286
91280
9243
82386
10952
5456
71114
26472
77987
62303
5520
35983
46174
37395
21246
56576
31952
49629
22988
31863
58167
96876
1041
93376
73567
79022
16864
65704
30117
77372
90386
99873
19384
12381
83712
21888
32733
1815
44049
96483
24184
85583
52643
59319
21164
15461
35416
58412
89843
31001
16106
24437
20579
8952
13719
60757
6703
89583
99661
87342
31846
12809
85172
64731
37484
57201
3727
7671
7505
4366
44808
59843
58084
88759
981
18121
15311
74069
29068
71452
64568
4851
31018
74193
61647
44103
20032
42351
17455
5124
70758
49036
75275
63929
49425
28411
34836
68795
27663
23692
24956
61112
21456
79077
61117
25397
2225
72930
81882
61858
31672
70275
88979
9260
9557
6456
6856
99169
49144
81727
65705
81484
64541
15134
65699
93242
18977
56107
45667
29667
72177
93611
45774
50707
49964
23401
9161
45100
8203
88827
74580
42083
52124
48889
37401
46267
73459
54216
68512
86438
80112
29171
82336
29840
65866
16250
63224
61999
35497
79406
29296
72104
20888
66240
13980
44686
2724
57152
24913
37654
25886
37930
13369
67762
79817
9878
24186
23712
64113
35236
8878
89339
76904
32745
10643
55637
70465
26465
49735
90908
13798
49090
97761
5135
12145
88930
64223
80295
59393
80289
66029
73088
12758
21838
79926
95777
86650
34255
74098
11965
12561
13561
52128
89411
64914
57315
53571
91773
6101
3712
31698
83846
57503
8654
91040
44570
1360
84171
8853
31500
72721
41131
78798
15032
50604
10870
84106
4308
68627
78117
7666
80955
22304
74182
25150
32667
54820
84372
36348
2393
29938
61641
99743
50806
14111
27809
78049
4291
944
45365
41510
73855
57412
30683
52044
31752
9594
75480
87995
308
87324
23010
17981
79079
32979
37301
2046
16308
6043
38666
80746
84064
94036
53965
11755
42197
24895
68717
4090
14223
9925
25576
51811
68525
81880
69097
34976
77384
99924
77842
39076
76364
10147
45508
10886
61306
42977
820
90273
68138
10789
27645
97845
30670
82076
45158
11974
89658
35827
69585
23138
26165
38667
1619
64652
82957
41017
2339
8381
408
43208
90046
33873
495
54814
53736
26499
20595
91158
31893
18560
38053
20009
34613
32031
48146
59581
86049
5461
51371
28414
11804
76401
16162
54848
1278
89202
10135
61135
89714
18649
30346
61557
84627
51718
70092
25097
72754
54686
60568
11189
45540
77321
33805
80884
52549
36005
7984
73445
8049
2929
8332
51397
36828
74004
13185
17794
96593
11410
3329
34040
83623
24598
44969
32253
90490
15383
72452
20673
68148
88787
93316
23192
32663
78787
69215
61253
78436
13902
97407
12557
35967
74804
64209
28582
31887
50099
10719
42811
19147
75809
96173
80773
4384
14673
37822
90484
94893
50756
11951
81563
25972
75924
75078
39536
67835
63579
75811
26890
94573
2218
59746
4565
83302
2908
5846
19743
66750
4015
34862
54723
43412
76792
73979
76282
92369
56709
72405
67968
29828
92053
29448
94380
8688
87545
40458
96973
88232
66747
49668
25708
85640
72460
53991
22861
4518
70449
4034
32045
42233
87430
63021
44022
81961
95969
18332
59360
10854
74868
79504
34307
93207
61499
50489
48071
6177
51335
7299
4750
18291
39961
99043
53412
63705
16342
76037
68466
74157
56388
58479
85053
39249
58195
34137
53108
22869
8337
74343
13993
74066
83844
12817
43938
55699
72357
96620
39252
47019
29708
7148
81432
13389
92989
82825
59265
44780
60553
15056
40498
60309
59549
706
14218
84074
30266
66647
32612
75324
50660
62853
23129
96734
676
3431
38700
33918
26343
9135
85004
51469
22445
82384
4865
16670
91074
54496
51272
53579
45013
89641
81158
51856
46296
15148
87154
64137
95753
58330
51508
34918
76103
17675
2776
47426
47186
23520
62201
23838
69319
65747
76224
67813
6055
67418
62997
78330
16699
35898
37971
94873
84279
25276
38010
75074
8133
80952
55006
74499
52464
65994
79764
19437
83032
90188
59296
38502
6216
31736
1573
44692
26323
63095
74074
82583
23925
29460
82674
67931
1014
24947
15851
35094
76076
37680
86986
5303
33863
70760
83538
32575
12429
23759
95855
73118
12551
62480
45576
46201
79628
60145
10623
88718
81009
64122
61109
73376
47012
23027
36419
53411
34870
33553
38734
20534
51514
50957
12373
6677
16485
40237
41899
81141
29244
13595
88266
26791
19156
50392
61969
73066
41706
57512
87250
70230
74542
89458
62324
19263
25940
65466
30463
91600
29430
49584
58706
46768
24406
74254
99929
74757
69474
63472
28766
51998
71786
65555
95110
57627
6720
17500
22847
85856
73437
85348
71081
81391
49239
70999
23179
34056
83836
18077
55812
84022
15253
67532
84020
21389
19697
7763
263
82250
61167
40054
7425
74942
94543
66885
35876
88733
33338
81113
94672
15133
12993
77566
92636
63508
40280
15878
6137
77768
64571
58920
4488
32120
13100
37717
71640
20068
27655
10123
71635
9095
97179
70017
32453
28808
44918
87612
74666
48896
87885
82022
77571
31238
81569
61525
84063
67564
13088
50065
59964
32135
11356
98436
79093
95165
78154
66581
1175
62232
76779
5169
83316
37253
519
78276
52994
68135
77447
63436
65367
78489
81614
46333
49610
9339
41330
82723
72612
84483
44170
68244
93311
90309
81657
41808
28103
86935
14858
13462
97602
73584
69206
32742
80777
35910
67485
49169
98711
44483
2183
50095
26168
17466
53084
32885
6525
24697
28133
85333
87217
53818
74880
47061
14253
54661
2018
42671
49605
31152
87152
20411
11628
83485
85760
55204
27520
26428
53417
29649
61506
75671
63385
77324
18866
64764
36437
42205
72828
83774
93381
92015
89993
44200
36375
8844
39367
57945
92857
16635
13207
1620
95179
27693
72386
92660
91028
8624
531
21620
86901
21396
19071
24066
91170
79186
42287
2303
17374
32252
99794
47905
24077
19348
60818
57997
12472
33697
66357
73475
21539
9693
43939
69801
29283
55815
17835
50117
50598
46044
7538
26136
6650
38977
14507
4920
78498
21205
63657
47599
85023
33535
82576
64471
10535
65814
49334
31188
92525
99232
37093
78592
52945
30675
51143
61461
51867
43577
40477
20927
25162
22601
72704
61907
53936
4341
61600
18726
92898
19025
53129
53299
48079
4543
14864
6693
52239
53908
40014
92326
8565
69302
20113
45675
89113
24926
45757
72808
81601
90194
17126
58617
23718
84205
30792
53756
91870
49275
27893
33714
97060
60583
32705
36456
18812
74262
53620
80940
3313
96624
85295
54972
96657
57672
58711
94477
15030
89220
77227
83501
85068
35609
48964
28201
25067
39513
17098
5964
88534
7861
37468
7644
77272
57507
58635
78562
48813
48851
80160
21923
78224
68082
18320
83929
58002
55330
83537
80311
53662
11427
79704
65688
1802
73556
8721
203
81028
41077
10476
26576
78237
65056
34713
85531
98462
27208
53284
67704
31873
91415
11946
65052
64310
97394
75607
80208
16405
74815
13437
67782
12689
46601
95512
74056
34890
78539
98037
59138
58121
37565
66431
4246
47736
34960
57126
62601
33450
38185
24336
11475
82183
92322
31822
48003
11918
80698
79145
56679
63714
9559
89910
94820
67865
68687
696
81251
86598
52151
8098
7780
75503
21235
37696
69463
52608
48159
35662
87053
83521
99369
71822
43632
66245
22672
90672
95
84427
44988
52010
23495
11169
82067
6020
88846
99343
81793
81485
91608
59710
70031
20961
21884
13253
1623
34982
34830
60939
68705
68718
59105
34114
8477
99952
33392
39889
36562
68081
71249
62609
16144
79629
12379
36647
80164
98820
58189
20769
44443
2649
43324
32654
776
35453
12942
66148
77677
79310
18494
97240
69950
27060
20871
69761
65433
54454
20759
13896
43243
61263
84479
47560
64676
11289
10314
21621
2034
38492
37843
92619
82069
120
15515
93938
17142
71569
25023
75921
71877
45934
10149
51386
21079
25644
42006
97836
25938
20050
31549
71580
86634
6121
40091
16983
87700
91103
75750
75600
59333
88265
60613
6308
87148
30379
60060
23103
22436
18428
47085
33170
7045
82271
63213
21658
72496
78015
8378
23894
65841
48362
86920
15450
7934
48214
50193
71790
74419
65183
74756
14913
10383
10025
37582
70911
96033
97957
67252
79409
18678
20657
92979
36883
40783
4981
75571
77370
14737
66921
30046
68981
12214
11636
22042
70606
13135
28735
76322
46663
88683
78176
30274
19804
25976
67496
10492
57087
67712
9916
98861
6542
38135
96102
98054
40409
85482
95361
42338
41859
69771
13124
90607
63123
73070
92072
20023
18296
57866
43679
95821
15571
40436
93827
75241
78615
85675
3358
84009
98123
80416
81058
57300
59422
66900
12164
53352
45810
42223
33245
75314
32656
96020
20718
55833
7686
50971
82179
19502
75271
41898
27220
97193
35071
19727
72559
29147
42709
44452
87132
67464
94583
84899
95177
53815
74272
88573
25057
57813
90210
31388
43940
9374
87896
45295
46569
37989
55750
28990
26372
99986
67757
93802
75400
78928
72051
23285
4135
6054
57317
9272
34546
15423
39954
36366
48097
26263
24321
56943
69088
24422
39147
79348
51210
8140
39594
82874
69146
70035
4053
35480
55848
29886
86751
87814
95105
94544
50108
11967
53270
14385
82469
43417
85749
82404
16636
55188
76027
78554
43382
32449
51403
24494
9525
86845
45986
63044
52993
52844
42423
23060
53924
10731
30516
41393
56895
64296
37033
26245
56225
24498
30905
15505
94130
31241
70225
52727
95678
67526
47181
91184
5989
98912
22068
8967
92651
71211
3842
78774
52819
55451
7099
26211
67298
85154
85331
14803
67455
48224
89716
71355
92946
18020
92815
89656
98924
2003
94607
62422
70258
40993
78505
75102
26087
89242
78605
32699
3186
42418
72909
18118
54079
1961
41233
68983
89720
81282
81833
84976
38514
51133
96251
88032
82852
30529
94446
50068
42598
75370
73269
79788
33456
32019
67693
98292
93074
70621
11677
27048
3436
72651
92345
73908
47017
7075
64547
69677
1550
55496
15130
3845
86676
93509
6006
67343
28036
36877
14125
59609
4196
32587
55557
92297
76650
43887
54785
94329
52270
50343
37459
8115
95805
87765
52486
41051
90798
94566
41146
37617
56143
30646
88879
19151
74671
57708
88795
88809
73439
48726
50285
72861
13644
99308
10263
2382
95344
22848
24005
89441
95695
52022
93567
9996
43136
91131
58932
88647
90287
36925
54970
52830
42008
61131
2047
96967
81965
83717
72577
63580
89500
89052
19069
4124
27027
86805
89036
50454
45122
20577
71376
71675
66685
40577
63992
67416
98183
23791
32522
95401
60648
40869
29062
91888
24647
62535
57310
73196
2592
30127
76288
27964
56213
3283
68305
32883
94926
83859
22824
83612
30584
37619
87001
81718
79327
81371
81656
54263
306
21185
36839
19310
29790
32408
66435
68823
86802
59225
5796
55192
76727
8577
4862
76597
89091
69171
39878
72220
58355
81995
15945
23578
8205
75433
4062
14118
62163
96695
45442
58801
13306
1409
53410
3684
58961
75343
13543
83919
69300
26309
18408
787
82864
12128
28568
37857
57872
54438
64065
43936
16188
82776
44018
1315
70028
61060
57347
88099
2378
26038
36587
57635
2138
72194
74049
61142
39811
33115
7974
22654
4148
40702
38048
97697
54168
22208
95074
3763
50503
47371
94348
7409
70477
10764
75919
21881
41499
37122
85902
24350
49761
63895
6229
93160
41035
12465
99690
77009
15129
6201
94038
85134
13342
37476
6873
20966
40713
86704
89291
10983
13328
71206
66811
74211
18437
37661
15372
91932
54950
24033
17336
5187
4094
59914
81525
69091
43928
9802
72055
81079
98010
49972
42463
2696
24268
22214
8084
60842
66330
8210
36898
46077
42026
97132
23412
90476
90648
88001
32598
44756
56351
87140
54554
68346
48163
2775
61077
32751
33939
54029
14229
28404
56432
66718
77404
53453
50414
2447
54322
65386
76807
5410
86684
70199
40440
63037
15724
67435
45497
81181
39927
69172
5982
46426
14996
71277
707
46765
7841
41486
56036
16041
12453
29102
37802
56362
51264
33059
91490
84591
97907
57039
15489
65899
28975
51849
49469
11507
33585
38264
25862
69070
90195
27498
29006
86426
78785
45319
91188
27582
4454
74656
72244
48924
14147
26747
48180
95254
46576
54145
22779
16479
27325
13417
69235
38749
38827
3803
86939
8446
74979
24064
73398
15292
25534
91450
54685
96867
83767
91256
59263
59391
74512
88926
71730
6295
38865
21002
48806
16657
69111
34495
24708
28778
47075
89124
79919
54424
39075
5903
20689
69502
12720
34379
96078
96084
94304
27213
6674
20640
48857
50516
11454
35754
71291
65975
84745
42997
19080
62009
88965
90145
97603
25536
27314
53834
45376
36351
34169
16842
33346
13573
45640
18402
94236
45676
78846
18739
76656
87662
35732
38871
73647
89047
87855
92144
19256
64934
16911
9242
89857
74869
79793
63487
59909
30510
40958
97047
4555
79211
54010
86991
16001
43836
68999
70774
95778
36299
51276
27386
71612
29388
14487
71444
20964
73949
59162
27852
24983
52211
56494
76557
83876
34985
52578
2942
2630
58956
8601
32605
40781
33555
9493
89544
65521
73052
92688
78235
57909
53455
7576
82121
10755
60057
94424
86776
11481
37554
96834
77436
48210
28660
83373
4338
74766
47937
7945
14142
66043
63007
65991
53824
52813
53720
65188
27755
63934
48134
9480
688
40384
85565
65046
25952
50241
73958
74972
95403
3445
19765
62327
66607
57769
83175
83159
86473
44891
54915
22617
29896
99754
27462
85449
60172
38367
99651
52925
93356
92761
93825
39207
50222
31782
91128
61794
46740
24773
67912
7278
20897
68698
8669
8304
54147
43980
97721
10058
1497
96643
21073
13102
28506
82742
95010
22624
30992
76121
81370
67206
24028
30207
39385
31291
74290
75724
58075
748
23106
15299
55615
63874
83914
57465
3214
45487
14663
86442
81031
16311
54036
28608
27629
89520
48156
24608
4158
29210
92079
3736
70891
77864
76181
80789
37772
85226
74473
9454
92958
7560
66140
36301
88131
63767
28320
87899
54850
19763
64486
16704
69939
20354
47160
37469
68210
6581
21829
11301
91207
61265
85506
60459
50796
35455
83104
19932
28429
89686
85680
11259
83927
99636
72971
19562
73525
89899
31453
77332
56294
94279
30491
79040
82761
9344
33881
59638
11588
75934
70397
63327
80859
27100
75398
30376
31021
14887
94056
81097
3833
54829
61283
30960
90933
20015
26404
59874
58971
80424
42800
5672
68011
45079
47264
95771
40456
64131
60942
35332
71345
41916
58863
6559
40678
24604
91836
54243
36210
63949
94526
50954
45520
16391
97267
71144
44105
11181
19842
35787
187
56540
42458
86750
482
44556
10567
9664
33848
75656
50001
33878
26414
96702
50471
64843
91272
93821
98479
22634
77231
62781
62906
68781
73893
1215
33962
15591
60387
86982
51271
22198
65356
72512
2368
7470
42895
16594
66591
40657
41912
90843
69641
74738
69519
62362
58440
30464
23014
47247
22070
49980
23212
25593
39477
57550
46088
27657
56097
58999
80897
46632
54628
41139
73322
11866
21001
98745
20932
77495
68420
52429
56114
18721
98852
53349
80774
21812
89766
81242
16632
1241
94750
38765
99551
632
77292
86468
39722
62190
33678
67531
95662
29304
32639
34818
34737
60928
93913
49872
12466
72938
64908
15350
27642
67910
5706
42592
54270
87527
1299
34987
27917
61477
81711
15656
26288
24249
57004
95892
53421
8363
15122
97380
57819
96469
29156
76020
25567
17897
60233
46893
92781
78773
8476
83211
97734
20343
81544
84111
16678
63864
8541
53402
86638
85307
87525
84057
56229
91285
65399
64164
19033
45041
66239
19332
63557
54952
75130
19262
36082
35051
21076
99397
70550
64627
51941
9649
77655
96592
65070
54530
42673
25800
16091
29581
15820
72589
74821
27025
29107
85660
63478
72294
83571
21622
16658
38242
27761
76581
59565
71723
91796
79681
83098
83805
24508
20820
79268
87663
36027
71276
44864
53650
18223
17266
39178
1595
95631
49506
28493
36695
63408
66149
81960
85985
39283
30371
76406
21231
77139
2567
80482
67823
10185
99771
76347
80529
38144
43722
60226
4585
77880
48650
96149
39015
5551
48820
8162
52539
75183
86983
81997
48852
13205
32946
3290
61504
76867
70681
86610
49083
20818
52350
23243
9723
72630
73720
58944
23713
45086
54726
6990
29588
9186
56900
86938
29181
40225
27987
35648
19233
97444
6757
41983
35256
59273
97879
47308
13986
56159
98957
98915
1219
65643
39054
86602
2137
27296
15681
23819
77122
41046
97102
84413
62958
33197
3847
78901
89405
89888
14090
50767
6589
70937
12597
83499
68993
61739
19770
4304
55179
65692
38575
78854
9860
42123
66797
88721
22448
46342
45155
39804
53075
24846
58905
3421
29984
98429
22285
40625
12353
31429
91673
83153
73357
54902
85003
14771
21414
94322
53433
87157
3708
43699
51
74994
67137
15555
64124
30244
3226
61470
1879
53161
86786
58480
23454
40223
7089
41387
45082
38114
97200
57764
71091
2568
64913
61815
36257
64781
86148
53390
23667
81223
43108
79791
47175
6433
74790
18302
95262
84660
93059
13941
69379
99212
85115
27977
51755
85876
12770
46587
23426
40651
41245
40352
78460
24978
19475
73062
2861
76033
20227
17762
73713
5017
13672
10768
21202
22245
94073
27775
78779
83768
62821
21789
63118
82551
97133
8982
97383
5962
16331
95532
22569
78366
19173
74
13122
90951
53642
55278
55884
99287
27263
61684
57862
31013
65989
91291
44541
94224
27126
93684
29464
74613
46134
91682
67879
49430
72049
72953
93445
93600
64015
37958
12745
7679
24933
7342
24476
73959
61822
22663
37535
4183
62476
87701
8596
97036
25714
68914
34315
77281
3534
98120
75506
98887
97296
10758
54914
42480
5087
64886
41339
26341
58753
2197
48913
37222
11821
62884
34727
67095
74285
55027
48064
3312
44401
70190
40694
80407
795
1076
68554
87371
62787
96627
36115
80559
93200
29332
67867
28968
75440
81354
2271
21390
98373
43895
61850
96649
12931
79766
58458
22248
85886
58892
53484
9124
68565
38229
52709
62502
9147
50558
68393
7199
41996
76658
90636
25571
67125
74327
41584
11009
25349
7750
58226
75348
57973
77583
83773
39531
16705
15949
19279
6964
12303
42288
72495
78975
37298
67987
22441
46949
63859
93206
92548
34847
21167
10942
91804
32468
62378
6688
83347
46275
23790
69135
78022
67341
67799
41878
950
73646
66482
57535
90423
88078
50740
59366
60262
67226
91071
28703
10348
12132
72298
95089
68350
96238
38953
91495
5806
97173
38932
23249
79425
49375
24467
63233
82029
83225
84586
26817
21878
44119
10606
78299
90256
30925
7132
27300
10152
78231
67737
4567
7690
98234
68182
32461
81012
36635
50530
57560
13937
27412
88097
86961
19544
34196
51536
67747
52586
12960
39738
24072
79609
75893
90251
2884
79015
77873
77013
69394
29328
7636
22783
89001
89560
17382
70549
97421
72440
6867
27701
18978
98659
26144
82417
66871
13584
51453
47896
5597
23891
59602
61031
87003
37544
93320
50457
77151
85515
46752
27534
21999
15434
51911
91633
42690
58350
33966
6666
34938
7916
35414
81619
23864
20622
63882
46743
53825
91717
57921
98909
21737
22934
81979
88962
14953
64353
71323
19109
26007
69138
31215
32027
3694
46826
33544
31089
28762
21177
66381
48647
82743
14566
35990
2553
62263
73549
62968
87387
7658
33413
93083
46096
79003
77443
64491
57137
33067
98058
36079
95976
533
15831
93540
93805
82126
84078
17317
76019
89940
11294
3823
17479
64210
73310
13383
95282
30807
22647
42588
14189
72915
56927
63153
76242
70699
71292
70730
77821
26167
842
6293
49166
1153
73776
26785
9766
43211
68471
69435
11707
30986
8309
67189
92375
50630
65021
9865
99205
39791
50522
48046
68233
27472
87054
46454
93645
25133
41910
52166
58742
34486
48545
19047
88577
5630
2624
69267
68917
5590
53616
74755
36458
16504
31819
21021
88996
59463
65251
48048
86452
14941
82160
89214
97270
69217
71369
61913
43856
29956
91181
15334
88598
85914
9697
91230
90803
63098
57817
49008
35385
11913
81426
15981
166
90651
75894
28147
84465
66939
75273
16970
95289
47997
14280
88343
57018
43910
71015
15677
22813
31360
14256
52457
43874
62301
19381
77956
20832
10388
89543
42221
87356
2655
8339
96830
74450
38417
12304
22587
60700
22921
76857
77660
62945
43302
30331
69852
77036
64496
4697
87296
8208
2873
25664
70795
10552
17322
78190
42841
72028
76997
75010
59254
17220
69154
99573
60034
98439
67493
9451
1354
76265
82080
16303
18593
12019
90952
74283
10726
24958
6212
95615
86963
38934
35925
17574
56612
35731
89147
26595
42209
48152
74406
91462
50183
44816
52210
66917
93419
50985
97082
58748
99700
21503
8035
57902
16462
85507
91674
28956
90960
81560
98074
83420
11864
69386
39824
37421
33880
78122
88179
20474
88772
64126
99135
50841
1026
25689
73317
93426
2514
66022
79204
84377
76357
26003
33594
71983
15624
51460
79004
75224
79266
51752
72250
86010
94965
11266
17384
31325
59208
17372
89433
39051
177
95119
29088
47701
14326
64831
72420
33261
61749
61410
88695
92236
65165
40549
57868
9584
39893
98066
20990
30273
9306
48370
95659
73371
77726
59850
56477
9894
94648
82431
88347
74657
68657
76767
91480
76673
94718
65281
69556
35833
45830
13040
68875
3679
75406
82229
68128
86707
13047
37707
11104
47497
1897
82003
30083
35659
77244
63087
74801
25330
30553
85947
40994
37460
58393
94005
83459
46447
2594
71866
38072
27514
3400
21143
51890
91141
89019
97473
9924
22111
49498
90591
1182
92654
42174
48138
24905
86875
77489
63862
43937
4485
70858
80260
5604
26482
3829
83999
40476
30587
27904
59090
73388
47351
26906
49603
42568
58765
54822
51637
56937
41288
67702
65557
89735
74068
78103
64281
56568
83193
24823
88667
53992
55967
937
21608
88794
75997
65524
11431
43678
83007
80394
1853
28933
33774
77838
61
52782
85207
59539
70560
35837
69367
74737
1364
15063
74956
77575
16556
55440
73560
61800
16191
4552
16694
60753
88074
81597
48907
71052
84238
80517
65191
19350
14719
90780
62097
98304
40616
4472
40406
53879
33190
69255
3725
84906
85301
17717
40964
92752
84185
50447
8143
17652
32354
39975
69150
41421
8101
96082
59267
6332
15967
17856
41514
22433
5728
87749
99865
9952
53473
20882
63760
46258
25654
51445
1783
82394
50845
52952
1124
9058
36851
65207
39759
94822
64188
95267
63563
90185
42263
14838
25691
89179
73330
46200
46552
17029
53122
2428
51816
86518
6858
12564
86157
76175
58504
20576
47663
72042
6199
78039
67772
92203
22379
27840
68958
31683
87550
56014
68835
90161
52951
312
4065
54394
82798
51948
47039
97833
5423
5039
11784
8886
32860
77734
80792
59519
60774
62796
98035
24331
63836
72656
2490
71776
14210
55518
49541
49544
49130
61369
81858
68864
99245
10328
86265
45435
76238
91872
38139
96072
96209
82039
75297
60879
41558
34462
2177
5085
75693
82081
67597
52012
97859
69022
17884
84729
38043
41102
33078
54493
79102
62483
93746
83203
21203
2480
71200
65934
73837
94808
6784
48560
19421
71493
56350
82472
71714
51658
80977
98871
16057
47414
97314
25628
7564
40351
68643
66318
5262
41842
58125
89816
70200
6478
25374
89892
71511
35806
97127
81829
71837
37075
24971
8500
73225
19572
52916
70958
22079
42488
44011
47472
87961
9069
44259
46548
21
21395
95711
4403
9099
85822
88040
38779
7917
33153
23855
42201
17456
85921
19068
34763
8135
32783
25256
22291
20707
9667
41180
64474
53814
59936
28175
11029
46232
71655
52965
18553
10300
73895
71007
82593
99647
2874
90655
42770
72776
76185
64976
16125
24955
39412
97257
50579
58071
66854
80412
2404
961
88336
80055
48520
70609
89855
90095
64006
80461
73150
1009
71801
94900
17643
90671
67350
95862
93503
80101
81034
97377
27015
45432
58704
88488
36859
59064
48794
53869
11779
70022
64072
95367
99995
14714
71336
61671
39216
55970
53364
49065
85219
4896
24965
1515
2668
91465
49216
87609
25235
13987
28569
4032
13458
69557
49723
68586
60816
18445
89559
74914
86698
563
21014
44326
55103
39796
23472
22720
19484
64542
29338
42643
85620
86059
64926
77040
49788
18143
73148
2758
94007
71927
55670
45955
39355
78599
83164
49959
1814
82026
41388
68433
73606
79296
33333
3895
45304
25064
51794
8069
16550
88648
2423
57564
64203
63162
7298
11600
46121
99711
75133
80247
34297
19780
3159
8334
80540
53227
90562
85408
33949
66784
12918
16149
58406
16638
29731
15280
18241
97089
7926
86238
96293
73004
75823
46705
88188
14631
18546
23989
24042
52434
2715
95443
31204
5892
88307
58248
84043
6406
28935
69890
95365
15680
84761
76762
4197
38836
95453
15047
46625
91664
86636
63384
65716
33640
24624
82266
88103
14450
23268
36989
20047
88178
73164
43840
84919
6086
65159
46352
97867
96137
53078
4039
4689
60066
19244
4282
5504
84755
91244
85117
17425
30160
26057
75337
48917
96271
45139
19467
12047
26035
92502
17066
22257
960
41176
14756
40796
36408
94435
62507
85594
3115
16598
6686
64608
52865
38447
38592
70837
81712
86710
80460
17849
9353
24149
23063
1575
10440
74410
40541
68323
73509
94582
78325
26307
4022
22952
7628
69391
51694
27623
61603
89152
22087
89566
53710
78337
52082
41948
23165
7325
95702
55388
70138
78453
29100
33912
37103
51177
38635
34043
84829
87215
95398
2726
22145
5643
39600
15192
83278
57799
28536
53276
13619
94732
76493
9332
67969
35316
66782
64917
63333
6761
10417
36714
66991
61027
29797
85708
23069
21401
95132
46747
74335
47292
90779
79605
455
2960
64212
47029
31422
45357
19265
52178
28531
78868
13382
35861
58755
45761
10772
75115
83063
20342
85033
14786
93178
61189
90506
88360
52249
34600
22326
36100
43873
99862
89446
30319
62603
40497
885
81920
65321
69603
36003
76043
40959
22031
51119
65147
44190
15262
33368
51627
13065
970
77986
76775
3097
91710
3297
90300
97638
52318
28533
88065
84849
7958
98191
94765
31205
14596
84286
47229
41042
44784
56169
24204
61663
92561
26738
12857
84931
44893
50826
1976
69250
49180
99183
76074
8777
81571
41165
57611
69572
26259
12908
16102
45677
85738
26195
4301
80108
25209
88855
2399
78386
59475
54317
37294
25630
978
98002
38383
1654
48083
84333
63683
70317
89105
26320
39119
41525
52307
80871
89832
5476
77085
7954
15430
12257
74027
4781
89820
62578
62852
61679
68354
25694
45384
30539
94393
58146
50202
63062
15043
72599
81774
63397
86001
26298
78931
46841
40234
89227
26301
39762
71321
12319
5297
74639
99646
54823
31186
90286
50625
74857
5489
60169
43853
32854
54071
40638
35863
12222
98285
53336
71703
27393
50292
43476
48058
36330
57251
75753
12042
44368
42512
72482
77313
84868
11195
97019
66206
92585
33415
44238
58247
73616
70290
13882
14693
33958
68870
71911
34389
70029
91264
89828
4271
75527
78428
49916
87353
67903
61302
65058
25634
46603
48088
86373
81673
19077
68046
79630
23696
69523
93318
71697
85563
82786
19419
27292
59864
46155
37106
31456
96344
56640
35503
19664
10450
38875
56138
60142
17300
65384
34691
50367
73393
67301
4504
20141
8825
50991
54860
44589
74530
28913
462
81745
77350
38688
34968
52386
94841
73801
39055
61315
68220
81973
97864
93471
50116
58356
29152
23915
78860
10545
97718
79062
5568
63071
95301
67621
44165
92584
97390
30063
98163
11682
89221
81599
10748
6442
58500
79843
21314
47764
96153
60600
11394
15625
58557
33430
54413
56822
31218
26001
31858
69049
51742
66461
82002
66356
88706
33738
85754
3966
42139
77937
89256
29707
14925
36736
94490
45325
77794
51954
85411
70890
58924
42771
26127
19208
48811
37537
31627
49240
6815
82994
37241
9438
25620
20699
81747
68606
79382
58442
90299
39498
73149
31674
10469
95219
90795
79448
2061
33357
67544
61301
75771
28751
35798
64249
54227
62819
13661
27552
83139
67203
25059
40267
44420
82830
71623
29913
56490
71587
84602
27075
38935
98810
28203
42132
36511
5594
3411
32730
4786
42785
44247
42305
84887
52653
28351
76608
77344
58784
54022
25787
45232
34991
47644
39797
42531
1347
40690
13977
92508
61268
93697
25998
18979
25297
16456
52172
14207
42067
19245
34277
53812
33698
72768
86165
74794
14845
92959
88192
49473
13447
15912
27801
20670
61293
79133
51436
64836
77310
36336
10428
20260
57633
55739
38632
95009
23742
76687
17561
39306
4
89755
48999
24553
56978
20169
19695
41398
29991
65918
3355
26278
48266
83482
45745
77049
9995
33866
27625
47615
79009
77083
7895
56217
65917
44888
11604
6390
49748
93468
96371
88264
93023
78822
28946
84900
16892
5245
90468
5924
92832
12947
70238
16515
56812
20554
48829
65232
14043
72106
38583
98118
12438
48606
69037
47528
37398
16754
16957
53902
1533
57778
50089
85629
72466
41054
10715
44063
63544
810
10553
82174
34788
95826
57438
86127
69482
43723
87106
27787
22406
13155
2285
49164
20183
12459
56051
87730
75957
66257
5804
20854
8533
28267
38452
74346
97878
27488
98882
59097
34296
55620
10992
30010
84830
91755
29263
30135
511
4550
84573
56073
63613
90799
40096
15586
35498
71468
38842
66466
83267
31219
35699
45617
83305
12662
26446
89854
42523
44158
21240
17900
19574
59930
17859
52733
59639
24881
85428
11565
19241
97384
66741
50438
74252
67367
22890
17213
80960
59806
79158
21769
69829
39171
36037
43630
66480
56496
62472
1148
97930
91321
21931
53938
41431
58333
38810
63285
44071
92681
6249
90270
61898
38418
40904
68424
362
55627
8214
6931
61474
13645
12360
22051
30853
36910
28102
1207
15897
70940
16698
55365
99570
66007
1793
40778
67780
2547
53159
61316
80776
50070
96912
12997
90437
43903
55975
62118
26970
23724
75685
82196
60056
27487
88661
64521
49444
54988
90965
37461
36371
96494
46781
13511
38459
74063
84067
30106
29922
84270
92337
53805
66067
95665
6069
39489
43498
3024
81441
14823
92200
98095
68181
37227
63801
92113
86538
17651
38880
65534
33552
48466
4666
7542
61707
56286
76462
42256
15730
81376
7627
87989
17783
84258
73741
23643
85497
93635
24800
49694
64602
54920
73921
68915
67614
98898
36272
73538
15765
99655
95488
1589
76817
52750
8427
92386
36484
67208
65229
59739
95062
95851
11225
57843
71527
2273
25368
75057
88505
72789
53941
66695
48365
7710
25438
72070
69564
62026
25284
79479
20371
66107
73961
56178
34177
62260
34913
97373
61366
77995
90957
93216
53785
65390
7221
75358
94815
39449
60090
50130
5443
11639
93437
23105
97729
88482
73615
57061
4738
86206
4776
52511
95882
76404
99905
30406
8525
35870
14715
26463
45601
91908
84885
65761
5784
86464
82966
35737
36204
90897
19341
30084
853
20606
40995
54364
30877
29669
97126
76206
165
70870
88044
49829
9427
78145
373
9979
76869
94668
29730
61132
32768
45327
78531
37080
69881
93181
76186
69314
69337
92666
80962
43261
83509
24451
12636
62648
70610
29418
97222
52980
48463
36648
34326
85190
91431
95247
43437
44948
8090
39895
8075
52785
37746
1661
1083
27236
5576
46280
94655
29557
3573
28124
49416
63777
52413
58461
73909
69123
67729
83033
89516
38217
2665
48859
41470
82638
83201
90075
34220
69347
79508
66103
3318
76471
11100
96471
27994
58436
5582
80843
45223
7375
68504
92370
95549
48285
78962
61125
50992
11063
24185
44939
60406
27829
58836
89267
42411
38256
39887
93823
77912
29597
8161
86351
77295
32339
72668
52742
70882
24412
99195
15990
20679
77025
81870
25013
99473
6264
26675
58078
73444
90130
50594
76160
23292
1375
14621
1021
64470
55533
97282
70943
5900
12995
44086
7998
38245
46916
18028
14641
12390
62339
38249
12698
71227
69047
9721
78950
86870
13551
9762
7023
70596
39450
6276
70103
80972
25116
75721
55899
12193
98589
67952
30828
34807
71961
51227
6369
99468
69007
3331
6184
9914
54849
67618
97125
31256
2010
90283
65291
78326
72282
26832
97434
29139
92902
26770
30043
28246
21984
19261
7070
81393
48139
55539
80388
73789
66014
47281
89314
26066
90683
52108
10875
58627
59769
86089
10253
35736
10868
30291
5653
86651
47109
57119
77967
61591
74909
29575
85984
14124
44406
92952
25245
69452
61213
67974
80765
57295
84224
38129
46805
74359
97441
75472
61044
14453
27157
780
94710
97052
52551
81023
49877
2454
57083
71696
14875
51918
4506
75684
15576
62669
75054
31510
56510
62569
40632
72372
61556
74989
74070
72073
6533
57504
99532
65579
10134
25456
84242
45712
46572
95870
92976
97025
89784
52059
1087
49623
62729
6816
80528
96181
82827
74087
72558
77710
26827
52989
26000
72442
8326
83061
72997
42195
67706
81214
10877
2737
10531
26899
77228
77255
94943
11785
46990
64801
86583
49397
88935
44741
60918
62057
53140
12584
33746
29873
36970
49214
68542
22911
82928
12259
96170
35053
59354
39281
44265
77473
88091
97600
96653
20835
62002
5287
96887
54656
3279
92154
24009
67692
27711
84513
12911
74811
89255
51639
80899
67269
35853
41073
34697
12001
42199
7124
1146
73998
37573
89092
94619
44670
84870
82734
37520
47206
38379
22759
98499
80254
98747
21158
58551
50940
60073
36383
47648
66232
85485
22140
34414
80844
58242
48998
50071
64742
42573
28605
38852
68065
15499
12396
47752
65766
67961
29162
63834
45248
55874
43434
99784
32128
79574
67364
59690
71530
82546
99338
71194
4678
99625
58117
51045
73572
47289
35896
14664
71942
84763
25935
21823
47740
89321
92174
16394
22835
23145
69203
8782
49296
60606
21033
93741
17367
77941
20999
64342
41872
95736
68297
92414
23680
53130
50054
34069
93782
85001
9265
15463
47333
66532
86894
36534
84245
27508
82223
82111
29507
17659
92070
10236
41687
80378
48179
58008
43101
73611
41370
37066
4830
48472
2346
78983
97046
11767
31380
41591
55740
18796
57453
65700
29891
64511
35504
33496
26410
49481
84510
3953
65398
10757
91921
35009
64391
47696
24054
67661
24048
35864
72331
66336
16392
49543
95039
19622
64984
91711
39088
10028
91051
79949
63311
46110
69334
44051
28182
47242
72248
13409
39814
6619
28804
12941
8178
12777
92937
45116
10457
78516
78121
4589
41098
20188
61128
14920
49279
57200
18758
12577
31393
7184
70255
20463
55316
2310
81550
78072
58856
19879
60543
15840
11395
20382
50717
23507
2468
48300
43174
26223
17563
16885
22798
33859
1197
36130
96286
77699
57893
34655
37336
72140
34834
68679
98623
56170
54178
64998
92171
2842
12192
36961
52668
88248
3566
9960
51938
65752
22389
27535
59854
62951
49986
1978
22948
34786
42145
99786
86214
84069
98796
3441
73889
71454
56276
36845
48861
18102
61041
91918
53396
30528
15732
32033
91065
59935
56357
13376
40887
53492
67648
51480
76587
24082
4258
29227
77850
64383
79486
20261
28174
38894
72614
77674
64075
28472
6949
92641
5146
1588
88251
910
67121
55307
15905
77561
37564
40369
11729
65050
58777
36541
71154
22278
1885
53543
39310
21677
76611
18732
62584
86371
4214
38946
74905
94418
71009
68884
75912
57436
58482
13208
76554
38328
42081
46927
51357
54674
13517
35891
55197
504
45514
1852
81875
71178
85493
28621
11786
46083
87911
24599
53684
90321
93723
94649
72794
8605
92793
10957
72863
88626
53741
53776
28790
27405
30802
70411
4400
18969
20123
73333
59924
75830
65051
29164
4532
62462
79673
15110
69987
30312
49520
75798
46608
30453
85304
60091
25635
90169
62145
67087
73749
85472
15498
9947
2330
77664
52105
86958
10208
81041
72213
29541
61968
65213
66000
18564
15573
61072
72258
63484
23047
26
90253
8968
12033
84768
34848
63631
28576
49383
8744
47235
86254
21821
26497
40132
13594
49868
81906
7836
75700
50510
63675
97348
3171
49635
32099
54653
74717
74708
4984
50077
50209
23121
42216
49251
20398
42097
13425
96405
9736
17428
13094
62195
43400
54678
25793
47244
58938
27460
99912
226
15787
51056
38599
39284
34195
71830
15158
90111
32164
37914
20359
62909
8711
79723
84046
55464
62551
59178
88891
32369
60706
93583
94128
91145
9465
81710
56232
50581
41126
14570
24069
47791
95919
5122
57680
57302
88796
95366
27798
22604
38096
35784
56741
81797
99634
72578
10685
8368
68505
16255
63903
36019
87351
3949
68744
69252
54128
50484
90709
28944
56310
48280
19171
16674
92807
12819
99306
46858
14182
64700
32373
93906
14328
83009
70747
7823
26391
7391
3947
64707
90791
25147
1713
43473
38067
421
32118
93397
97647
38456
30178
93852
78291
66197
71865
88125
54505
37100
58695
10085
69856
23929
3033
8746
19669
37818
94907
69433
46011
55311
3469
83672
82760
86930
20555
90183
35404
64923
22539
59466
37938
69917
18105
11405
85284
19980
45862
40976
51242
67437
35378
71279
19514
93551
31992
24774
1998
62509
32597
41888
57387
35508
16174
60341
54119
81978
36041
25731
22339
52628
4576
24346
9134
83596
71416
82072
47482
26276
23247
32194
99449
44802
91713
45952
86401
51969
98504
64314
88190
10275
26923
10032
33207
34874
10995
89617
58043
12241
86095
11040
64241
73642
79721
56407
15443
78918
95457
21247
28553
84590
63030
29038
18987
39164
8186
6550
1508
75779
17151
52624
43017
82672
29647
9899
14622
21872
17454
83392
5574
51779
52903
9822
94222
33370
2725
93951
55175
36220
72427
81080
28775
99624
5610
17695
69133
19517
89149
8106
44133
83374
19366
51685
91940
86488
98204
7738
76503
43061
88068
91593
77455
11148
48140
2845
46476
27955
6310
61662
3102
62686
55516
16138
29742
7351
53173
51160
98332
39661
467
61849
64918
60965
72791
31773
57772
40556
96022
97566
41505
37317
37848
17824
59009
83569
3585
83706
33677
93193
44070
97277
42370
13741
80067
36778
96321
91959
15612
81849
17001
93527
63866
46621
46478
56426
24741
28312
62799
36090
78621
27946
74337
26444
36244
76695
76403
58324
94500
12463
61055
73811
68032
62616
48572
83224
35517
58229
18036
60544
59470
57918
78919
98257
47620
69555
19356
52852
73284
77693
14009
78480
56698
1917
64251
13298
27984
90668
48369
95493
84013
4619
44716
28419
49154
33937
57000
70314
35442
553
55591
11360
21024
33194
29233
56498
70082
88711
8411
935
24012
77766
14923
99149
19818
42421
94559
14967
72254
6002
72969
23216
82222
48322
86305
9937
55996
63498
68807
25813
6704
25191
74192
86781
39117
40228
65660
22584
3095
88467
79955
65748
96099
34028
21270
73365
16186
41830
17091
5508
60559
39780
60855
99046
83186
92179
75692
75305
6371
27496
73658
56624
54191
54648
29235
46505
11803
57073
75196
28062
33886
71718
47909
4427
18601
5631
67162
22016
90138
98880
18750
70955
10982
78721
45318
57268
68352
89190
78155
95929
63959
33044
58398
14127
25667
12079
75024
6975
35379
36266
24034
24760
2214
97604
95504
67287
8882
88663
20317
60752
84095
20560
94754
52670
56260
35398
13617
54770
160
4202
55303
47961
85773
57320
19322
87532
49951
87452
96504
99260
56696
24505
67672
51185
58304
49826
59460
53797
31712
46915
56400
31048
77882
68499
98399
41357
93015
55240
1540
22239
71885
69199
15176
21561
57897
23391
72574
97245
98805
87898
52334
42131
75683
44936
34979
66568
25360
24120
65175
76955
56444
88050
58491
64952
55052
95987
1560
87161
40008
96254
19699
92052
83077
56413
10395
72376
68339
84896
90066
38966
97481
34940
1632
32820
21657
54597
32988
82213
9704
63442
19755
19643
80241
91913
82015
56205
34469
85540
63931
61852
32726
84456
60037
52901
62435
4396
48900
16016
37518
70483
9638
32070
84654
13491
28622
79209
37703
77323
75990
1591
54492
80493
7744
12807
28985
26440
85785
50566
28100
64382
67858
2557
64248
75829
6018
21248
67607
87724
59227
13284
39956
90841
89119
2693
29808
39812
46969
52765
75590
23710
89567
56481
12331
41580
79903
65753
32272
65870
51735
67033
36680
43862
10678
52978
8185
63672
62913
22411
75397
1090
56789
85202
80344
44193
26120
35558
71491
14049
88494
44030
31703
68650
73986
87476
85637
79921
71809
61352
77432
50403
79339
3658
83100
54305
39999
36838
73914
5862
195
64367
20760
86145
81892
8173
71631
55609
69068
3181
77084
11179
17168
29441
89615
39627
77825
3438
36261
25132
18483
11317
83257
65408
6606
83620
88497
14032
12668
96547
91032
26761
26286
79895
74454
67240
67473
10688
39900
26912
37357
67405
65352
85879
66572
25727
55216
27533
73972
62274
63573
74727
23033
24170
59484
56495
70412
6635
39842
61866
95641
10561
9841
50028
7287
13789
52209
19537
9636
61638
59072
83909
30294
45330
47657
82075
84143
92500
38176
78191
41191
9645
37292
53330
6061
51052
38526
24232
47726
84308
97175
83209
12159
76200
12954
50177
36410
5660
8365
85255
3671
10220
92790
69247
97470
53328
88517
20332
89151
33176
32282
94922
32216
66723
7807
64425
92812
53525
1341
76058
87242
38516
50208
70496
43615
34416
94328
43002
8523
52138
94359
18867
9152
88629
61664
21781
50583
6240
17692
87492
70392
53964
51393
23008
61367
9414
43681
91894
13933
55574
89197
55722
81143
28145
49230
26797
12733
20588
7293
35687
64244
40179
23787
64755
71921
78956
52084
53845
90929
50638
21678
23132
92924
26383
30507
70692
30351
37676
56443
46912
77545
2699
61291
20505
22977
12895
75603
57427
94741
20172
44381
23231
29257
89165
32777
87560
2121
38265
20213
44072
64315
24224
58738
91809
38872
36189
25103
53732
41420
36275
73925
48041
73355
98878
86096
5835
13721
26471
16297
85168
98484
12270
44743
67764
69673
86752
45465
79745
42926
23852
11353
95355
98591
32566
13803
38768
97298
3969
78405
33562
74970
92919
43513
59300
42366
72207
12492
95436
70054
19792
59948
32470
80942
29519
76749
15843
56196
33066
5875
38002
53475
98960
60615
32574
55353
56456
52514
48320
49131
64807
79835
70907
6479
79851
37385
26337
44023
78322
6524
98443
30903
90128
44456
11005
54567
6509
5096
85283
14951
43801
67604
45597
35938
5535
87063
42350
85659
10483
8357
43409
96492
43215
3570
38634
78573
6870
30276
97597
18889
76099
52406
69226
38961
82972
82911
35577
84455
50331
66483
15795
41943
10709
40930
33580
65661
60306
87716
10639
27909
61783
53027
23378
98658
32864
12757
86506
91008
45285
90404
97733
12499
77248
58521
24099
80604
39111
75072
53511
78953
48313
21349
82807
88948
38065
8010
87548
66691
54957
44014
13213
26907
36415
29977
96662
42582
82627
6320
43761
5984
1621
34516
40668
79274
49485
51031
84053
99497
36811
11306
74138
63615
15849
61934
62300
11034
76636
67857
51198
71084
12277
72862
99464
48656
56848
31128
18111
66373
67307
53377
70197
38087
98169
90048
78067
73622
131
4795
40431
73100
96686
96093
49207
66513
33211
6957
58955
3976
49440
15300
99572
36281
16062
29086
22394
95799
56597
59880
41846
54122
233
42843
23540
61200
84359
13055
17814
15048
71216
766
53208
64328
73524
90517
59453
23491
59326
71717
57616
41071
32944
25947
4260
18019
20403
23671
93958
77053
30565
16418
8367
97379
1332
88280
37915
10062
36453
63125
63940
86353
36640
81110
21596
83737
80934
90593
44142
27509
78655
25682
49569
14514
24259
55115
60731
91743
30365
92705
48404
78495
7165
29116
55162
55047
99316
9437
59505
75446
86259
68628
34884
58046
98536
64235
36963
41841
73058
99960
26978
43042
3611
35088
5523
53131
12099
46991
85846
25816
91225
23017
42276
23614
5080
93934
13586
72639
36179
33519
48541
87426
72986
94093
86848
81253
66967
67542
8801
68758
49418
94040
62694
91227
41909
54873
33572
30523
45360
53551
38415
59745
41593
22730
90395
50488
2342
59761
65577
78580
98176
90289
90431
35585
4392
80596
43149
22258
13556
18037
42113
38560
3118
80299
99987
8465
85259
29381
47380
56390
440
89178
21779
42152
1838
60502
84988
33114
82812
89647
57879
41794
40139
70810
77475
80043
81118
21523
8240
32994
35123
94321
93870
94707
43423
10206
97989
21019
74324
35249
45087
81373
83918
15264
15768
9128
1350
9317
52100
21844
3910
57681
49598
6388
56406
94031
93974
91960
44149
78849
8704
45592
3140
3550
45392
64897
72336
26080
3622
97112
77079
43622
33511
44061
89569
72373
67066
94589
73304
97594
601
38588
18725
99932
81899
77935
34200
61140
16759
49086
6947
9699
68005
8192
20711
35681
78926
4129
50512
67243
15965
96819
57505
73797
76368
93699
29534
13316
2236
63936
63743
66489
40367
9558
21998
43570
49224
44360
64230
90000
26229
69127
38826
54872
2998
28359
81302
22954
7194
30466
17765
60567
58155
99789
66020
94438
6359
8594
82526
17895
21003
6553
30785
65837
27668
72897
97415
49026
48495
72308
58252
40314
68752
92916
11503
69914
4787
70777
96922
69423
70323
12654
98606
86815
40282
48920
11589
87970
82487
54230
66992
43254
86626
74367
66621
55016
85057
24789
33975
60279
5186
99337
14412
20248
24194
20193
332
42880
95321
75260
7933
90851
56876
66777
98088
24446
27342
43378
77428
65645
92923
83328
91097
49482
41962
47241
96079
25956
69847
52781
89033
84609
83036
83306
26934
65667
47643
94501
40205
93559
58413
69176
18435
90707
6503
9051
54474
15060
10931
93051
70383
1316
6616
26756
74233
6508
22426
15597
58490
6323
50228
58282
50221
87523
18506
2240
37596
29641
41215
69827
79652
57156
82302
41241
92678
18804
26993
14235
43779
92901
27064
34487
23444
31635
15914
12910
40576
17496
51074
27690
19252
14870
16200
71402
32509
16708
44141
5603
20228
52885
23481
49624
64039
96794
29798
13732
34787
42260
82907
34515
77167
81077
41579
7683
45698
70195
90920
63765
80368
84974
52943
96924
58048
18967
59804
17075
91671
70424
26455
90572
84531
68486
68415
7946
1037
32182
45868
87617
43466
66360
29131
21041
79355
26489
51731
59129
10242
22976
58193
77888
53477
46349
94941
7060
63497
17228
42801
17711
65240
57747
22547
68491
32753
60495
31037
27611
67003
80568
98065
38158
5919
60378
6802
71556
38851
8504
69884
20481
23203
37829
42869
12416
28664
92413
95311
75368
92140
89691
7212
48571
72918
26841
66379
95298
98668
38342
9609
24037
73114
85395
3530
60223
24154
9418
19924
16878
3608
53718
88936
31769
13624
94369
4151
54733
23621
62474
39436
84638
17992
51332
70520
41110
75696
68221
5577
87187
29811
80003
15735
15775
72436
55412
92835
66612
52924
36833
6135
54312
87074
92965
13289
42621
55734
51309
55017
52070
42046
2887
56147
60627
91098
67790
46667
67719
5918
82534
31793
42649
38598
84391
23147
68287
34952
60392
40327
75560
14152
81483
19357
65915
26345
17816
77621
38665
84847
46854
56869
79732
48049
44769
96610
3509
27924
53597
82350
82869
7972
52289
29289
29918
34901
92816
73054
21588
54799
44601
63602
98217
87616
31576
99398
29640
75577
96185
75717
25740
53030
34380
31064
46686
31691
21612
22732
74329
90701
3450
37458
93818
96474
48991
58307
18495
98089
46853
3269
15425
37918
60396
61589
56702
61445
3644
42596
46953
13313
64866
28202
8870
28638
40289
56461
45037
54621
35441
17666
93412
55597
63294
6736
36287
56240
33464
7411
66700
23036
47516
26254
79137
32308
95032
92485
62354
6651
6172
76756
53480
54238
61893
73936
32379
84338
83207
14481
12531
60247
17609
71173
64103
74614
7304
59328
48010
61744
86972
54269
3002
35774
27394
44922
53017
68245
16009
14318
16836
38
86014
37922
69053
2830
55497
37731
39131
7517
51614
3005
27832
90928
69622
59111
78867
64312
84970
77459
75677
52847
10651
92630
87096
85630
51945
98202
35989
914
59630
13291
62291
96617
19042
43667
77649
4328
87714
24828
37017
13542
45455
24705
65074
22204
43805
50622
87299
94433
41598
71333
35766
88728
35789
24134
69216
72449
22360
44805
87463
33964
38025
90083
12645
34804
8409
25432
85700
80282
24655
63341
7292
80573
63064
32059
61970
23347
24722
39714
47908
9538
26902
2542
8955
84548
31284
58085
14919
48915
63290
39380
50508
82118
42810
69294
60764
96141
42272
61343
71048
89285
26347
34102
65775
43185
83867
38724
25955
7768
63991
59942
3529
34887
30116
47350
21492
42704
97234
93651
56269
44066
8031
14655
77054
40965
76138
63028
94208
57696
96120
5281
75991
7756
89140
97113
4016
27477
80874
59629
60710
32491
93310
43605
70771
67259
37382
42404
66194
99602
61488
53638
95002
4170
18467
48619
84088
87283
10023
38202
68353
23608
99614
63556
43259
86233
52508
8881
31572
84339
57153
40918
61256
34994
84526
54927
80803
45328
92608
14228
9912
22463
29067
30894
99274
26924
32003
29872
83206
69775
85686
36698
32508
81595
36
93098
94539
50082
13962
81962
84719
26800
21978
53134
65612
1331
73828
73842
53694
33323
94497
20817
21413
95133
42613
58946
46227
89468
21994
92853
65284
45457
42207
31520
85840
43196
2436
15725
74235
83327
50657
88186
48321
29059
89791
76240
38261
47379
76717
47
23274
79394
32335
62207
14841
16628
89501
87980
21982
34866
65988
64076
90575
64453
85044
38746
92594
96452
34716
63965
20244
10830
38420
14237
53292
89034
66807
60235
27913
69233
58757
238
42585
40731
81166
33141
88445
16154
98595
44680
97752
48504
26401
46582
55113
78847
49377
57754
7078
7355
31679
9543
12613
95458
83954
47888
37084
75265
11576
41238
3452
6741
86152
23600
62
33399
17237
64293
7796
20816
59044
48047
26448
9849
75422
22993
74502
85816
7902
5236
62924
33142
17938
7652
76944
69978
29297
22052
99892
35875
63236
9563
38505
9282
85533
15979
53354
15896
78551
9838
61118
52438
18307
65362
91881
36136
59828
25145
99256
45710
767
78377
70881
84912
36045
37313
58496
96346
25422
18603
31833
52595
91607
69489
35574
86797
57125
73866
17085
8223
21527
83994
53966
35761
67140
18994
479
83960
63925
65851
69449
15500
70171
54503
36496
85337
8076
98330
85002
38349
80541
80384
34544
43111
94800
8493
54528
44197
77236
33783
34533
87943
17468
53509
65675
89648
14066
21619
98491
87636
75007
3935
10848
4914
7789
55607
61174
29200
28151
42920
38039
49952
91723
41394
44211
21556
17416
72162
51977
38441
55905
80837
29982
95685
12715
98370
94686
26184
93659
41252
34826
33480
47885
22755
12451
126
48501
89778
38159
74563
71720
54593
57333
78371
77048
97170
97110
68801
35403
56901
64967
48912
54542
28271
25390
70793
78463
88988
39099
38434
66905
73833
49403
62255
25096
68129
15534
19477
72149
78716
34063
34842
81471
29389
10180
90515
43533
28345
89865
32327
13266
8061
75249
72240
33434
27404
65419
75047
66604
5485
12419
85839
77374
42856
50332
21118
31964
32333
85375
60619
26594
10872
52622
4169
6151
48131
56842
83784
31502
372
13708
32983
39158
57011
31940
50549
7950
20678
9411
87954
55642
64702
89781
34057
73111
42888
46202
83144
35645
73008
61402
99866
43764
14287
95006
34752
99239
49434
64096
11297
96741
34572
87047
10131
12526
98735
95109
11751
52809
11723
93395
41646
56792
4931
6907
6334
35637
89450
90539
56561
93439
41299
28941
80300
37274
10162
14298
17526
35396
1446
20724
11024
83563
87442
96146
6094
39334
74915
48673
28406
6570
78137
24378
66770
20175
36490
19997
65924
13142
36058
66855
70617
71661
77121
89604
33149
88567
47987
91310
11857
28173
74048
28930
98384
47934
9319
16170
19837
93362
47634
50799
44106
88776
71032
41014
8383
93811
66229
36106
29893
61642
71300
62143
21859
94790
53768
24594
48550
37576
36494
28214
51651
22336
15307
79729
35745
66165
85696
40257
88124
60865
68407
26573
1162
10266
19657
61314
85931
41353
39802
33799
73605
31622
73143
40520
91707
32558
43716
88363
65956
73414
97874
53470
32571
38738
84922
99717
96524
10225
24464
25314
53408
20142
22263
52458
39408
43350
22471
50189
52213
65310
69646
2669
78882
59657
74855
78672
36938
49946
36731
12371
85510
46324
23549
97793
11196
14891
28242
28038
40628
51304
16763
73451
8783
77299
85711
57123
45050
57091
19128
70571
2804
70183
13260
53837
59223
8930
54045
36216
46681
59691
71916
56421
28889
37011
99422
30065
47508
87340
86618
42824
46218
70961
6156
34992
14429
13638
87258
70469
12602
65624
73040
33888
62663
65094
82444
18108
77189
97583
41105
84569
42779
43072
9117
82752
72117
81491
86455
80846
61432
60409
9906
35804
75806
90255
84585
23645
38150
71077
13333
66950
96261
9351
16112
56440
46242
37318
25546
74055
40744
79708
46551
1726
59048
55245
67413
79044
73856
73179
84699
75245
73902
68729
74924
83621
64738
36098
77574
20367
82371
186
96196
89250
81758
16756
86818
2525
85973
84394
7742
78726
3663
21944
57506
69763
757
52247
76085
88890
15984
51858
76888
58022
97317
85729
87503
79634
62307
83491
4259
68328
866
65285
30500
31861
64543
21193
92037
86469
3779
64777
73516
54186
70402
42120
72500
16155
80580
26134
5022
81904
91017
50122
4665
14701
27466
59045
73067
52936
72026
69439
13429
85920
44844
27114
73725
69166
77375
91936
56808
51408
1928
15637
31123
51420
87900
64513
98846
36150
85378
49846
81360
38301
11438
40165
39756
16498
60460
4425
69444
21776
24754
21479
13821
15762
89655
84800
78535
17787
27247
78781
30769
31111
21694
32800
21144
97352
87414
81180
18204
63621
46388
90650
82188
25675
20233
38215
57961
21280
77445
45129
55774
14440
58438
96888
15803
34526
74996
2072
91541
69341
60995
60803
77613
57022
54351
4455
73373
35084
32666
35260
12553
11199
91744
54943
40570
41437
87015
63464
42419
48094
18681
46894
40564
17276
59204
49064
43791
89591
23552
47010
79900
11083
18778
40883
49265
23166
93569
92677
54696
80594
85764
42241
45754
19165
75428
86567
37262
27141
35419
21670
5371
26995
8123
39006
46180
44409
29423
68162
89847
31295
66742
45783
31443
58745
90883
83494
12487
67022
99367
83685
81585
42062
45777
42968
68134
67260
4592
98264
22322
68019
7
52747
62321
37713
64745
35285
30886
52416
90205
58868
59434
5605
89238
7088
36872
56050
70175
98563
92272
42527
74312
45238
12022
94242
53372
15746
31143
7634
43906
47785
58497
21124
14926
6602
20209
84366
23233
79379
23479
13948
78906
22362
68285
78923
66766
86911
75056
6683
38520
13206
92186
5483
76157
64195
30920
40035
34597
37931
17586
55882
88397
63188
49347
9413
43857
20380
98101
86494
40981
97033
1013
65201
64152
52891
14998
22207
48488
22883
75906
87221
7678
1115
15976
21308
99619
36317
12287
36382
54701
85174
88541
15082
4910
18657
74332
38552
34252
92338
90349
70332
99086
99992
78842
37531
71997
9646
22347
32617
48756
69682
64227
5932
9534
96122
35367
71738
27644
62016
41603
58261
12133
49765
46372
8038
62950
1337
86050
65801
59043
36390
42825
84323
50848
9824
85438
72161
93367
4829
94121
23743
19647
17744
15492
51123
42476
7569
4069
17429
65131
92303
13901
71475
37853
43804
79993
14668
40571
91018
25172
31070
14006
4203
8124
89595
21873
98386
51696
5440
32446
43074
52889
90561
5238
1703
36527
32986
52004
6680
54212
74381
49268
39761
36263
65231
83334
79994
70189
10722
60602
28543
94382
69934
77463
1570
45276
90216
68630
69619
77359
65002
81898
75340
60976
54959
83578
72994
3007
70004
91961
71869
43959
324
59821
24440
16195
47358
87109
13375
70326
7598
67415
53073
61104
70894
12753
76941
52317
73206
35955
188
52715
63803
57365
6059
6898
96900
49665
72965
92098
63726
67222
6742
66556
19144
2602
62306
74536
17916
92250
74820
92736
74591
29395
4714
80149
59802
47097
74354
78765
55685
76984
18369
23611
12633
16317
87620
96279
63172
61426
83176
76606
82129
92320
49137
91684
77406
19221
76567
20934
52339
75374
78572
64008
55336
76671
70897
97302
65942
94915
54112
32415
79034
72434
44382
43541
21070
14654
55069
50805
59440
94848
21119
23862
20438
42168
20852
40041
25914
30724
38041
55338
12130
41479
61404
26225
74214
52175
46037
46221
17006
639
47417
51670
54116
47243
81122
29560
4132
52998
92083
3880
88235
70254
13230
34241
33549
96203
5054
36450
81848
97134
54280
14162
42732
41256
8065
86622
55519
53625
76906
21338
24972
58147
53617
655
87626
72987
82056
71752
30440
42099
83650
91790
33668
78914
80752
37286
95915
2794
27104
72536
24690
69687
33734
66851
55682
60211
36245
23076
68196
24847
18820
66444
18699
98366
82623
77916
94250
24482
56995
16713
29920
66167
1098
29833
68034
51719
14732
47771
53485
94829
2545
85661
9597
38522
67811
85319
71293
72870
76699
58549
52263
81279
65412
6809
31373
27919
59547
31314
15674
89341
46431
7682
32911
97426
53508
58250
44252
28709
52257
25001
35136
9741
35613
93542
79164
73641
15131
99258
4391
9791
24110
41692
72278
74958
65691
96227
56791
46395
14419
32568
35529
69726
3775
43890
19993
29928
38250
9883
44630
9519
89568
27650
49442
67805
32916
89927
19512
55885
71896
18350
31202
59285
11674
53261
46262
40446
24757
28068
67521
70006
68478
87266
44185
28250
68793
18952
48801
57468
36605
78597
3163
525
98548
83772
43393
71479
13035
20126
13757
66767
38535
45607
45878
84808
71777
63790
13981
97990
63050
88293
95292
10303
31361
62085
1062
71912
40501
78520
4150
52731
19228
87050
22992
83946
22272
69038
94240
13399
95689
37747
67540
59707
27556
38553
22489
66938
66692
54553
69796
10363
93940
81744
26837
48385
269
89494
77537
94133
65796
20105
10970
92323
70050
86517
14271
89561
97711
34856
84218
89710
11680
37569
72696
39208
82895
57903
50830
96953
31593
32058
31386
817
44300
32149
92328
12511
22301
7476
88364
53723
3136
88287
74241
830
30037
5977
93325
52734
7477
51372
60230
99833
66212
13061
48682
21909
74618
4594
75215
25995
21183
20789
99447
85275
94151
43604
34330
66859
99502
62918
57099
41772
14159
45953
84702
89674
23050
99206
83397
70727
21949
52353
23367
35467
32124
91330
64313
9706
53800
96790
32737
41703
52057
89485
94290
43269
21541
28362
16609
93192
34586
11903
17359
82836
865
79875
7112
83886
60910
92750
80537
42392
89869
54129
38382
94035
31585
56115
25929
6518
33631
24373
32157
31931
59738
23950
57928
6574
42971
71344
61338
60005
37901
77186
77494
10044
40299
10596
74467
28641
56191
78082
47638
47611
10000
24413
61625
92013
22036
18727
7149
13008
39685
16877
75320
61874
28073
71156
36880
4393
89132
71641
50439
51864
87010
81866
45450
73413
42309
94012
81524
60111
12026
48086
8696
65292
98662
52909
31182
88419
29061
53558
40687
14618
11823
53836
87497
81830
48443
85761
32094
12091
33330
81759
75424
31098
61971
53530
19843
10093
1972
40542
68890
87487
26809
85577
42295
89718
88084
90747
7541
27681
62572
3422
40047
85329
37561
8679
45002
47331
1874
4297
89492
56091
77245
5813
82013
92352
99138
85564
21924
74581
50308
9258
73415
4439
8100
64371
15543
58761
15162
27979
44233
90959
13705
1656
75328
18527
29220
12243
92054
69030
95885
29753
29322
10151
93967
95059
55896
51959
60045
65110
61277
41386
56858
14757
11877
11987
7202
66271
9631
41718
17582
80729
15590
35668
74893
38446
65331
2840
81232
91005
70871
60159
73603
46086
12203
90732
44798
6778
36899
51656
40544
82630
6098
2241
63553
53062
88175
69034
91222
84124
49348
66018
44379
51103
14029
66408
81480
66349
66146
9138
93438
22768
92139
48558
70182
68907
46137
93351
66559
53282
67177
72883
25810
34514
89070
2328
16775
54857
36643
96535
33105
40709
638
64580
72689
71437
34700
15559
38486
53144
3799
80242
63262
87760
1901
57816
51129
50704
84910
39388
24067
78633
71210
60783
89392
86735
96521
94013
30492
34286
33800
97579
44293
65132
64485
26333
44762
17850
58135
73383
25957
392
6029
86887
74812
73677
78645
28894
37473
26322
61877
2385
53654
30804
8934
8209
2277
69819
28012
29014
20633
94053
45625
77402
58735
72988
26720
91152
80513
79858
9126
11020
68902
76259
8073
31299
86078
94197
89428
68038
37119
10675
82795
6338
281
8218
87121
15301
23379
91616
95628
28779
70124
79002
54720
32940
17669
64573
25739
51874
25774
63569
53323
2456
74428
75083
66441
2531
81575
27062
46043
94938
4971
16568
48102
18290
88964
45663
37586
94389
96640
74546
88832
78006
91412
79428
41316
94054
80802
25730
10543
53094
18510
86824
24488
47167
75111
71558
25553
66586
24763
654
69554
56210
52706
64332
24887
57293
29905
12989
27788
24629
76365
62215
25881
42326
88994
82947
78600
54315
10841
40658
88651
66671
74065
10650
96302
9583
97585
88720
35134
55946
86409
77023
4530
51517
16171
41068
85310
2145
73441
67586
97361
20374
89288
35357
83379
16601
92258
62659
45146
28755
17184
36537
21586
39063
46268
87647
95324
793
85863
58922
35002
29047
78481
37762
80738
11899
36682
73139
63276
38864
15611
65749
9618
12153
46112
11637
8122
72033
14464
21857
95623
20890
85096
43077
6124
77555
97096
98849
4967
81227
76134
83433
72353
93224
31792
72699
20189
42470
57489
3368
9794
23524
33282
98622
7308
55852
15671
80790
39259
29573
30723
77725
85360
81577
40489
62095
18128
14530
26054
53503
94868
62529
59689
77197
6765
20372
2142
85505
18734
63242
93343
97996
818
90939
63540
87656
72387
47287
78500
15049
57537
70821
4048
76145
16340
33369
32863
91255
17248
80284
8289
12166
57305
24363
90435
47939
39376
51029
49557
39963
90217
3682
81343
33531
4212
9819
46538
71128
72499
56341
36203
23467
25790
32193
78946
5312
85812
80144
77598
19466
20116
66583
62419
43369
46487
34815
95691
97062
46477
8604
97423
22639
2230
93797
47081
98009
63181
67492
59091
13126
20470
86164
48316
51843
42792
56100
90649
9542
58638
47131
22236
53106
11307
19920
65673
11437
58260
13497
44217
94262
57218
15623
38909
39486
52428
90171
29018
15284
2207
9675
78993
7510
32445
8079
59215
39816
37623
98987
31324
56449
97107
11075
40822
62142
18715
51121
77399
28371
70683
76593
73793
5654
34292
89452
74740
19516
65936
52559
57241
21664
37730
68204
16228
47478
14888
25277
42628
24357
43581
47725
2059
34675
70245
6760
77789
38793
7167
14174
23356
62152
59467
33815
27191
99147
82979
95763
6256
66388
71886
84004
34187
1763
2593
42975
38470
71936
85287
69113
77337
31029
28002
17444
9637
57706
2503
4359
28394
13051
27803
99966
42212
52529
1824
40654
12710
57762
44872
2433
92755
2270
25465
67746
76078
90248
16871
3177
82613
7430
12274
58629
80162
27802
36721
49864
78583
46244
30107
2920
24960
68927
42327
75280
27124
34338
78676
54379
84425
24638
5278
45954
80581
65511
97081
99757
75409
20928
54539
55567
2780
43758
40003
91527
86130
63914
60549
80389
72325
68680
73935
125
21675
66985
34939
26531
91977
51256
12521
51865
63735
73168
4985
16675
79119
20283
38440
47236
1191
81240
16460
81928
51572
77648
6725
45348
20869
43103
74371
91779
14577
27389
18329
4155
76634
95085
72943
76968
86135
17948
38268
44979
53804
96991
67698
11936
16349
49400
36803
7985
27463
36727
84444
1626
73016
78111
58677
45403
61057
22254
77134
47697
28559
30728
92544
47575
32457
92343
21941
56767
83390
94311
10949
71433
3721
14095
229
2272
26287
55933
36153
76815
18594
65083
9603
52596
40066
45928
71286
84778
81902
61227
57304
85930
25257
40917
9578
71038
10807
35895
24849
51089
40907
89064
93563
69770
75550
67619
99883
22875
35632
69859
45851
34153
22017
31095
28977
68177
51284
10431
34051
924
59797
95121
44581
85092
23638
53748
39064
45014
24746
25649
93520
91095
76971
87067
59392
40926
92080
33621
61689
88692
10528
8350
38359
50395
1151
32747
27729
75452
45702
73999
24276
11992
27527
43055
87575
17828
15533
1982
81209
76184
52504
78803
200
80675
26631
21903
90763
1196
85655
1254
70069
70689
63700
95226
22688
22582
27590
42956
40798
73795
52834
37497
18919
24457
28923
67089
1798
51134
77556
70455
78266
32427
20663
34176
4232
18928
83761
81749
32244
33239
24563
15718
47074
5863
33417
84313
5392
1339
35567
64066
41960
91420
67752
22189
78014
10173
80808
39211
50260
6979
72109
69759
1819
46662
31889
33425
44699
52219
82880
15655
55794
3596
92194
41478
80926
31230
50533
53190
88725
58670
72142
42661
13528
436
46463
20949
12543
428
18414
41728
93176
86616
10169
24027
97329
51562
69417
47859
64709
29093
26541
78682
50010
65744
76534
20286
19476
24296
56116
43854
11482
44296
62034
59313
10814
5539
74010
59541
68117
67143
23202
34117
86474
52566
86889
4168
69081
61126
84401
47690
9216
36144
1330
7792
92977
74946
15235
95996
64157
42973
21970
51488
70785
34839
75917
9443
29470
30179
90218
53974
91737
21845
73177
51548
44511
36729
10308
28522
40420
78065
66880
97829
46758
75482
56305
92997
88799
64389
91396
25173
88557
42847
20583
55513
87234
54816
34266
68977
3545
36831
74691
58587
91694
21188
41417
8502
91865
11026
72935
37139
77631
49594
36767
69882
50784
68188
3467
39953
24050
28789
28718
55474
25581
98956
89497
2133
30995
32951
11789
34588
48030
61345
38877
65423
90742
20593
76123
17505
1688
31933
73033
61016
26709
17235
4005
93114
20776
34813
53151
87981
40320
6874
63482
93784
4113
2891
50459
77988
79698
22341
19592
59743
93290
67596
25848
42651
45434
62833
25518
69107
69811
76469
52034
86412
27182
22640
25391
79956
54291
53762
92317
93344
14817
80531
50088
14885
35657
8023
76999
60784
68901
96798
91957
89582
38641
47226
25190
68800
48019
10233
54054
15004
98005
70514
39331
29786
12540
14946
72024
61509
39031
39173
63196
49160
81850
67904
30980
95934
18696
97918
69762
60856
91134
43553
76667
69122
21760
88934
91166
64986
93785
62548
77165
8393
19649
91757
84263
18577
69593
98046
82702
68639
88004
4899
80585
53576
25244
6318
79812
10439
8936
28739
16367
82372
11372
13258
54968
70416
33351
1667
15408
79671
17170
89652
16190
79019
72706
29390
16725
25357
86174
34659
94572
11214
31418
10880
88762
85105
76520
45526
22064
52388
86425
88500
84544
46822
37441
6925
53513
46803
34664
83105
99018
52320
92465
73448
29503
11761
57052
24613
59469
97842
80651
47887
24156
94925
41575
14908
47824
14321
27795
85925
58382
25977
63157
24702
17082
19884
55585
74061
86123
48069
29655
28987
1077
71952
3689
82747
92782
95280
8508
94692
63138
64600
36467
19164
30505
46213
4959
36188
93411
85444
343
75020
96984
58851
54366
60192
19327
27014
87386
18851
44705
2332
10990
32634
49957
7892
86167
26682
96226
20041
66041
12978
57930
43527
22105
23159
17902
76668
73172
47822
51768
57005
30049
60287
81071
79391
364
20416
74750
45794
4446
51844
66265
87856
59357
12112
45624
15963
56641
39285
97622
2922
54403
61814
13090
78416
82541
42921
71152
3963
98935
31942
83279
20461
21942
63257
91505
50897
57451
71247
58007
68143
36866
91629
43249
68149
8283
79883
66044
35679
70078
68508
58649
17723
25165
21554
89347
51018
1555
28443
29074
69174
95096
55187
84635
20433
38246
3256
9293
30047
23908
989
82837
34396
94499
96626
28839
31809
51891
46181
93831
24605
32512
38464
75657
59123
13907
33217
34318
73698
58400
69144
15258
20914
47036
59835
60564
97252
55571
48747
31243
42440
14003
66121
90035
24424
69756
11896
5864
45593
67308
27224
21728
19814
82515
71843
56241
16432
68240
71994
66625
23535
40467
96317
96537
65873
39952
69636
16354
66713
30808
24496
41395
26627
65816
87072
18880
21581
38593
88848
10865
20058
39767
30663
48107
96063
48112
36312
95917
21705
5880
86596
78
17550
66308
65012
26599
47110
16463
86340
78368
88845
42952
50933
54326
89181
66302
46036
38506
56919
84112
11329
88143
5430
80363
74355
67391
58216
33159
17810
73881
31045
31564
35728
41879
84260
82333
24052
67362
17774
81912
2351
82577
65089
36548
1906
50881
679
6592
85088
12476
47595
60109
70782
82753
90769
35011
53249
77148
58853
31777
68226
34132
19808
25869
49250
90353
99778
4707
25072
16723
69532
45647
62226
69512
81752
76042
27877
45458
27321
51348
6909
59025
29843
13015
24205
97178
8674
85646
95577
58918
88394
60771
30542
87439
89751
69438
20704
55255
98972
11953
79930
35277
85178
52218
74809
33980
32495
98322
61914
86688
14365
73634
73707
22773
938
613
56905
27875
36062
37884
36701
77688
43486
5201
46123
96367
75868
24803
75622
93732
60776
87655
35545
7625
81395
40509
80949
77804
72171
5757
45550
55605
59232
84126
52154
75880
24247
12424
62761
28462
48368
2264
43383
73766
55904
36212
1224
34103
7353
20549
23846
11838
87969
83322
74987
55205
36677
52448
34213
63176
39246
69440
6140
71588
33557
49432
98119
32209
50027
43620
30863
86669
55587
33981
18697
61017
54979
88852
76839
43897
47927
99172
54725
17452
11617
71176
55098
48565
17924
78175
97216
1089
12402
916
7305
79528
56084
79816
87928
22865
32137
76327
8923
27886
67377
5881
15821
78226
31582
19734
2198
43675
37112
95716
41955
4680
67513
29756
34118
28167
38141
68592
55102
80216
53007
33628
1771
68098
85446
17041
87092
73283
22097
46023
47959
59161
72717
30045
97191
11618
68293
54818
32141
9263
15627
78875
47374
23736
44740
55283
1080
38936
12650
34131
59621
3647
14021
23954
36355
14363
64500
78421
22754
13883
90504
57527
76646
6548
2176
64186
10422
18618
16739
24979
38346
21196
76082
55250
43720
89463
4057
97413
75188
52055
26776
60242
26445
67634
97397
99036
5783
1578
6841
58213
24896
46197
14785
77919
54617
93440
8156
58714
29895
90541
16806
20580
3440
67897
71557
10291
70922
22653
27675
16979
10631
72450
79472
5752
65133
90837
11531
18515
61668
91419
18556
83246
86898
90241
73416
25733
46179
97825
36687
92675
31602
42284
68266
80462
70956
34210
58952
38308
46071
64419
30645
98923
55100
69213
66409
36149
21332
11474
21064
52168
69238
71222
38823
68055
74896
32658
21653
97053
16039
98648
22081
7504
14067
72508
35331
66179
92244
9264
43907
98314
37909
16256
85841
75055
48375
23463
63786
72720
10080
74660
99961
6237
17449
48750
22938
7664
91391
15224
32464
21004
28713
19465
23051
32318
98096
21173
74728
39137
29226
67674
12225
25500
98138
61697
71188
23497
86613
41397
68646
85427
7469
27754
46295
60458
36619
95283
85236
42218
77636
40380
70644
78071
34265
74326
31592
3220
57490
51638
98135
73555
7234
18731
55114
24842
76202
67164
35741
55126
35604
88182
2820
56141
34270
58305
23652
66959
92346
80916
76811
87292
67949
58990
66684
96935
18421
53546
58394
13862
4138
67450
88349
33099
70620
65405
96717
90085
7754
5583
53250
67165
15639
38548
46501
85123
31073
43996
8314
12762
18267
67826
26889
70861
13377
12152
96228
68020
659
90571
27439
67802
18059
69550
61085
80572
74309
57337
88483
20619
72094
51906
29812
26645
59737
42610
58721
49227
54893
97399
42444
98473
79120
79235
63102
98477
29617
32068
96566
97005
46798
41287
64278
40928
74771
32472
90888
50284
23756
28238
94771
37738
50964
55484
94397
27364
62148
41867
89533
83804
86668
71311
44476
71347
42542
90334
38326
1266
36846
26442
17318
38948
44117
5938
38719
2768
25582
43499
57231
40202
31348
94263
32246
30990
90595
56541
62305
9630
26268
91683
40830
97067
49915
75210
10279
97742
87546
82923
87964
25381
64142
32273
69569
30361
35147
64609
33156
33725
40252
74661
50074
13396
56996
38134
87165
63463
10052
24729
34
62660
66737
6424
76669
56558
83140
30150
35413
77465
47649
30373
89445
3855
27227
72645
54258
68292
55207
11165
49960
16461
80728
19034
82857
56447
41614
81348
43918
26611
56936
57296
23280
95066
82683
4349
65510
72064
64994
96578
11575
5418
38544
93867
56306
91229
72848
18159
72856
32170
24228
2448
89983
16292
97177
91463
70325
936
38698
45072
60677
44906
42384
54810
2901
87999
69851
85999
4509
38280
35023
53368
38744
84077
79225
60412
61995
53933
40924
61701
32816
50066
22540
68972
77609
69793
95242
69620
73940
67921
6314
90717
538
65610
17653
75300
64219
58399
38509
15670
82012
44305
66448
30909
58599
39583
91121
85758
55573
71107
91029
68579
3414
53746
73995
79361
95905
55104
54114
39152
19411
13684
19089
88446
32261
58663
88247
99193
26711
34538
8117
41551
95521
4502
45062
8796
27252
62471
74240
82634
54719
84252
24310
78118
80211
82572
17472
15058
40350
1618
62400
16172
49676
3263
34698
65164
40076
76913
29084
21594
30222
43071
5855
12217
18631
31311
22377
62900
51898
64189
34667
46774
64289
43794
76446
54549
14882
25345
89093
16948
14556
49436
39728
36004
55333
78372
18199
93451
74005
27117
11502
20570
96756
88046
64687
84045
51215
23095
33750
21528
98210
37965
18554
88512
53857
28871
84710
73500
49503
37130
96934
52184
65847
35079
15462
68671
35450
23355
28934
84962
82858
34520
31235
92073
29471
3612
45716
25716
8453
70542
21317
43624
72698
31710
62811
54030
52436
1471
95123
79333
18136
93712
33140
95191
30865
36066
73663
16914
78872
12403
95370
49733
29863
67687
8435
61774
40385
36943
3343
35463
12041
4813
81781
99656
25531
14638
53111
9271
71901
62504
71536
20103
10481
51320
39411
78619
93959
39290
76223
92650
3388
59301
73708
38198
10463
32894
52967
40838
19934
99034
87069
24245
63575
32022
20185
97340
27930
43155
11910
57148
15330
42981
85718
21495
14637
7379
58115
1159
45241
80479
91657
73591
53490
33608
57081
55342
17709
93800
80102
34954
15601
73593
42299
47240
36922
93945
3810
36117
15941
96288
9610
93965
67205
91672
21468
85104
32969
11246
943
81655
45206
87703
35928
25638
29851
90068
34504
40560
59028
85734
11377
78358
88748
43170
90718
47947
41663
47354
31503
61063
4814
32004
43521
64929
81700
84685
24528
59257
37590
14421
70798
46064
23375
3363
46444
88440
27310
49672
95990
11839
45149
84621
25618
55268
37815
15271
44691
14199
91518
45700
59675
64758
73469
70203
2311
75291
66188
15483
99972
98738
94189
67846
46502
62719
46950
45982
78196
60967
16866
57766
66213
11773
25341
12925
64782
81786
82887
34620
51809
97338
53133
84207
23604
32562
15942
99294
51500
64141
81453
64464
60979
68738
4327
82367
83642
62242
47014
333
16493
48052
63712
40031
13558
70335
24586
97703
87555
4615
59867
33858
59699
47474
84210
88669
82440
81859
12806
96075
38080
72252
22148
37959
76221
40829
19104
34095
73110
84030
35291
80263
24740
13991
92735
93298
3521
75155
84619
36781
57408
90108
32740
3580
8585
73780
67918
62891
72779
44866
86787
69264
94201
77943
2257
81405
94653
84026
29864
1016
61492
90677
73338
85789
97681
53463
64791
47813
78013
67124
62653
71012
73982
64078
20528
56142
1313
9036
3890
33667
30964
15290
24790
9324
62562
93387
62107
1781
3250
66006
48424
79207
8012
30971
98636
72395
7493
96273
50196
84160
32231
80898
36878
2011
18390
18786
68274
89771
90603
28313
67760
84131
29169
77127
49209
90204
89696
81730
1933
35440
10264
4637
41015
55174
82425
18123
52058
86988
56248
28731
50823
99203
94792
8110
21111
59275
79429
16438
69670
80981
46523
56334
5212
18675
1027
89283
42832
4086
39268
7205
15527
86486
33756
67215
96988
44871
9070
53997
53957
39840
31935
75079
30996
40911
57325
85591
44166
24759
84677
42154
3903
25544
47946
96796
13215
41537
45935
26849
97844
78185
5270
32715
34281
51862
52162
51187
61818
87014
59803
12341
84440
53071
81334
43361
75946
99184
1608
48194
55443
25750
26943
5800
32786
88670
66698
57109
40435
64980
72970
32984
77928
22123
71634
3391
96802
48979
59122
5540
87897
73411
79221
28235
6460
37729
3613
28370
31425
82701
2888
76182
78689
83708
95544
49257
5997
16962
3212
72947
8058
19905
40703
43328
34706
88051
77776
19865
4038
16249
80544
12455
1199
16262
45865
5692
98401
22678
56270
37732
10311
43591
79638
3646
25095
90887
88417
58819
96914
24897
31568
96393
96932
48962
84504
33929
78287
99772
53139
58315
94740
60975
92018
71341
86035
42924
78261
45913
77706
66818
3199
8154
54679
74753
60768
26359
29202
17562
23591
13923
48849
4428
31634
66835
77068
90485
32518
91205
45339
77143
52066
76218
30866
38272
42162
7562
62540
69187
29361
50119
44924
9714
99127
44462
33547
83403
54583
1683
5381
23648
99718
60954
95943
80603
20809
50134
55793
75876
82699
6024
6490
19835
61408
41148
8747
35363
66170
84319
2491
39480
808
56008
64517
29365
3437
50234
33766
37083
97093
24642
61298
32201
68632
69704
78885
61147
75009
48600
20268
81586
89079
2217
12160
46046
3592
87598
99950
83460
99954
12755
28017
46162
80331
79187
89788
41315
56850
64574
70829
87080
30021
25420
51972
17393
54060
56985
74601
90610
952
33383
87465
40218
53901
42020
57630
38753
12104
94685
28014
83125
76677
58047
96198
67612
10559
23197
33802
28050
63433
97893
72421
53889
84265
91432
1378
90622
6182
95255
46423
73678
60509
26861
20404
67549
38672
77671
69361
49148
82829
14372
76432
98602
25265
49504
68779
71782
33301
94003
71633
82514
85433
11919
91390
14146
48409
9266
6465
41144
40749
76526
18916
80609
19916
22010
98227
53556
26182
29564
24622
2345
35984
35408
59931
78664
47253
95331
42744
43744
42164
77540
17858
76375
81677
3334
90005
8877
33743
49097
50067
17970
44225
74545
8215
2599
88047
78877
68337
52613
27049
42637
24517
51048
72592
38026
88837
66028
6469
28769
96844
61890
22995
40046
35848
60072
29678
13643
51801
41213
3781
76710
83315
79016
52712
56594
90560
73924
30679
46163
86446
36199
47145
50821
42608
4163
45405
20385
77480
77576
7382
8848
24852
70088
30504
84667
988
88760
62290
30075
2688
20151
73039
25744
22810
17603
95050
52496
98530
88113
56794
71759
34474
13505
84016
75852
80118
26638
78197
4942
63417
65452
76069
75863
96464
43194
42129
81234
63040
7927
36986
64258
5517
15786
45479
50686
11183
57948
74424
43729
20156
65965
97456
84485
46775
48185
64820
66298
97355
76853
44428
49851
46980
70460
34450
58327
34064
59076
42763
30074
98453
8299
23841
78257
72923
15504
37597
33034
19328
81252
46405
17579
71514
25373
16178
34844
45407
63899
67587
94816
73092
1646
61612
7128
86692
22645
95377
66920
89465
30363
97807
22331
30286
86519
79624
40732
18814
97223
5471
18719
10590
9545
8794
43129
46153
97631
20265
14750
70892
82892
26900
14105
76212
85037
29007
87906
45944
1603
85569
58056
58734
63268
2705
57064
42303
89960
83457
31898
75762
39695
13915
90640
20797
42901
5659
54125
86645
3863
25916
13992
5308
31181
22444
70532
8418
53198
37268
7723
70595
24250
49505
69121
90782
40878
39340
76547
95810
11970
84997
31605
95234
63085
40530
28538
85401
74669
16637
41972
52984
56663
55961
84690
84150
91825
78970
51899
43598
24919
86024
80726
57683
52660
14139
91456
67849
20700
62597
79271
97543
23651
73906
88804
43182
71205
75269
53862
95745
67809
79177
2356
16534
81535
54639
18294
4145
25748
29033
46718
54098
58246
19918
47688
84687
21341
43388
47465
21846
66193
90977
53759
32092
45837
36160
44188
51587
5560
88285
78557
52510
86085
78458
52516
24807
32973
71258
1889
40189
66301
81663
69072
3569
2664
60719
92095
69702
29981
56590
82563
26653
43613
63075
18669
89032
63190
4206
31493
28693
36071
59651
22701
38372
73034
40323
92110
76199
2415
52420
60424
83177
93845
77218
93191
10130
42090
86809
21353
64361
97050
39476
12921
48984
37375
60626
33527
6395
95169
37379
28388
82668
87019
64915
99985
37641
13910
87942
83700
33915
14079
34460
95595
69266
96387
18843
47650
58526
18392
74225
65365
53406
10098
79669
67123
94890
21558
49759
8557
85381
49847
92821
5925
45315
74301
63184
207
23886
22873
85112
90512
52611
57381
9897
11621
84244
50422
78542
15000
58559
51961
3454
60878
6628
63249
37249
63389
65115
53647
54917
42987
92586
41264
8725
58899
63429
72148
30796
19816
51039
92563
1736
69930
81027
8559
94353
60630
95684
11013
35058
48130
54482
52437
8399
88881
25590
88243
52208
41097
86485
44674
8360
85741
93413
801
56297
24216
77878
76335
3378
95162
27074
48151
74735
74441
12986
67701
39825
35252
94442
55510
65931
88367
96898
75739
97880
33088
20095
4451
17305
77308
24057
60110
14999
74294
79316
79705
46106
11885
74760
2128
91512
85131
61845
28224
74796
45060
56766
19629
88304
19095
28088
94180
64834
3702
88484
89027
11865
38467
24267
18735
48554
55865
8037
52672
82625
66034
31086
84351
34170
40538
4775
20757
63599
15917
76518
84133
53146
50662
45815
29119
20088
51424
72618
37585
47147
1937
52395
55709
15790
59649
93734
34394
77818
84058
81782
97018
92740
58816
86453
13562
98106
85726
42335
18740
35815
11580
38480
53258
12833
76878
22196
8770
90552
7553
91287
78820
46589
59548
94280
73240
2844
47789
90809
90033
45045
76489
99190
68756
73586
58639
42764
99283
54404
77213
70297
9678
41143
67839
47561
73515
50467
40609
15341
9886
31301
23903
71605
50874
30586
18552
84070
62234
26749
51924
90198
52400
81109
86131
1338
26025
25468
29614
38571
11232
67506
43688
69945
24593
811
6397
6504
70043
78426
61958
87192
61581
75050
12623
47176
74342
70864
93953
2120
45620
2484
79435
63783
81988
27519
96749
66235
84688
63766
88815
59014
46750
79655
20722
21498
94833
52692
53351
76739
46786
70964
42768
9122
15342
90055
23539
40445
17345
76882
67956
97984
13555
35443
80768
8470
19735
20729
38546
430
65248
70841
49027
84986
57646
34271
58277
32929
13359
38792
25167
64484
3398
14567
58067
8818
40051
23059
47526
5683
31472
77752
77388
23078
75144
26220
498
33578
57563
13613
76124
45237
51046
89005
20324
55680
42639
67256
85769
19013
69718
93096
3480
71330
1271
9753
77539
38211
150
66387
56283
33788
15316
26607
26931
20669
44209
84911
98978
85698
89087
88166
21964
59538
92105
10437
30383
60164
87329
95847
67005
81753
71363
67345
90909
2683
84223
88998
30884
2590
38640
91438
45385
68485
62510
72666
47968
76299
59952
7445
34060
81637
57374
58074
12966
71945
29298
63880
97061
14350
14521
44453
47189
65892
41033
48967
40405
30914
15749
22372
66269
46856
17417
61951
12803
14263
78206
84337
69650
28885
39024
54657
55954
11051
93072
7466
91234
10514
38334
89210
43280
98712
14392
47118
30448
14143
82428
65373
57484
72433
10746
6824
43060
11204
35748
61930
63658
66150
71193
77468
47399
48042
3172
46596
77639
25039
81351
46411
82581
9046
57497
19630
1629
53278
21300
58890
47096
94485
76633
82198
49710
24375
53018
96758
7147
6122
41342
47774
54026
56754
57870
25770
10125
34215
43983
73552
72634
41117
19364
75258
57132
89715
86058
44959
38075
92419
26145
8335
87840
86415
9526
46082
10335
86594
79138
87645
6205
61010
52392
80265
73267
35597
34334
52286
3190
92638
9923
87002
15969
9961
25317
59662
74051
9387
24462
43783
82376
32249
20790
48332
39732
29576
46133
98141
21373
84665
48685
53098
52212
85262
82705
23749
72742
22594
64216
69893
87988
38711
79646
64822
87783
30576
8213
25702
69490
50433
53435
97831
56220
92774
17005
39287
5797
27109
31524
81420
58313
30488
18628
64555
20647
23684
68642
43888
48993
8855
33061
85543
98198
1518
19017
66571
43522
81779
39023
6267
58596
68813
98319
75813
19913
11860
26312
11688
50597
20167
30322
73774
18063
56338
13134
57831
22317
17154
73483
43139
53553
37288
32767
89139
27947
80853
28070
48908
81366
79946
4437
41745
89110
20035
94276
61318
16710
86282
97824
51283
74117
18271
54766
92038
38587
7757
29433
92764
83849
96455
44282
65810
67015
70720
22418
52795
45898
61095
46471
79277
6657
82762
18745
2989
12703
37622
16258
85083
96957
87870
12822
29954
66856
52422
25905
24709
8380
14463
50928
15867
54181
48997
4115
71062
48652
43654
73460
36713
56458
75774
72137
9734
9514
38377
11801
57284
45811
8131
40882
90365
95703
45422
73757
40598
55419
82201
26612
55346
30199
97065
19841
29049
28508
46085
42877
34048
24916
98925
25000
53010
73270
76236
53634
91138
88189
36230
34653
6540
37220
11109
64766
53918
88673
22866
99730
9839
10224
98311
41419
47755
80519
93555
52187
25871
25570
95276
23530
2367
58369
4231
71917
82477
18213
33229
61148
23721
63713
44202
40402
59283
74379
90739
25672
19486
66816
22578
10441
25932
79362
21048
40720
37327
44533
19132
50233
10122
5230
75372
27341
6001
7378
4361
19552
67855
10525
69579
96027
30432
79870
92834
12965
70637
52147
10832
43974
83030
2357
29010
65326
49836
88155
35032
75508
24753
14156
65584
82580
47751
63438
41508
81625
84089
86099
48978
98147
35012
19005
82077
65472
46256
10542
49453
86693
69041
97782
2757
8884
63922
77828
80787
94901
28671
40814
97463
40514
74900
29042
72312
2640
54141
69685
38495
45296
75353
1342
15144
59900
25269
64368
18976
28405
79662
52961
7952
77155
42950
89836
20784
57569
43955
23480
43776
21434
99047
72832
96716
55809
6313
72584
14062
98782
31023
48669
11558
74881
43190
48201
47262
91233
66114
21324
89505
58173
84500
5028
57873
95104
73069
3575
71827
54069
78362
57380
53474
94430
25178
16541
88088
63591
18782
85714
72027
84280
5220
14410
40700
9527
70428
47154
62981
35304
64116
18310
55802
83713
48226
28857
6840
93639
93368
13953
19031
3793
2168
35160
34764
31478
95932
51462
59698
8343
8649
37264
38028
5708
58372
97024
64455
45715
10050
30169
15705
56753
57192
38030
88427
43013
92652
97740
85892
85971
93331
29676
35300
34650
23867
22809
71644
82910
43027
8126
84681
65876
44689
97280
43223
40613
48148
32074
88019
73331
39561
50738
2084
90378
70563
83356
73107
3399
33620
31807
142
86593
3808
25231
93144
4785
61091
21654
69553
39494
2148
26724
31516
30461
28865
82598
65986
63890
40296
69835
76222
85386
36227
79080
18576
89298
38789
82841
36464
42958
23561
90728
58855
33681
40914
87438
83603
38984
40853
98730
8278
47159
73566
22910
22760
61769
32545
81060
19886
159
6378
10331
43490
17808
90438
40611
24252
51411
78407
34446
97073
66394
92355
7882
73670
76662
65397
56569
45214
62926
58090
76382
41604
73123
18871
6807
80650
77303
2586
70153
91572
73395
47863
50126
88369
37425
40626
52593
47710
17103
38507
50220
58336
13163
11239
46594
43150
8094
63776
51608
83449
87473
20511
42258
26487
65205
79162
16254
36844
92395
64329
46821
34111
71649
15546
3030
58473
8698
30611
50909
65401
77191
84832
57010
60496
94591
93416
44901
75807
55300
50362
2917
4947
17111
49287
67204
5339
87193
92017
20903
35995
9680
25384
94575
64357
7705
32178
82294
92360
5097
69209
59418
37407
39905
80007
22981
74025
25519
26739
64890
66799
74295
71955
15892
78808
72116
85707
2086
25545
81942
30204
75816
32872
71863
49337
56470
43221
52197
9754
21207
86406
92454
37160
95607
60079
48374
27617
53163
54599
27130
1828
95190
58934
95867
41850
51926
59705
69003
56988
42166
6828
95528
13038
23827
99521
57626
8920
72899
85842
30892
60197
34400
91891
54094
89097
27166
84580
57608
52697
67690
12234
65531
10883
14397
89524
80985
20655
77346
35427
54837
93986
5579
5358
7330
88864
6342
9983
65769
80908
57057
96904
21228
78511
81331
45190
69479
45226
65885
15135
37793
25508
13934
8694
41791
71709
4699
90918
26266
91179
28653
86263
19286
86275
2936
19055
90426
7423
22734
48474
20094
83614
55428
45101
13315
25217
67420
264
37875
46002
63822
82631
43119
22777
85209
50047
35200
67275
53097
86742
54005
44702
68570
93018
5994
36276
72688
83083
88308
95510
35211
46032
42226
76832
56296
63978
41106
18586
96154
73443
89759
11484
83146
21759
68482
13172
33820
87486
52703
89374
63449
60679
23512
83462
44186
21555
84332
32645
93903
89775
14100
92802
20607
24543
90781
20807
51489
65625
36573
67323
50252
11325
32420
16208
70517
27497
46931
1801
89377
4625
51374
98020
17283
69014
8734
57806
79075
96835
55404
66425
16592
36649
5365
73278
64022
26977
35661
70379
2246
53320
18785
39564
46230
17351
89389
87485
55856
24206
61206
81967
21474
86581
33263
872
52726
10827
93169
68841
60115
31444
75668
9700
44830
95486
90176
78990
97099
21950
49099
97695
73983
41825
83284
84996
22669
39363
57966
93806
36217
31583
64502
77879
76304
23777
69774
54842
72521
39875
9733
35650
28720
59607
14483
42077
99707
47246
49379
44997
84769
84233
75547
82506
84117
74554
27424
34665
67082
69246
96983
80927
32397
7928
57528
43579
68036
28015
79115
58498
78587
97378
78309
70951
45847
35753
99768
49173
22628
89955
14934
18513
21236
44482
82511
7490
29146
82236
24394
55540
62240
77307
42700
37038
59912
53774
69871
69915
65323
22323
20327
8597
7612
43863
48688
32053
19237
54585
9879
83150
535
46757
59135
79023
89650
13580
77692
76112
50952
32590
8913
53591
32641
81190
36843
82439
97999
85526
91944
6951
7583
91897
98584
79152
72908
52131
61282
65381
72224
26735
14810
96514
16054
96559
29476
84879
91520
89676
49853
36418
19678
23384
41312
12901
71764
20395
60087
10293
75839
41036
63108
8145
35711
63415
43549
6700
61469
76272
91461
26597
49325
77625
52060
22592
86255
92771
79940
51545
58948
86855
93914
43847
71874
20524
18039
37366
76884
79352
46668
51748
63546
33331
35873
52521
69660
49677
69936
28143
53569
87634
53092
67523
77193
99516
29269
19719
21692
23462
5462
93330
64274
34696
51686
68942
987
32402
59572
14809
75581
83719
54535
44858
7830
77417
15039
38235
71440
67682
67963
56157
72925
1491
85874
34075
68529
79569
49368
77433
48850
71302
29449
34029
90214
87016
7558
52519
37879
11598
38410
51273
45412
34419
59231
50050
53929
94536
78782
82629
12062
71817
72455
30028
71500
16248
37560
46840
22549
27561
63526
13850
17581
65972
72513
97468
66037
40116
58642
81254
99400
48111
53757
72849
6200
94715
84732
67943
86767
22652
71893
99953
35720
33049
35213
5913
26922
72157
80036
10495
66246
83236
49898
41804
44237
42360
99162
36320
99094
80129
24704
36247
77780
24466
62643
21618
49311
35819
48206
4026
28972
83589
98903
69684
72152
91350
84169
44736
70646
97521
93894
41149
85060
88744
60000
24644
3945
31629
37055
28680
24886
36848
73648
18189
24582
71016
4119
14518
94945
46624
29931
72302
89717
77603
12893
75948
75634
38892
73406
54847
9218
42506
85938
94990
14922
83613
64016
61287
83512
58028
55790
77376
63150
9011
84416
92897
26162
57406
53540
10116
7134
16067
31481
24980
42676
35483
26147
630
22465
67848
99946
94150
94309
47646
72747
26824
1651
83154
73595
94161
2237
92226
53310
50867
28324
56785
49314
29728
10114
34576
8149
56882
78156
4280
42118
18042
98425
62907
56026
30929
66305
36369
78444
99807
72702
90808
5321
63443
6567
12407
94565
23250
79984
26357
11115
1447
98824
53197
15187
22297
42086
52401
17584
17676
11888
58341
71603
84219
79879
29259
74617
11557
59588
56167
46771
38388
71568
42012
86728
52141
9720
63813
35528
25597
85425
81720
23935
69469
48614
11095
67971
65137
48407
68077
47439
11508
48933
44536
18937
661
99919
75768
60890
49199
25393
92616
21412
25994
88967
80922
89745
82496
31025
51682
31420
41250
22899
13696
27474
84529
21913
59658
4042
97492
34077
1220
68553
77163
82001
48648
54840
54316
51772
94563
93221
55480
33742
91692
59193
90905
82678
14330
98708
54619
18354
47994
28425
4278
52432
4897
75714
13293
27253
81888
25232
63363
15454
79306
34269
8311
15839
61110
33959
94399
88638
35242
64622
43568
84629
40426
31695
15391
45628
82159
69262
89488
37575
62935
82571
46888
23807
40712
96098
45281
6379
42011
24004
9864
95808
35087
39702
85536
26559
26010
11330
52556
74892
2926
55159
45075
96183
27866
75335
37255
97705
36183
74506
18684
45310
83905
60301
81950
36075
7161
1922
17423
23528
97224
17862
14045
95057
91258
64646
17092
48426
97573
67328
24332
81908
90067
99605
40790
56618
65575
54786
27627
87420
41306
98179
24157
21684
53304
61248
89703
90057
84990
91504
97199
49468
83646
39378
60824
1833
17349
23476
76883
65834
72365
73386
6903
12357
3642
98527
67080
18600
1456
29343
52719
46001
54002
4655
3407
74384
43056
29206
54402
19978
98525
31036
86900
38770
22668
82751
98739
62839
17309
74696
4890
73010
47372
52698
42659
37578
48318
73215
43084
2172
46929
65589
87918
98975
39968
48377
72371
24277
56636
31248
32805
60982
37968
96330
2186
1403
58484
87312
93455
56492
84400
69654
51590
44032
41197
58965
44218
98709
26277
73933
20124
52331
79741
25199
32400
74062
42498
55279
97541
85423
93420
54487
31784
56723
27003
3662
98025
66682
71137
2654
92528
53725
27988
28752
4331
68280
31423
88901
14064
19959
6154
20365
53653
21366
87917
38331
3756
82896
12011
58620
47754
28352
67793
31438
32559
21871
21101
10118
27133
235
96673
50872
12737
25354
84275
80350
27679
56258
74078
80229
46901
37440
88634
13974
45456
39193
96599
8641
64170
49332
73140
10120
73103
97149
82349
93997
53614
76926
69280
55072
17227
11814
93574
50486
97738
52328
6709
72811
5072
29733
2467
23478
23419
52605
97119
64680
66996
1129
95418
28900
73255
58719
43835
10129
12761
64405
10096
30819
58600
27245
26622
80798
26496
33028
29745
9521
20864
20896
24918
68924
91191
97815
34025
89742
30827
78623
16385
79166
21945
41896
1063
35276
82261
82360
491
25129
5897
72974
99435
23219
29565
50828
70293
19184
64017
37136
82989
76626
32260
83307
19758
37344
62724
31439
23572
52535
58172
82268
13513
68333
79968
37643
60639
38070
6654
5354
76287
889
58322
11194
79233
4456
29634
13275
44965
5104
37172
78839
61020
33974
73303
72534
17371
50037
40095
86237
92416
15449
47850
39300
60127
99753
15853
32281
31194
43309
60478
91379
16104
21853
14113
30902
94592
21102
1539
14309
64545
64290
84489
11728
84527
12105
95974
62788
26615
52325
76979
76115
64266
65850
71506
40677
78149
7329
57435
98640
82801
31880
89422
13639
13440
37625
9033
7393
63005
93436
34505
37719
39978
8619
23109
37229
98193
64499
86061
26575
98371
76054
20097
54675
93347
58546
87807
24748
14482
57859
12049
96933
76812
97108
82513
52095
56565
90133
61191
39742
41533
72933
18642
23914
23085
33543
45194
61786
80597
87026
89195
16540
59454
99886
64247
18616
81301
38780
47325
21091
73343
83936
55088
90558
68100
56125
42712
39162
79943
12844
18468
60347
99498
29907
36895
34485
55305
83143
3934
6083
73108
55869
55665
66321
64120
63877
43433
1296
9269
85015
47455
23879
44549
54759
51450
53518
40306
41928
59882
44
14459
60156
63608
46172
97030
50039
41548
17271
69845
26728
19996
61272
76386
53930
54871
49493
6730
55554
91920
39497
19597
34909
10853
86702
97023
33160
15643
87622
32582
18822
51267
27746
34736
81473
50986
98021
51237
53102
58857
40009
51100
76035
71940
92401
36254
63292
21122
22610
49149
25945
3980
20321
91724
97129
75091
77895
81380
52982
61695
42625
37873
93273
7925
43029
1872
57202
59939
12651
69659
6625
90
46773
78225
33979
68381
96996
43406
93297
85641
51360
19300
22063
99076
81684
45672
30434
17556
4811
15210
73491
77408
15745
10337
4725
76953
62684
14137
70161
32585
10482
80631
57876
26768
64135
66594
11114
87453
97186
14198
92932
11159
70743
8082
34094
75436
35987
4755
63479
18888
19138
92347
38942
35034
10692
50702
50673
47914
46943
1404
66363
64488
66073
65
88742
31786
77423
51165
96190
38881
88324
18315
33012
9756
86242
85679
2472
51206
59310
21662
13105
63496
22104
86515
48072
69731
83616
93016
6719
34407
33996
62877
93107
29636
87775
67570
36385
80000
16895
98482
95606
41266
87867
16306
66279
59499
48540
78222
98944
2615
11430
67895
70634
4089
30148
61891
86331
61773
60545
38674
18982
88462
79516
27051
49452
4433
74436
86109
62862
47367
59124
43209
64605
74101
73697
84810
3191
5399
70181
17031
56554
15288
96648
20712
39869
24699
87536
85486
41341
84914
34455
98870
11638
98625
75058
98231
51032
49264
5571
49585
45932
75218
82528
85552
8699
4570
2078
70378
78932
29749
6999
72242
6052
42108
4100
28237
33627
12023
60716
18381
38314
12885
11514
11574
51632
14319
96845
72474
45043
68049
33832
66471
82771
20480
14681
59593
29279
21436
79635
32454
14642
59447
17684
39634
84703
49909
27024
28385
79931
8950
30642
89882
59478
51795
73362
33307
65954
88100
68693
20299
87328
21974
5337
82053
91407
35165
46380
70933
37751
44465
90758
57118
88850
44863
13544
24307
27738
93930
71083
45836
5405
46054
93530
7834
48838
38928
43461
83476
43914
69668
16920
12037
96591
50553
77808
62132
30200
81170
64042
21212
42245
26718
34405
65658
78810
55610
48665
44962
72356
66635
70662
76193
10843
83950
24936
66575
78814
83018
64612
18591
92124
97504
49438
90151
83704
54911
29927
42211
60970
56148
62446
67695
31448
25416
72833
33584
65809
28777
25329
37807
50515
74925
99209
12835
27827
6493
53026
70359
53719
73394
70762
92567
80031
51173
60593
986
28305
94881
60524
74134
46772
7721
93120
82156
68039
32008
92611
37944
82870
69048
26415
15804
50859
3849
32561
99531
73592
15522
14921
25907
44304
8879
45518
87599
74017
5145
99430
92298
78965
95100
47730
56580
45760
66570
63979
17243
93319
56321
87614
46406
3491
90163
92100
6647
36904
54751
9688
11543
90254
59725
73751
48808
12485
87983
38844
7206
56870
10501
31091
9188
45858
2391
94476
37354
41574
98437
19302
48136
39694
94872
52254
75952
48526
36444
70113
95061
59703
47832
93790
83640
80026
20442
90543
93956
12519
37508
10876
50809
86687
22062
83157
45462
24818
1613
51017
36349
5115
73583
55989
85061
14853
64526
48693
22567
42614
486
39826
60476
61578
16481
5573
81894
32174
62904
4976
20063
58212
51834
54443
94143
61799
68867
37182
58628
49339
18505
8992
99664
57658
20336
24922
80670
85750
15618
77541
45926
44370
37051
387
35718
21835
22095
31714
28710
72636
92874
85151
12143
47491
11216
20960
92598
66057
16450
85464
53833
30604
48262
63514
93803
63377
23627
14078
13019
14801
90026
67152
33212
74711
82398
31728
70285
31844
73900
40845
46457
66494
18723
983
10578
85194
41934
44127
10586
7580
98325
75757
22332
24411
83371
6803
66185
57175
13247
45585
22012
66415
91566
81911
26662
81440
51401
74236
41711
7376
80686
82656
4953
97937
68076
33887
6292
66912
13032
80329
53076
32133
81320
38138
74323
42110
48914
46553
47251
92266
16056
51641
76594
31615
74765
26942
8056
78739
25176
52579
96839
62197
89697
48966
26329
85434
33565
38970
56665
56854
58349
11409
17688
28546
56058
71700
99028
77549
2744
32516
59594
22234
20460
98673
92396
75203
78667
30921
60383
46004
68919
68120
23459
1664
26996
64339
80627
81182
10660
81037
13979
60911
56380
99645
45501
44239
92353
86643
34605
10940
77953
51821
43889
11627
1782
21685
25989
85014
51588
81725
5839
63796
53169
95732
38601
9262
59286
64864
79029
15074
32505
95086
71808
32850
77109
78512
15709
66934
80302
13361
88283
98354
25864
62431
28006
96994
89213
62227
20945
57963
13872
95967
56648
90470
10249
83626
44290
25087
87702
94248
23642
96310
71543
97680
73002
49282
85384
73884
37464
4821
12298
79938
14791
98446
71429
97693
59160
40185
5088
77728
55139
55892
58865
91631
53426
41915
34478
42403
942
40298
6728
1334
38077
25223
87923
69506
69889
38582
69186
81465
25302
52874
93203
517
10847
26886
12853
59329
8903
20224
14465
97359
53711
21354
24863
82100
64427
45938
89684
36929
25532
19641
53021
26365
68391
5037
18810
24471
78510
79714
31133
70367
6796
17886
48218
53660
19113
70277
44440
15242
43264
40338
89289
76793
67297
595
77796
65342
53803
22687
20242
38521
17955
69597
97970
81183
41637
13434
2762
47278
23656
79740
11943
8241
51382
88678
54257
26698
34640
90040
65806
36610
6630
88755
66813
63368
5206
18701
81651
65044
57261
21946
22281
49411
30624
59589
13490
89085
7532
69830
52229
18579
79806
1647
20992
56703
21570
20457
71086
68509
25050
76682
4156
83879
98756
2408
57318
53288
81636
25084
80017
29737
21818
17800
92941
59294
40024
99269
6922
14226
8288
21671
57338
54734
15147
15978
83259
22405
25619
37335
81262
12609
24964
38767
23048
95811
1264
72745
89972
57045
56264
93374
64686
39061
12196
1753
94625
29574
48068
81488
46557
72260
97354
75507
93912
53510
33605
39566
71099
3060
84081
91823
58339
39464
66648
4912
98731
54994
7137
32832
3416
72804
3052
4644
90071
58520
89838
17945
68087
33971
10520
25897
79008
95213
95937
34564
67304
55180
29596
35638
60505
27915
48230
28481
41356
29411
65600
36305
57836
3907
85412
26966
67403
73736
97949
74576
54017
12914
80607
33795
19160
55960
25923
410
79117
62806
32168
75193
54250
10629
2529
93095
67440
77589
68
49126
80200
89958
56257
33345
25379
36603
8918
5548
77454
14075
43539
63275
85574
32356
25142
67299
97992
8788
91081
66837
14633
17422
77638
73000
57531
3589
21344
52968
76551
96786
49696
74704
36181
41128
51942
1912
25533
12884
4743
44950
71375
48855
82587
65500
86402
643
72979
45864
71606
39417
16286
67314
74626
98840
19830
69697
63215
86653
43294
45390
33616
98
75819
50746
33257
41655
472
53123
32383
45816
64082
37310
57650
43424
13968
71975
94018
13660
14901
63511
64972
36749
91691
7337
19319
9445
67988
64043
69537
61949
94171
68307
28529
18056
30490
59922
21828
43845
39623
12034
89261
31410
39683
15915
63974
88603
40177
28558
2761
31741
30355
48394
34324
9844
87627
2962
31084
85658
30923
50365
12813
48625
39223
40992
73858
31344
27123
53851
3628
77090
69525
32934
95108
36944
30172
61107
70597
15317
41643
29608
77588
65358
90453
9476
90006
55071
96784
31253
42387
81128
45118
45796
55881
76167
5870
21766
66398
37359
82518
44277
14625
17906
30524
99465
93418
92223
83978
56287
97469
18186
43530
72491
28903
54901
38604
55471
19412
43590
37665
80852
74414
78183
91454
17909
56187
12599
55944
89748
76117
34805
18253
58860
60580
57666
34889
66707
93514
31852
75918
438
74539
48760
62102
82211
61160
86754
53279
7155
18331
52531
37969
12982
17931
12075
13028
29716
27792
1309
286
16639
88213
80930
99566
96825
83611
79286
89601
76311
28951
32681
23893
61694
49464
28978
28442
73512
82539
90412
24444
17096
11369
89975
52278
26137
50167
84772
57002
8016
24762
33860
82171
55832
53340
96855
34261
91320
74779
77756
20218
25090
61954
98947
74140
76856
18558
38695
86590
26616
67389
81305
78925
28144
24989
67119
71018
65304
96106
86886
13444
7619
63491
60680
64546
92214
45368
95480
42064
56410
36024
51618
43685
39165
17972
172
11875
53376
43075
79101
72458
45644
1267
51095
9233
5587
79640
546
36107
38624
67553
7243
52654
34289
5553
73812
23053
17436
98254
16820
35763
57049
31138
35882
65824
80941
27538
97973
21636
50391
33364
56780
44726
66473
37430
8488
76515
38269
35788
66611
23255
35215
67703
7417
77860
72164
95813
70448
89856
93584
79720
93239
87182
23543
94752
43904
64198
53437
83166
9552
25642
73682
60778
50761
33308
59555
66789
43658
45845
53744
82784
74718
55481
32953
61437
70492
13603
76743
54870
25512
36663
81653
68652
95206
11939
37976
41134
62783
90613
56621
55291
93858
84989
13579
92546
12788
82649
49878
60085
75601
46724
71659
35601
40769
9391
94281
13334
91466
30450
57260
83489
17021
82214
22454
30192
71707
7344
69390
6629
44418
3797
26626
379
35317
5215
99806
76463
30745
33990
34233
26719
43593
89572
80104
51260
34892
42084
87413
98727
46514
14559
92800
13292
24999
53527
47192
19652
80092
61542
45399
58911
85560
91602
41881
18268
8985
48059
28223
33617
15888
66706
57638
34669
76454
53630
36706
47944
43184
25283
99582
26041
17940
24348
99009
5884
93642
13755
74249
26968
34257
37050
55152
21313
13995
79787
31007
47267
61344
7660
92189
7900
77629
59176
17674
27374
30053
64874
63315
36035
33389
41797
43712
86492
30732
19008
16165
208
89191
39843
94884
44776
3456
87786
18536
36745
51904
98794
28554
95201
76276
55190
13209
72457
2964
14068
74257
54982
95101
79492
27654
70339
77358
45333
91316
92541
56223
20390
10649
57136
14353
54333
56049
57106
27026
59897
18119
25467
26330
14491
33349
32169
46970
76176
1980
93650
82334
65553
81974
62067
95467
4656
106
32583
27966
24639
4599
32987
71589
65542
21082
37900
23150
68168
42313
78711
3983
71450
37437
89413
80256
1769
53709
72412
63380
88826
87673
55181
80761
11572
16709
54061
62075
25560
1059
62397
74239
44413
42422
34335
16949
90793
35997
8652
95022
25484
70509
56309
59400
32483
66675
42105
41824
3397
43096
83421
16251
60071
45891
86573
89542
70984
37798
91642
70654
34386
41743
63386
7531
14131
58879
81981
38706
96255
25170
62477
59740
77978
67713
34610
31062
69161
41166
66058
44604
3205
36443
84669
77816
99999
68435
97809
87581
95869
87200
56289
6996
58542
52728
97661
56335
72283
2979
70120
55964
15112
30223
89690
98451
26492
30862
71960
36478
25134
78467
88775
9000
73778
25491
13822
41610
83406
42567
92532
93264
38236
83332
34347
59019
92309
56368
62425
70490
78394
53609
56689
94057
7912
93535
47881
23290
2721
32779
41517
97392
41247
99893
8633
51007
34883
75860
55641
99808
15999
5908
95616
23650
66796
14954
99662
80950
81665
44594
70165
3073
54772
15041
30145
32482
24535
60561
53649
52749
31567
51483
75346
51437
98697
14110
10817
89802
72968
56615
24793
51999
30556
20091
79305
70687
78566
39022
25623
89336
35792
44180
81576
48357
91850
44503
98988
29208
22723
49633
75999
57312
64786
96157
85865
35839
37699
6501
32554
73596
27750
44904
90600
67344
50960
52741
13817
8591
92150
68027
65004
39359
26099
6684
43207
82497
65947
43767
54485
29645
17319
66396
29009
5234
91696
17064
25992
25377
36280
307
21179
73083
31398
92556
11004
88112
27540
28265
18248
88245
28890
10640
67445
1951
63912
19158
65305
52308
60622
57425
31455
98393
72767
52812
93698
58560
94434
70724
87725
13729
60523
49994
39637
96782
42873
99688
89258
7718
78649
45548
82941
65363
46157
69509
37039
96903
10943
87352
5766
66510
64772
60526
80885
15710
85253
27381
6612
82622
47271
6176
57636
19028
3429
23056
1987
20427
70154
68436
48254
63984
92367
15096
46160
97895
74544
63425
45272
25182
35041
258
11111
96280
18151
42641
92741
67107
63271
30055
43116
24292
89157
97128
10673
59829
69831
40808
3515
16682
49011
61673
90880
26335
59871
41013
23991
72091
83194
93044
89116
60769
66110
13451
96470
94724
90659
22956
26421
14537
89318
39541
25331
82903
93926
35287
94564
21773
3632
91408
89944
42430
5786
6857
12691
2248
19192
25197
97493
80385
82416
51751
51848
19247
44216
9564
49274
2872
22007
86948
1458
11185
1685
82924
40954
4758
27814
81403
16999
45480
84913
66519
90956
86248
53860
89491
14360
44621
89108
64433
920
29254
20133
17693
23315
34534
29760
76610
91109
5231
10141
24123
8183
75450
71864
94320
90377
4077
76189
38550
30283
18287
5192
65417
50919
61753
35576
12805
40455
10759
46345
43785
65015
10089
13013
72555
53293
94932
18260
85794
4700
40754
35351
39880
57798
9156
22078
38882
27600
26664
17208
92050
76533
79036
38959
45833
3442
73772
31523
74231
17846
76418
58552
36018
15366
10158
13790
92340
30744
29789
57522
6275
77754
72041
63480
42906
10436
42727
49402
6776
65040
81573
85024
40055
74463
51985
98116
75226
21628
85330
99223
99797
62622
40134
69645
77992
10621
63560
5255
52373
9978
24570
8448
81805
31919
85120
26258
95719
63955
32812
1845
79622
3474
50781
79149
12071
67372
21735
3896
6672
43610
61851
14723
32277
28535
29787
71904
27640
79154
93502
30108
44938
41587
73205
34771
93681
43601
48668
49013
66138
17641
59119
87344
64529
98828
63100
98576
50797
81277
74964
36568
91437
46571
61421
73230
99958
43811
21370
27522
4147
17165
86771
44875
17463
24894
762
54070
34011
64420
61960
80539
29955
93576
76104
28096
53432
55838
45517
90946
92690
42882
67067
47164
18371
31723
8298
30228
95883
27524
64906
690
54852
29642
93447
53983
84794
40097
27539
12281
16005
90775
23068
81229
96091
15312
40161
44838
75953
1068
81591
95183
62752
9672
77774
46430
86909
80605
69742
63124
44214
19992
37749
64851
90845
71110
62000
45650
96259
93295
71686
34107
52981
78026
90444
95503
24299
73454
82193
20245
86170
33161
11665
23872
70222
86829
95346
18052
85081
62386
1192
27242
68898
70283
11884
41619
25874
71732
97905
27756
33426
81722
79076
70170
65216
95397
68378
62089
51982
25063
54798
2413
26659
88690
20634
49669
61378
38993
83062
64550
93762
73213
6031
18097
9163
41847
73169
6105
17626
42996
4369
44611
66984
73089
74269
22484
83722
2731
90126
91847
50125
76674
14183
49856
58641
44161
26233
14083
20825
10426
38162
73743
20913
85029
80664
74284
14485
61550
71421
25749
71324
58253
39588
11263
46337
33226
90347
65905
95114
53032
90846
36939
43008
52805
42346
64424
74933
31924
99039
36554
52275
55341
56329
6661
37012
79686
68842
51051
22523
3744
77267
27041
75322
14568
29696
77989
97563
44822
36556
6965
86967
62571
66693
50973
84693
8495
78524
95846
93638
5848
60013
26159
99083
56041
93322
97285
69609
62188
19396
90351
41294
44834
26354
3568
7180
27044
60782
3377
35098
85235
68282
91352
77341
12938
95146
79118
8087
40102
71470
68106
18325
5396
54558
27568
47092
37907
53813
53522
78483
54595
83524
20150
13162
15376
99764
97137
18484
45897
29333
72251
70240
48968
20989
94319
90568
28541
65868
52594
85502
91358
65594
60201
37008
46654
97387
3393
1165
79768
57182
93613
95603
26543
93484
9273
3211
80751
81226
46335
29777
45326
22852
22038
90153
4763
73691
95268
66093
20751
13712
72212
38310
87022
77095
42228
36671
40551
86949
56843
19260
74652
40
72715
64013
36000
26411
40900
12003
69798
45113
31352
95563
35477
474
97204
20030
9629
65943
30536
47963
14573
44168
84511
38448
13273
30643
32
74937
6950
42916
53273
5194
88821
52182
80659
92274
34545
44396
52683
3206
5734
54636
47238
96799
96037
38288
64510
47773
42862
14808
19824
11770
55777
12701
33448
63164
64364
63010
96064
97109
82329
67026
30144
36047
42875
84044
27764
45695
81442
64982
3492
59973
6413
15614
69984
90457
37105
2383
91497
24711
30803
35325
16839
22940
53988
70143
28850
29366
34130
34631
96770
43967
19448
79366
23259
24616
49315
97920
20608
19766
49095
92867
80370
75706
25485
75293
95841
5069
22298
36448
82932
7471
2812
17911
81307
21331
99033
25853
29723
8614
74503
24834
23834
25830
27542
16472
29632
66208
97822
66180
52452
34575
86433
17119
45697
18973
84572
68125
17245
88132
60182
70913
54113
42173
87798
42386
32798
52011
61861
52235
83679
1789
1104
38848
44717
66346
10516
92136
99910
260
30006
74701
74471
62817
84024
51599
29680
27635
95271
81721
21801
84605
5503
49760
68384
693
60851
50004
94210
92111
34583
43418
20746
95013
66382
11683
74651
49662
71576
57459
5491
19483
41805
57140
74448
14393
27972
92170
20575
66539
12672
44269
3761
81772
95304
71087
99200
44292
73655
75205
422
4770
13366
5712
44302
41251
44485
50789
48523
7687
41860
2681
42819
11581
94366
21181
57211
67257
20405
18173
14188
87668
57252
60373
20346
97727
36779
1519
10182
67761
57404
1054
6033
12852
45704
89265
4696
7189
17770
93878
98406
54345
22722
28976
35289
79042
3028
9057
36323
5007
57603
26208
74282
24870
43636
22409
57032
16374
25155
19052
10447
50374
36504
29180
83567
98431
1993
99748
41120
81587
60399
12040
64185
73233
3560
93596
70622
86769
55854
96915
66764
40034
90731
97838
85469
29998
53014
42446
49875
29492
8942
79171
15457
1287
34250
76549
17728
86941
11298
78526
83931
10470
23590
39046
15862
18654
97290
17121
63337
34014
64346
87590
47213
60379
83383
64284
27072
95949
88953
1057
87847
27204
19812
90363
26284
68731
12582
6701
37176
33693
79444
17696
91187
63531
223
30052
86361
87327
31999
86615
43692
49641
27291
22860
56098
85549
96781
74276
50101
24106
94253
58798
32702
81140
95921
22256
17008
69177
46812
48848
31366
29305
53269
73841
48129
10418
48621
30770
33378
26192
77312
29469
37371
27971
78922
60385
24356
79496
46166
82091
20819
29095
81764
78205
28339
24967
65910
42003
97797
44466
46671
87694
95159
95372
13514
70286
74150
29132
55470
22116
92233
64685
48719
81944
64708
39743
83555
21797
32957
26431
19124
24425
82707
83311
27748
30301
55608
84882
47134
97798
94514
39652
25074
7567
48114
28461
72607
30072
13119
73239
25306
3726
2778
72446
83843
17486
40088
43164
58655
49474
89260
9313
74781
61522
17573
867
37388
61065
53817
71849
53948
30638
3496
14346
52146
54646
93843
54854
7788
85868
21351
43236
98028
48644
32063
16510
58903
6731
17960
84119
84748
74611
44998
32642
62228
41988
92452
65037
99188
29968
33208
65578
90100
16588
44241
95478
27583
34742
67051
98900
51908
50863
55486
80763
46497
62881
49529
89486
96389
63499
30275
1345
52394
70885
60532
26020
48613
62882
63086
82604
27744
86173
80870
10007
17403
14337
84467
2956
98133
78981
48877
2903
79881
15234
92020
85671
87789
70952
49718
81070
50417
60579
54086
20591
10936
42985
13839
69833
76226
73237
9081
23067
3738
69487
33586
14244
94983
19926
27053
5841
72950
4326
56308
98070
59167
48121
40291
22440
44345
20137
95717
16907
91553
77250
587
11424
51244
91545
13890
86379
2021
70274
32072
37950
49991
91486
53939
91193
44109
75567
20921
61419
86289
18679
7844
96753
45545
34358
19857
81436
14689
90396
35649
61768
88009
58979
20096
17340
68959
33931
67936
26390
80645
39659
68783
91169
95427
8097
86022
41087
28736
81239
359
54868
5793
24634
82443
41661
95897
9921
73056
42316
1134
76151
6173
77691
86480
39550
17602
7429
85005
32481
50230
93000
94957
87948
57864
56840
8312
93210
40401
78443
83044
94456
14761
62196
43222
48866
21215
66725
1877
1377
2832
8838
56251
59191
55951
26564
22181
79959
59718
45359
37724
68582
70005
21238
58130
81416
85351
33266
15776
60288
68261
95648
1211
4990
15973
82106
54201
72174
34522
50434
29204
28869
39622
81146
75174
1919
43751
69565
48093
21981
78200
24542
45778
62519
78393
62780
33836
47577
21633
10018
71343
35052
3524
65603
60951
97374
23143
56105
68589
21784
33041
12678
58455
27870
41848
29549
63082
30706
99487
61873
98629
51328
55225
63504
48965
77923
42991
55537
67583
82894
79792
4143
94634
57210
41901
81144
3625
62045
98082
73790
58870
80099
23111
4891
84747
42693
58718
36404
46526
28344
54729
38656
66993
76948
1977
12886
83845
84163
36994
92870
58214
73569
12165
2502
56897
60101
98344
85109
37485
64626
77797
38148
42868
39690
12190
89000
76846
48232
83798
78194
4767
67004
36646
48281
32908
16446
64334
62827
85568
79243
16435
48249
54038
50287
2394
95475
26693
10390
406
84151
48573
88339
21907
77913
17781
20939
7867
69708
1655
62029
97940
88393
40810
85342
59997
59264
59037
70705
11686
11916
92712
74445
83518
59424
38373
18207
3526
4600
63718
86039
55662
45586
82468
77413
47903
26376
46868
52634
52449
12907
2955
42367
11668
13784
34593
7881
2110
15178
67057
59945
13110
10493
56773
87396
90093
46847
69874
94865
92364
46864
45443
32429
68683
14848
92391
26532
13996
98117
40910
75394
36466
31591
58083
39440
50263
86482
89334
83661
14291
21870
49489
9948
16378
20582
87323
55749
36756
36334
75152
70565
33807
7910
65592
72362
69905
58951
4844
25981
24973
48399
60953
10563
30708
68745
57711
26676
73403
63709
81605
40212
65588
52797
59941
31387
53808
37656
93554
13772
50993
424
15486
90964
62766
8828
68969
33120
96427
30563
80695
99674
72941
79702
98954
40215
88672
89851
41975
39873
73897
66929
13956
4548
31971
81958
68042
34996
19045
9200
67133
51552
36068
66278
81948
50274
78381
31326
82641
70100
63935
58700
97773
48415
14547
15930
34681
38543
36185
39175
7122
71457
28841
60887
33101
41989
66838
28030
95323
78938
82418
45428
44544
43360
85421
45000
6443
52492
86729
57899
74875
7340
982
97702
11162
82318
67443
70354
77503
38913
60662
4636
55570
63404
43442
59611
93882
10477
35410
55468
73643
43054
4591
65971
20635
93644
78018
70729
7885
21090
50939
56292
50883
75879
41903
4868
27980
99056
28354
93513
51994
85155
24092
67311
77809
3961
46346
54004
67324
72005
80593
33271
2785
92056
78408
72514
3303
84886
81820
66642
255
4547
32388
86937
39338
82755
63923
73027
80680
19140
40364
95357
35356
17677
9595
90139
16403
26150
94667
37594
30119
51135
28403
28003
72221
837
82919
12660
34948
5876
40648
47913
20515
22534
59989
21578
8254
75031
53231
64587
70319
69618
80477
2879
32564
51720
38692
58262
70368
60534
29604
16696
89785
16899
30965
16589
71195
77581
35993
79317
88302
41543
74033
18828
88876
40479
5032
82257
37279
19576
62836
2179
98670
72032
75279
73105
22015
20613
10913
73845
72068
64307
27749
69058
55273
46845
53563
22474
19351
78229
55093
80968
23443
96005
6453
16004
6918
98249
78532
38475
70306
13076
93285
25980
37980
89382
28711
75926
90090
29334
32793
40691
64507
87737
69236
882
31607
7013
24365
22579
77007
81400
93744
16227
10014
32215
53798
86940
22509
58530
84735
19990
13261
58351
36195
63485
6853
38309
71939
92883
58230
62372
89731
74175
6277
98588
41714
7227
465
19870
1541
94716
32317
37213
46021
86846
79982
16100
40960
82263
25780
2243
78475
72724
57807
30295
61261
73621
33466
49326
50232
6147
57452
42184
70389
10644
89103
44240
24287
39764
93579
6019
47470
35777
43703
32328
15526
23674
14295
49689
24738
19684
9056
36551
708
74590
59727
4768
95944
72134
73701
40086
14904
44524
96401
81427
76095
31004
24481
68073
16180
67262
70056
91360
35306
24400
79064
19423
52290
5532
84012
66334
69013
33876
63582
23362
55003
96507
77782
93657
22420
11869
80255
83286
95153
70243
47073
49033
47369
6560
85751
25149
14227
24342
43964
6571
24095
50608
77945
15818
87325
97184
61503
41037
58848
26981
11542
76383
70570
65664
61093
94260
53555
97058
96258
8718
60431
42578
12480
78125
57599
90184
88903
14061
48775
56654
84584
50956
52312
36196
17065
17821
34357
25017
33325
41129
9298
65627
28652
96394
51400
67238
81602
58318
88313
3183
33358
5973
93508
23599
47586
6937
40540
72719
39662
10930
52042
55908
85682
7845
96351
46932
80437
89403
49025
3563
28659
4639
13944
75792
33819
72388
51425
29866
30353
42106
67471
45627
35004
95790
98857
61076
40178
48748
1729
64345
31914
36461
96277
94374
99257
34492
9183
49997
41770
66033
22334
6224
55726
77421
91080
24764
23331
23452
79239
69568
8590
2400
60696
72615
63670
34012
48158
89565
65501
60790
82170
56705
94963
43205
88771
31866
2636
99053
70566
4705
61177
36507
2028
36546
12158
37735
30233
87055
51494
96236
70410
79259
55913
19943
54241
19284
4782
98825
95186
5425
3975
79091
18215
72206
76154
43278
73492
69218
19359
69261
83598
18449
31570
36099
88833
8686
80103
87629
6822
26888
59041
7521
21105
68001
66133
44568
41187
93518
75977
63856
27558
63437
88252
85603
32451
77254
74162
35462
93654
12877
17348
94111
61108
84663
73723
80006
51297
67623
55452
28317
54832
34651
97211
56227
75944
42913
81197
55772
36011
24477
21868
50715
15108
36807
46496
53303
91578
14562
64009
63753
80148
89912
21268
31598
2857
70184
70018
2062
14126
3728
44374
66739
90667
15182
7863
49106
52417
70224
62905
72785
65650
40635
27319
33844
75787
85735
21326
37507
33946
43379
63034
87321
23654
76826
3780
21448
61151
37809
18086
36608
88414
51671
82500
26610
97951
25219
50400
78838
12378
94302
39779
80959
55601
62842
31645
2340
90166
33154
82832
22619
83492
88164
50358
83016
88049
10664
48724
73320
39671
57482
28106
87696
88168
74468
85652
81382
28135
84613
53247
28705
75731
25641
82486
35945
65496
27685
41937
16973
74664
86490
53770
29398
72830
99108
47428
13988
64097
83527
92167
2279
22679
55467
88426
86550
32659
40927
89532
21312
59784
40460
16040
44373
58957
63139
37979
16126
88592
10324
66887
36294
41462
21553
48841
23468
48927
59237
574
93710
89335
66608
69388
39090
40836
90306
76086
53611
10771
58584
2343
36797
62835
40168
59796
340
20456
26858
45553
39741
36513
65792
83469
58439
99590
62326
26260
15105
12533
70792
23582
28323
42522
66078
21895
46811
76411
42203
8221
79986
54052
69471
91059
82712
42301
39667
81971
16417
12890
45510
39353
45905
89721
42391
41324
73224
10711
36686
16012
20802
86513
70819
60820
59093
99492
26479
36719
5150
6562
61529
72552
67094
29685
22342
61912
14382
21852
90634
25471
11894
16072
394
64229
17819
20033
62371
28409
87090
82769
69711
75312
17554
6668
79914
83386
91056
1396
79422
75481
47248
12775
65900
37240
27231
25614
75108
29291
84196
66842
36801
23576
6554
27513
68008
46234
66690
99556
2508
5789
54137
9908
80426
21051
12876
64909
53223
46516
50903
566
96746
47043
93655
98317
12434
85054
88741
43304
8239
8978
75107
31594
72797
97250
11511
86701
21031
63987
63710
8262
9622
92922
88438
91662
59986
63074
67230
6546
23601
42074
13583
35727
2232
53917
30632
52973
65163
37591
41336
43750
18761
16660
76358
69510
95871
3584
7940
31525
23436
49155
36218
81980
43649
49563
66516
64183
69317
49931
84272
48247
20357
44122
51330
73431
24179
22306
12987
77839
47214
20764
95947
3426
11611
74595
64693
22685
8540
28263
87151
95619
54324
77305
39850
94931
42851
19194
57693
35364
62709
48417
39696
5684
31220
56438
93772
79560
80991
4876
76359
73041
65817
76827
64167
17826
43694
20909
76989
41644
68960
81246
51154
59949
9403
77590
55901
44531
36538
90315
79750
94470
83102
4702
31318
92538
82253
66515
54123
47183
74129
17341
67832
78450
61171
89965
56738
81548
27331
89747
23939
91857
56962
81159
5457
738
44309
91430
4614
67316
20170
95953
68728
71504
95063
76374
59217
29855
28926
49561
58430
61327
56530
62971
22344
83874
98906
37450
62434
35690
19674
86685
64032
1141
94849
22005
42467
21469
24681
6247
66990
91279
93887
46364
75181
81472
56519
45562
81326
23160
18852
43634
71043
26561
38512
93824
66247
28630
15649
21748
5664
27330
76796
14471
24664
52471
79181
34829
43375
62518
81228
67436
5180
82664
42150
5584
70216
35871
22316
84060
55501
57548
72378
48609
52462
78157
8382
30153
5351
16245
77105
97962
12858
62160
38276
80008
86421
28159
39001
81660
42072
40376
21465
81682
88376
37245
75939
78796
6710
40593
8417
99072
96244
67779
42031
63502
28137
30218
57124
49586
447
80369
95218
2710
11855
83781
7011
70481
25250
94324
44169
70467
48926
82843
80739
79562
3784
78614
25160
27380
75504
40331
67883
16309
10923
16939
11452
2628
22473
53972
70670
86997
45965
3304
14176
66972
13202
1474
23916
11408
85965
93154
14932
91093
96155
15519
78553
73452
43795
88802
82164
82879
83638
8207
40070
77280
17789
60433
70262
43493
80372
16533
44037
87892
21397
11276
93572
90832
96500
78102
90219
836
78361
38380
60102
52176
50970
66407
17396
66412
63798
38154
89234
81196
7578
13630
72456
4544
44228
23107
79251
39344
9774
46183
63622
32473
24085
29415
70204
42412
88595
22655
724
40662
73036
64816
15157
26473
58582
94845
10374
88621
69744
31530
44256
78401
73508
6821
52268
68455
45224
82519
86756
71654
70703
88291
97559
77329
18095
72528
7786
5401
95739
66884
65278
81497
63734
6854
35676
13177
50109
48821
27659
47211
32296
6345
30344
24732
40137
1111
267
85897
81508
16427
32430
72329
10691
2632
12096
87831
54234
49659
75801
4871
87404
71665
69667
67726
30473
83250
79124
69293
79910
314
99558
86755
94611
66160
2300
55805
72322
79357
40208
73806
81076
69119
91798
72860
50349
74729
62485
61144
25602
58852
16582
34304
21679
25243
62165
49175
23225
59024
2846
19899
59596
35916
38234
65192
34142
39138
5052
32302
72320
96519
90181
43011
10319
18499
22262
44446
54033
3392
56136
69196
73241
59647
75853
60350
27095
89713
63254
67108
63057
33954
51270
65222
43986
89891
22823
24056
87289
60418
6977
492
61706
16348
82990
29473
86700
64901
94030
7031
65912
93152
7595
94416
18617
28075
13236
20826
58081
72310
25996
21257
10527
48335
71053
30887
36863
74223
26093
6220
17470
71
50937
30733
67624
7095
17725
88215
81165
85031
16680
35420
20111
67451
75376
34672
96812
15494
28382
49767
63597
83344
6967
98550
58495
29693
44620
80298
89243
25185
34391
32865
27812
95875
31921
254
48273
13681
81431
97070
93353
11248
10554
39339
63421
16855
88894
52015
15476
90429
9728
12624
55976
48836
45742
65242
78942
92251
16099
2118
59432
39397
63703
36243
9181
17124
45639
47064
2030
40048
24415
58256
27739
22469
93854
87282
78907
61226
79238
26562
51956
24577
48972
96645
17117
60112
18908
28551
11265
19860
86842
51042
59723
42860
86915
20995
9350
70685
30826
30393
7055
77481
44595
93863
55340
20557
75253
78310
12682
77247
48434
34652
16415
20071
99293
4693
2043
37477
17272
46852
48676
96711
37710
76439
46212
47986
11035
98910
65202
80353
79559
99598
89515
30937
85007
83364
63845
72626
66552
36500
99201
38917
60105
38564
39617
40151
92905
50329
4675
72591
17139
53888
15198
96542
73661
4121
86394
93022
45128
18993
24855
98396
52111
46061
36167
64168
33629
38293
34521
8166
86324
97813
91139
11937
86597
55010
56197
23058
22855
5624
71068
14749
55111
67875
91053
87613
80171
48128
48684
90625
67733
75317
59248
30445
84066
56994
34604
34184
67289
83631
76161
86274
61019
77964
37338
68517
9907
41246
87649
3998
92673
42315
7352
23505
37706
68155
56409
64741
63692
68105
74491
50092
91292
11529
46499
1460
39628
34775
92357
55853
3390
44129
34046
68877
76475
66585
7458
68498
73165
66615
42989
92600
35176
67864
1808
23022
28107
88542
47297
40534
15947
3299
68682
73613
75277
55633
97855
67861
35336
9021
50485
78989
26571
83444
18882
96322
63053
83375
86056
21234
46260
44088
96827
34548
28888
43800
3753
67336
35591
22731
5944
2429
30978
28464
74277
39304
66244
15309
30941
32589
91575
64151
69943
73683
53570
56437
44546
56300
59053
1545
5181
7270
17269
34778
89182
12927
71407
88023
92101
26148
2798
63945
20262
99723
29003
20750
13030
30237
79275
97837
52453
43690
7655
73531
62063
58174
1538
59648
78806
54043
37231
85733
85141
43232
9515
49128
32136
6301
38292
3860
62872
14221
18261
72793
51188
42163
12782
70768
57289
43079
46764
9004
64
17025
95147
7301
26156
40459
31826
20450
83840
78045
3184
49009
80097
83902
32023
72169
88303
56056
5091
49779
68767
48137
48937
78608
35274
48906
71097
24303
75859
34915
46795
63966
23525
67700
84271
84040
6614
35031
99116
98586
90036
53121
74507
26930
69004
99410
39597
46373
87181
51444
82402
96761
79500
46408
9940
55666
22552
7083
82210
96520
76580
90094
76262
75637
35038
64632
29097
26634
55055
36240
72604
63900
55324
98159
47431
43218
82340
58073
77104
21161
7280
10382
13350
15437
43131
34010
94908
84220
31312
31399
81384
31904
23647
2546
20443
94699
57143
47469
82400
23836
42928
59959
51677
61830
82495
22565
71773
69461
28274
66274
46817
15175
14013
51059
57622
47506
90235
69530
10555
50844
52960
46759
45092
93312
2027
71929
67315
97722
36104
13879
94832
47692
87308
74291
74749
18174
69855
22451
46697
67489
57777
69318
34738
76590
35779
61862
94218
16328
22566
83353
56620
89672
91009
15038
94569
89127
25496
49255
71495
57743
33273
49483
91434
88704
9030
32762
92165
25626
87875
35137
36800
95505
24231
97334
40631
289
8429
78579
44564
77006
48013
55269
46586
65789
8391
71753
48590
37405
53039
95448
2336
52223
54878
66169
87568
1857
64260
13581
51022
35294
84035
48004
94084
11314
73609
28254
96738
3317
99971
45773
75763
36462
53117
31908
21601
94789
9383
89331
25309
2221
81429
5467
18911
74366
52171
94160
94453
37837
95886
7728
25745
74607
84546
98570
43650
42736
58444
86679
76080
51006
27511
51190
10799
70472
55918
57085
41755
60794
46763
88508
97144
85392
43665
61545
39908
39737
5415
88300
83911
2478
44416
6515
88727
38009
10856
42427
60308
3302
26476
7848
87071
38155
12409
87362
5324
47139
62430
38815
67157
33125
58348
17339
604
61284
72587
6008
62512
11103
65582
42653
7436
58827
24765
58787
76579
23605
76709
35981
76279
73575
32039
58319
73202
94610
74962
38800
55684
55380
73557
13281
34154
52136
11568
68171
45103
47931
13982
87101
70519
5639
81088
72904
45056
44879
53864
7922
63187
43408
69424
70134
64669
15270
96733
9582
18743
75867
21862
23312
1180
97646
39638
66304
20805
21886
47713
52779
42674
72198
84764
13050
92209
93694
15216
75988
54975
64457
6624
34569
26830
74133
80737
38963
91781
6939
36948
41338
45064
14144
54533
97961
49930
69729
61218
3003
86437
62415
20686
76289
44059
14592
17404
98302
26823
82177
94439
2906
98816
73656
65730
2834
59886
81918
3305
67007
1361
29943
72569
84007
46512
31733
92980
40286
6511
46830
89963
19675
99062
79447
48101
72426
73050
96049
57699
59236
7498
52135
16347
94138
23
13478
50659
28063
2055
68256
76332
50442
15137
78331
47942
12649
31851
46903
64770
56551
34470
43617
52607
94170
96023
43821
53515
82109
84289
56761
90573
25753
65007
79440
3968
39288
13966
52674
31167
45885
97627
57047
14460
72197
27450
12017
17474
9670
55234
68568
40200
41079
60917
50754
48771
38889
10065
83746
39466
41127
38079
61746
23118
5221
83739
85668
82739
64610
65559
45251
47606
11108
68142
2561
69717
46819
45441
60904
20488
82912
41377
51060
26976
8490
51771
44682
95348
19965
14626
67043
99963
26883
14093
19546
37455
99540
63412
84672
90469
11429
57029
11876
59664
57455
46050
70305
35982
78595
24561
20485
36552
59244
71892
30465
93027
48220
71794
41651
31415
62212
35222
6133
24663
36650
53779
71780
24513
57392
8552
56363
71632
10156
51004
17543
81030
96683
97009
13450
94109
89719
9199
50267
41561
34276
26606
19646
40465
27673
57472
29909
84692
24190
31260
34090
75445
45912
50606
67132
75352
17215
18178
59376
1373
61523
69320
80016
12056
40175
34532
83907
65414
20891
71825
44911
93798
40820
4008
206
32432
14036
15779
82392
1028
47273
46972
52129
85291
26721
7623
39149
59968
74589
11386
76207
38820
76833
53754
57586
25118
51174
85077
20715
456
47995
76734
27470
46556
97911
16665
20043
33932
15549
94484
41198
86169
67758
47729
39580
23488
21710
88927
88616
43120
320
88452
88071
71898
64567
82909
35559
30161
8425
52621
70015
85517
33008
47382
53859
59776
71403
81566
95115
19428
98363
65651
94735
2992
29906
93992
11207
7514
75704
5195
15648
5211
66536
26079
97516
27409
33737
21756
6000
3639
54027
41040
3032
31281
8919
49270
44203
89397
57287
30720
45034
87348
11101
51128
45377
2576
30658
60743
97877
31127
53613
9882
63423
51830
9510
6252
63995
62134
59946
31813
15902
55351
41973
17204
79111
60096
99344
66530
54709
44052
15124
41155
32649
1085
32441
60908
64158
12185
87135
24654
23294
84977
6243
61297
67538
2492
29842
63309
83857
8338
3924
58540
16862
71014
30306
93641
2292
68987
46485
39585
71953
9235
96263
11720
10668
74268
25926
66199
7549
92685
18015
58377
94131
36516
27178
20978
11592
23239
82145
73624
3261
41196
93052
2574
42055
27135
50834
97987
69944
44610
73937
55075
66534
7130
23184
7689
68726
8024
48884
6451
14438
73271
82016
41130
841
44865
17802
40955
10988
32862
6071
58235
46543
55778
61953
97811
16082
45911
16757
11119
82442
96419
3954
72549
90589
37943
88516
66505
43317
32467
5831
59954
35362
58831
58682
4638
96348
15829
45172
60913
42603
71591
75523
40427
53149
86705
95569
3192
50223
20281
36372
19561
43429
47481
14623
17125
32588
63853
20079
28911
63583
26859
4223
50732
27258
8405
47807
38704
84462
64805
42672
38270
70000
79690
70363
18239
38702
86314
50480
51145
40374
72962
65502
56606
9478
1142
23873
21724
57500
23432
72937
20581
40226
66550
40623
91036
88486
46813
62636
30822
41607
74232
26126
29772
17727
95408
81315
70518
27932
50229
90632
27865
78239
82285
42706
42789
95004
49790
8403
94391
97533
58103
14133
6658
36789
62708
55525
92698
67458
1927
67183
57040
15370
48817
6331
44633
16597
80452
14098
19330
74894
53239
17861
81114
67722
41425
80285
7067
4694
53234
58625
74045
46151
74719
41045
29176
44764
15233
56660
95560
19858
33941
42381
27099
3255
25592
54349
64436
93786
51193
85079
88253
84676
15891
15025
22321
52021
31618
43557
30898
57951
38973
35046
43878
77733
89730
66830
60481
69160
41796
60921
44957
39067
60139
35447
88092
79951
91503
93874
6916
80966
75505
43728
610
52536
76298
91841
14379
85187
6520
78499
77166
41375
678
16422
15200
84424
35904
59896
31426
51406
39758
29197
49336
75272
35135
35642
23557
5451
89860
66124
44937
99244
71050
28678
5811
10487
8238
29996
87480
11847
58317
84039
98560
7179
73618
71888
88321
46657
70879
50889
7552
35433
48701
67627
87541
69551
78211
57390
37610
30839
30048
30438
80933
43792
99793
99550
82420
29942
4226
30911
34442
47116
28470
76830
16844
7222
68263
38974
51292
40365
67841
87475
38275
6010
275
85357
73676
6603
97806
86126
96059
47083
38090
52986
99189
31300
45992
1492
87848
12956
79438
33864
31039
83084
18798
3280
2670
39198
2427
27309
30073
29838
67562
96712
8896
3967
39222
85140
9662
8434
9160
71399
84610
18360
31020
98343
74631
93342
33732
84087
27336
46733
53717
66848
77724
79375
64440
61037
92392
20078
43646
72815
98300
55969
92301
61400
75136
54283
18569
63612
12280
3668
60195
52149
53998
56853
30413
27454
37764
58698
46303
70554
67397
73009
34002
52195
88812
42482
3561
54470
29834
94468
40404
74197
14979
55392
57661
51468
88279
22485
18910
98554
11031
56474
6611
67909
1097
87707
77847
60945
19526
29967
44685
80506
19532
56883
7114
65033
2720
88373
21269
25537
40361
47132
25201
85504
68175
60434
82817
55200
13704
99052
1034
91934
56246
49023
61516
35409
76320
81907
43389
31437
14268
15386
90117
7596
63861
96113
3827
66833
35370
28185
46178
95664
9463
56189
7572
67174
76498
10733
74856
63858
91338
62467
84212
7360
66395
67099
51001
42082
35376
62875
98236
49799
99668
73059
23997
59965
37007
81171
44050
82548
5790
16735
25526
77593
9425
97732
12732
61134
77531
39987
11961
23714
59214
87564
61511
9115
32835
733
13587
17977
41827
68651
98416
72232
77844
15653
56315
43395
45838
64657
13842
6355
2841
96129
44349
53612
45812
1527
35950
29823
83393
68796
95547
35764
6545
61329
1158
6643
32180
20080
67202
4314
50769
3640
58618
61848
67645
85778
9687
60546
80309
83091
3202
85208
65928
52724
22908
16410
46437
10103
87040
84230
99704
99975
12948
89594
28164
15384
3063
85763
41468
73258
55221
4306
72390
58331
95567
28759
12333
45923
10835
4799
56038
56355
16033
85477
7888
91687
98677
923
50865
78328
60178
37181
14509
10696
67487
11177
27796
8554
96397
9417
76531
18470
84551
37588
65710
19600
90777
9311
88982
24032
71719
30912
82300
72722
75900
30550
94870
83873
17918
69480
93886
68167
78349
37702
14484
31484
89020
95856
29456
74079
27743
91104
43820
31174
8182
41308
5736
73281
6417
98170
10955
62583
43436
27271
43842
65108
72740
11878
50019
37671
45197
28816
69373
11118
22028
61484
14423
95889
48589
94205
18210
12996
59482
43714
48302
22217
67071
55873
60167
32020
75972
74910
79400
21075
32795
68921
59183
71727
96057
8976
19320
80615
19834
54940
71687
79939
7338
21518
10882
21795
29167
95506
73649
15858
92047
68816
39295
4429
88712
30272
22863
69877
42575
47299
10027
75401
18645
1413
87058
65155
79796
95557
46009
89502
41258
77680
83363
24397
76974
53979
41569
30121
57364
53927
9752
34361
2048
88338
34812
45569
29349
75925
83588
98032
54160
36622
50836
647
78304
419
31925
79191
92222
31072
47535
25395
75487
34310
28786
15308
88524
31771
75843
91635
5533
85636
45061
69989
73753
58915
78967
76318
89968
54683
98690
34967
22880
92406
69064
99713
85413
18359
34351
57353
30096
57609
26566
63459
36999
89823
72756
11191
60734
1821
40913
37505
32599
25757
24636
72573
1487
95872
31800
55067
42642
59559
84566
28922
50356
67721
95952
29883
23196
15448
78068
16575
78339
13431
70765
72711
46222
47826
97794
77815
58468
53074
8832
4873
91886
75116
39980
63001
2166
74951
29158
23978
90925
33793
36530
72127
65036
26454
93490
52440
65674
71947
48754
11512
83179
92564
21834
1284
93895
24015
58462
87230
900
23342
85165
13272
49705
62173
42185
50524
13574
7433
49616
67568
27464
43121
71056
76931
10399
61593
53305
31917
90524
11060
40652
84796
27280
55677
58036
74227
11901
89681
56089
75247
23579
28943
92409
83866
6810
97756
15575
11717
89054
40742
3360
40159
87008
48660
17921
86484
38444
51209
2994
57546
4334
47532
60267
98454
18733
12629
8909
72805
1676
32606
87381
89723
32202
39375
74509
34628
18997
40254
23795
20293
32815
48628
55547
70976
53704
1308
22449
21160
97069
88123
70119
21574
67940
78113
59423
61977
66499
3846
12638
88825
17629
14854
51467
53849
20420
97198
86261
95509
45356
34398
71574
62496
34016
99885
16032
52139
94764
40213
56071
47348
59665
37787
2326
78445
92640
94354
71042
522
50931
50244
75780
94379
52856
69397
6770
49711
97915
61237
89010
38054
41331
68703
48774
25818
35216
79173
99048
58082
42393
28032
2379
90759
76619
96243
45236
48225
23112
64121
63072
94797
92132
54089
66026
84463
84955
87275
29480
20856
89677
23185
11657
42289
54638
71423
11018
79913
3879
15654
38429
75443
50609
823
6408
92644
65583
3995
14191
86444
65654
85379
45759
48543
15760
66465
87472
52689
40131
89163
99192
64099
86711
22799
71036
36660
8450
55783
83583
18281
55167
82361
3897
39078
82138
35811
26121
71485
3835
41281
2719
97135
97368
20177
37121
15644
61457
47103
69873
53811
15800
17950
39352
9067
58562
32359
25922
80652
63076
26773
68270
72657
97498
89104
47902
4208
29525
13227
92350
83906
89976
25558
47589
60999
29453
83592
86836
79912
60903
4554
94081
29884
68868
69849
76331
9027
86775
14840
56345
80523
32250
6432
34356
63518
78668
6781
81000
79426
27156
54722
84532
5555
11624
77518
13459
43377
99537
66645
29034
70614
32557
26936
55244
65755
54224
74745
34796
79709
59120
61505
28629
49406
32604
77770
32139
72936
28294
50892
87332
66548
18179
54296
12854
34084
2852
75975
82115
63650
73180
45602
4581
13504
60681
97092
79650
16266
82310
51571
74107
41659
11433
45199
22953
57041
54325
61395
5079
55288
10901
23962
79172
16181
86921
79284
99957
26804
39997
66600
3449
47521
40717
93656
91625
19070
68976
37185
57388
47541
9743
36840
68653
85599
36993
50688
8531
73479
81654
62189
15974
30157
90516
36357
94962
33650
53639
94680
78011
50718
53112
12909
37406
79590
68757
71346
82557
55768
55161
46978
40956
64672
93616
32334
43985
2894
55436
68940
774
63225
47578
22486
55903
46861
57308
85918
45737
67042
36837
52974
80070
44143
84179
23527
98358
97728
84689
24330
84490
55124
65480
81390
51452
85133
33718
97578
53722
28886
69825
53844
45673
7218
49981
89128
253
29822
67505
82275
25805
48814
25613
86779
89130
25564
35589
17212
3801
32381
93228
25221
18243
46727
57980
67392
21129
87866
19326
55889
75209
73946
87238
52338
8651
45115
57476
54040
48686
76114
56607
26317
51734
11385
23301
1469
43599
64585
51603
64252
93539
21060
45995
24438
16517
45544
94762
23299
76105
16555
96054
17285
63679
99181
78805
51540
17718
12507
48033
74488
53674
43431
50794
16073
48856
89580
32785
58423
42056
78598
59754
7336
69143
40029
46389
68747
64498
4097
12906
46517
26567
81300
64569
2881
8385
36802
28490
40258
80051
95936
31837
83297
23238
18623
94287
24766
50440
71141
30071
13072
66546
78000
70202
73101
85736
423
39418
8227
33242
21411
61819
1504
64445
65836
92008
52582
26945
54556
67530
50318
47990
8128
47820
94687
44976
98390
54188
64837
44771
51110
68093
19873
21369
28519
96309
96613
88003
94077
68488
1839
87412
19011
44856
21182
80065
13829
72982
42783
81321
77584
48397
61295
59247
82363
18975
48361
98546
62730
79996
17034
82407
26292
86243
62941
30036
41364
3132
56281
13905
23839
49354
12207
41984
11205
54568
79651
37099
68587
24016
25815
78431
14398
96257
75582
10061
61656
43747
27483
81984
53150
23521
75238
40018
38750
31934
16084
66553
15761
53721
48723
650
47658
4612
61141
4950
43704
36553
26157
76851
54718
75019
19064
84743
90409
5764
19253
71096
53338
50962
85435
46116
87220
7743
87774
82217
16313
17627
19026
91357
14362
3959
20866
21481
43472
77325
98189
95864
46196
32323
53777
20180
16279
54361
24347
22975
72381
4188
15980
3556
28792
74465
73197
5614
43274
70384
81284
83321
45420
57895
62638
2657
1722
88921
99734
25573
60498
99641
47493
89322
85288
58306
25369
95468
50336
92005
24355
56140
92417
92184
55210
67908
23564
22213
97538
70237
82711
3464
37018
3818
83985
92847
74092
68923
80079
49276
24443
77015
19872
19062
79169
36048
99970
54580
93531
98013
64049
41605
50917
66439
80158
42385
38136
55489
49838
38003
26151
94513
11399
57196
76752
82031
81475
66386
71033
31404
80722
47378
71192
92697
26588
4806
89688
93032
33704
33767
8612
2119
73449
86863
69460
14942
39009
80062
97043
7797
64799
93900
96651
81492
13738
45729
70336
83862
81670
64224
80747
83790
41815
27703
20688
61169
68513
37041
47468
44075
60285
98357
37690
44634
11749
19708
59312
72765
61617
30984
48830
62268
24416
93771
68549
75158
16800
58825
73228
50096
69402
88048
65172
73427
26017
96365
50324
41151
38018
88610
34435
8142
82007
51960
79972
3502
32964
99671
34238
786
87901
71492
83202
68409
1327
5447
51644
32648
82788
34924
58316
51553
6158
17182
40466
51741
94037
98145
78246
51684
34854
18984
98691
25944
33398
85289
15027
79752
38097
40554
97151
80520
12769
72292
72957
73209
77360
79924
18221
29209
29246
61211
87944
78367
90120
62244
78066
47381
12444
28136
44077
42818
85429
3579
71507
14648
51881
2439
69869
47654
19702
11854
22857
4731
11998
39890
38113
13641
80901
63208
42579
28991
1907
86730
62641
31139
48696
92553
56467
43826
85998
82396
50538
41547
59693
41963
64437
25608
75960
46734
72465
61018
93620
31101
92516
53193
58320
4344
54919
68511
72120
79854
2797
79529
85746
88875
84568
63823
42765
99827
3710
12397
74146
84969
13938
19217
76898
90537
97885
56255
63406
41328
69330
59517
38192
1672
71894
84033
20693
18469
35619
52207
26545
57199
53607
49302
18278
94964
87742
88219
48577
86364
12829
40285
88356
98551
21689
39125
28445
98238
62661
90590
61598
45195
67794
11747
67373
26778
93923
55649
1387
86374
73653
50748
92321
48667
60738
99918
83678
29972
47673
67382
69907
8932
92064
20039
55148
94520
17845
37040
98206
4753
67592
25910
29284
39993
93003
80465
37947
21262
67076
48634
8990
35566
92235
16896
60980
56811
81008
88972
91695
15567
8083
91568
6631
88197
18931
56244
91862
15413
10874
62383
94493
47293
30549
7151
13084
32437
79300
50026
43618
43376
11564
28534
51388
56954
91542
77176
84085
65938
25738
37331
33853
62491
9541
26703
30080
67582
18330
5313
79734
91834
79893
2156
19861
26828
48031
28381
82875
54575
24384
81369
31565
97714
46577
46460
25065
58385
37042
63729
12162
90268
25530
73540
52203
74127
90463
69828
4017
16603
39534
70590
67063
87035
88990
52789
19687
56855
4712
88543
99900
62120
53524
47049
17072
15111
59895
33460
41669
3511
99140
94454
36477
99969
51395
21520
28785
48023
4724
17033
41416
48704
70295
5487
23023
20562
26210
22789
66641
73598
27773
85884
16547
12006
12838
3620
37628
51176
19779
27293
45351
88735
79122
83133
34411
80542
60815
1758
38253
75182
90577
84795
47571
8055
37498
16051
54336
59372
84866
25673
60611
9903
5036
88187
67873
21094
38846
56459
5188
89722
48382
46639
66804
86290
57036
1734
63339
23513
92601
57273
28218
67001
9635
61531
13521
78269
8199
56722
37368
91385
66478
81383
47395
11420
88402
19041
55387
56909
29065
79742
33673
48349
70487
57314
15204
27153
14296
50757
6890
31490
1536
60735
35892
12702
34559
87865
10971
32095
81690
705
84603
59669
1564
17426
8701
95252
25888
24417
45255
83898
25452
73051
40083
47300
45631
97614
9336
82175
93260
2107
98422
13911
62677
87227
94557
94356
99300
77158
92882
98295
85852
65601
2337
66230
9022
14494
29809
41701
65268
14943
81021
29910
35218
47179
78080
41118
95548
67049
79045
19436
57782
41423
48518
16703
77683
43886
23170
31408
41800
26565
75303
18838
93615
78028
7971
45855
54522
48529
19117
99802
59926
16804
29318
57744
95199
50154
80074
60832
81396
39844
92146
13973
552
49798
4096
14541
14868
21650
77983
37244
55000
79737
64083
75461
57724
7753
42468
84845
38581
52577
65253
46176
70122
4174
75760
759
81884
27459
96008
58310
96833
9614
75822
73571
70876
74565
72184
11746
36823
72008
35961
32203
59532
14782
4573
84404
24358
11679
86387
54323
76273
91294
26388
9573
66488
35542
65129
52349
2189
99978
88034
7371
31196
24637
5681
5366
93267
81696
93901
10599
81814
54211
68126
42459
89122
16831
8045
64779
36867
98339
60912
18589
49969
17567
63362
77387
68154
89508
3126
95069
67325
23460
51532
70106
15715
14433
86081
94650
89663
22018
92827
61136
96549
16240
20795
57587
83075
96948
17747
41067
10414
29056
77771
54239
79446
43566
85864
76769
40356
38714
29899
35937
60704
41292
37916
46470
60040
44737
75369
64478
82666
42291
51040
27223
54009
70034
5799
67925
22199
23295
36752
82740
54460
59261
72296
87715
35352
46336
68764
65382
69105
5282
76194
78230
75698
26117
28494
69927
28827
31812
28937
32210
17258
35620
79756
64993
82295
65249
52291
4658
42325
74508
54520
51432
5792
52910
66248
287
14178
35266
7707
63988
72700
91277
82778
71964
30740
6942
42960
25643
94769
5347
52002
17420
10334
74219
7405
83431
84294
4610
1949
51417
30631
95451
46975
28632
9998
35359
7966
75309
27373
14262
50617
95465
81709
36101
63079
4459
70534
98080
41758
48454
42507
84274
41789
73184
15418
15094
48002
2918
92974
26131
98889
24221
62560
54993
3080
28009
89610
93847
54245
38811
80599
28556
11028
18266
93308
23832
10583
80489
76348
11952
59249
33911
13033
42633
28817
81192
91906
27921
32756
3175
22794
95434
21863
12964
56
691
42855
20709
16087
33901
49211
90922
80133
34447
74482
44854
77058
19704
9179
90247
55116
62617
42692
74679
62994
60577
27586
61555
95073
30173
99844
24579
17704
1369
23750
40500
73380
44586
86652
72712
81919
82995
48740
45582
82946
33699
78669
72996
41217
66819
57213
15977
31395
60584
19690
61921
732
16642
73256
26796
96654
6258
72172
63063
10312
19586
96754
61803
67470
65811
86927
38121
9431
51987
87909
80232
1352
44080
78217
43575
47685
99103
6474
69570
44554
74623
3257
81622
87763
30605
84534
20632
23199
87625
94447
53873
3685
98008
14240
1432
60272
9433
21669
25668
16080
42491
87873
4742
30470
84838
77573
42353
55707
82117
57470
92701
32971
52658
47533
84950
76903
56019
88619
55858
44480
81612
92775
48890
37360
46129
12024
5954
53302
10251
17313
38727
59061
74978
61267
50514
80710
62230
65359
80197
6235
96809
83244
23128
26081
9474
79658
82190
90262
39586
26283
89275
26582
28615
66243
11678
75905
10480
76300
46788
75536
40154
26212
29396
95600
99701
9361
49286
68191
91698
86839
67069
8897
8432
45486
58175
51058
13196
96109
42729
61777
27306
52144
27108
88358
25883
77156
78969
44104
87477
56076
82921
95957
61926
90292
23088
82185
4225
89194
87139
34849
86933
69421
95111
85439
5119
30810
3714
48161
15257
20250
3643
69791
57321
8977
38895
50411
15385
46692
82531
72189
53827
25755
74089
28194
88897
47699
52264
92456
44964
39942
37878
40197
17028
64468
48144
18790
50453
76415
96755
67814
90173
7515
68368
622
66118
32434
57737
72917
27766
13550
26932
77467
59325
66361
73350
29926
1830
19063
46622
96801
9094
97715
98654
52907
52258
77622
75493
50712
41181
93968
64003
25449
91224
62531
16440
96572
37314
65277
581
21290
42911
39846
18338
65865
69412
5871
59063
83287
5934
34291
95128
27626
5674
23031
75800
61259
89184
22309
73073
32817
19029
74267
67248
90615
4265
12015
6245
74884
25196
43893
25130
90762
4949
63716
18707
8503
19797
7880
50407
82344
66375
34433
93006
65794
10174
57584
18789
48929
17475
89015
16574
86185
74938
83579
64482
52814
55687
65443
80793
42728
96752
53619
59259
95755
32122
37117
85461
96338
65465
29217
49298
36765
73993
87947
91129
92062
12324
18665
83438
73484
91594
36187
27911
26857
28743
28297
64924
87078
89308
20758
48690
42503
87735
50192
71701
74375
59342
77824
57474
43095
14816
7306
37946
4018
98382
66952
92661
80018
29017
64331
75638
16369
82565
76284
36836
730
64111
89640
98243
8250
6290
36885
3504
25506
26251
5161
2485
94781
68367
12973
23830
10494
62344
16619
7475
25068
29513
27029
25389
13699
67053
55927
1641
17176
40100
8323
34645
85075
81689
79819
17827
44501
12012
82078
45267
8946
28866
99355
79685
17405
11601
17047
45793
27066
73669
72582
81466
6102
73208
12090
40399
51115
93009
76946
83795
97123
58163
2321
47309
6933
81338
66268
93097
28093
40481
8811
91828
53621
59238
55058
22892
90892
31650
7116
43677
16044
61472
69358
69481
25127
89758
66313
95279
17817
64640
49212
68347
91067
54319
59841
93607
30253
31105
40531
16707
43386
71239
13190
98263
23837
74529
75923
52882
63202
78150
32690
34218
9969
24392
34106
20100
53385
35077
44698
91547
28193
23262
84167
4828
21529
62013
8121
21765
3670
44967
89886
87038
28022
6303
5993
74930
29278
91353
84522
88406
63260
58697
97616
58024
5507
53900
62683
11996
70696
32834
51648
88838
4276
72566
96392
27799
65833
27958
87163
56442
12126
55759
58570
78786
62579
96077
71441
51620
68273
72620
34695
23730
52860
68095
37390
34482
84418
67255
14451
51439
26648
90209
25550
29502
95752
38905
7716
32693
13285
83269
73773
77282
56279
5963
86585
68222
63725
68467
10339
51766
21676
37852
22230
48293
6789
21137
99553
86218
82863
9432
122
1400
77416
60321
37307
52125
8915
58166
30241
50061
63711
33184
13989
47349
91254
66582
39861
9211
62716
37118
91031
67817
3594
42144
52479
61975
88296
60307
96085
49785
15003
37453
50775
30878
93427
11494
10695
6604
42636
80484
34719
24667
8452
90234
63432
44325
42534
22154
80448
3225
19292
25298
30546
91917
80052
23555
61905
14030
92547
55215
70261
94153
89396
78162
29879
46581
6426
40782
3380
47505
77801
15959
24075
8655
78525
28200
59837
51625
2040
33923
84809
60548
90923
54013
78612
43474
31545
87778
64262
88284
12384
9698
6472
72332
20938
46554
15789
45371
52554
91544
20376
78251
34891
18423
91813
64058
30798
51763
40768
53573
24166
39243
20740
47836
39265
54817
5874
33332
24840
20387
18646
69001
30782
55482
17812
5035
52200
97621
34554
18585
69400
14351
54337
7272
27715
14557
40686
86859
34081
8530
73825
61751
35641
66740
15634
41260
1493
52710
44194
7605
28123
67065
73485
16620
65404
74479
54484
45863
82098
6081
66059
60722
75459
85889
5528
57715
57750
78546
71954
8329
89514
9092
9681
37414
83759
59156
95859
90424
80117
70753
18126
62741
26282
68197
16700
69706
29384
12356
38829
87949
35119
22425
3340
36523
84155
10579
42724
60129
58752
77513
48244
51458
63604
43514
38693
67945
56880
58418
31087
33701
7048
6966
76905
86840
63570
76108
2482
88631
72414
47228
70647
74429
42177
30540
36085
85805
69323
85012
55678
26451
52507
29236
88454
90729
20611
82844
16539
87180
74695
80304
66397
14560
31840
85833
14192
22535
71529
35942
62086
97617
56235
1236
44687
13709
26021
63422
11210
72062
42930
65198
29222
32846
19387
83528
55267
12069
29350
38754
65243
74230
20478
5701
51178
34710
37202
11651
31803
32048
14735
49077
41639
50893
55536
31890
87882
35803
37113
86258
2729
54272
47223
92051
41463
72874
61941
57282
86132
96536
12975
96450
41177
89200
80435
15970
35719
56113
73706
59262
49528
323
36426
19655
87664
54057
66995
92081
1459
98507
33315
79683
23999
4525
44380
67685
23466
4904
7820
39318
10321
97955
17214
88158
39983
86772
34997
77760
82463
2509
40341
61624
80398
69315
41371
163
18747
75672
51477
6148
59192
42390
72835
27214
16443
20937
50802
63073
17131
82948
6913
45494
4536
66560
20839
77889
82529
72131
32431
20569
93025
20868
86283
98528
81628
35522
64881
63749
26729
93841
64048
54310
32640
61613
26916
5325
8724
84554
90647
96073
54154
84168
42312
86912
76497
76014
21034
14254
9508
56617
60993
73840
20410
5081
29248
29317
90428
42153
31711
89309
43231
71112
42271
24777
42829
87099
52155
11105
90105
682
70975
94272
79488
50491
92161
89171
62739
28013
35201
27196
59157
87826
94936
49944
48845
73784
74093
50305
97812
23786
13059
15212
17910
60501
84447
67834
12
75125
93094
9208
48338
40915
19249
75027
76642
12100
97074
57927
20214
81728
12664
16277
57089
76704
90132
92210
27356
44977
29765
61546
40935
75131
73546
57063
39094
48198
42130
4983
50123
71867
43921
82918
45618
66829
51596
62789
12066
33845
96088
20062
2231
26752
45821
89934
49285
2954
71791
26264
91371
65054
93139
60810
3022
21865
42966
86514
57464
32671
41504
35671
99678
49755
30323
39760
44493
70075
87992
27484
26598
15865
17155
39640
58443
15075
85273
46651
91579
13294
55808
10920
49181
21233
84082
38127
80571
15833
54965
86470
7024
84176
1577
4835
4266
96713
83776
31286
57003
39071
42574
42268
39270
16998
27530
47601
78108
32630
56524
51704
27384
5182
90434
37910
4088
84963
75740
70627
14119
17491
36286
69518
58509
30558
97310
23526
21972
26542
88432
34578
15232
65990
69792
21861
5943
1227
27346
32691
5917
85768
15345
14790
14220
45784
580
77506
83028
5490
40204
14339
39553
27444
80403
28984
57998
92653
99760
61354
31818
98634
42713
54525
5575
73042
80796
26297
78637
78258
62742
31451
89437
95550
98795
96366
30701
95342
77704
49206
78115
95696
63806
55914
88726
95382
19333
6372
65114
51790
57027
21967
22308
92278
73432
92587
67635
41448
77200
63245
79850
60765
84502
19078
58197
76277
3148
31026
52134
84494
60465
33826
17930
20564
42805
33645
77714
59562
9436
7228
91716
25208
31159
59929
95964
23826
70574
99882
2752
14468
52332
272
37062
48736
92982
48125
52987
32741
42170
4635
95625
76407
78279
67339
59309
76196
90215
52153
67560
30596
51157
33297
32670
1473
3546
28774
6360
91589
98132
11562
53632
66050
11288
60759
77249
76352
90804
74929
16610
56007
30513
87246
73939
48870
4772
21214
24497
82233
59059
15388
94048
37470
64038
26252
91268
48902
33068
48883
22175
72374
56628
64572
15707
79902
77107
34458
7801
3087
29830
58475
65859
42122
58352
31346
31958
28178
58839
71850
90489
64995
34623
51518
19692
14374
13994
69157
39004
19391
91072
21184
38232
51574
90708
66588
85898
50529
65653
446
61795
11139
75817
36396
81593
59791
35194
48858
50141
37642
56838
88527
80301
37275
45728
90236
86342
75640
70618
70244
32387
67093
93667
57727
84640
89890
12685
70038
26646
61543
12437
89942
72166
58086
90441
3696
90639
18222
66954
3282
26865
72430
45453
14653
75149
16744
42781
62508
29466
6411
9773
29754
19280
84525
74522
67601
6889
71465
12843
58648
10687
45849
14272
39032
64432
43271
99667
90609
51192
37637
25846
6109
96685
68216
44548
88961
99649
69954
90343
51098
28620
85928
12684
55751
43114
68419
42619
67179
45378
58160
13627
59940
79619
83308
77666
61938
29281
20957
11175
44289
15151
18263
34929
44012
75662
22965
3884
89813
35257
26882
26538
78418
19962
34214
64939
67366
99587
22247
70991
8536
4267
49059
36596
98722
20415
39212
9786
68849
73926
34345
94233
34275
99179
16495
17624
12198
432
30208
15972
49730
74365
27185
21745
32035
1329
49947
21261
58332
88424
44555
39848
53810
71252
49101
58123
73824
8626
88464
34632
31901
84781
54586
68523
17088
22920
59545
37170
85292
28974
74073
99095
25112
489
37097
73153
17694
1103
69861
51144
10377
5818
1011
19625
83174
29802
14892
32727
49174
69411
85772
38858
81855
36711
37997
21364
18571
61524
96558
90076
11094
81789
97967
86512
4218
11849
45555
75751
44658
41418
65712
6401
10635
74443
81454
11640
10738
87134
39179
90333
48860
44825
82525
72020
67429
23963
80902
31357
94179
57740
17668
91807
84203
53210
14177
81278
7709
70482
47743
28811
11287
48403
89434
85338
36180
7675
25958
52517
78120
58027
45213
41027
80896
79229
16886
84273
11367
12773
30109
10557
42238
68026
37143
29089
9598
55427
28316
16729
2112
45731
54841
40491
31853
13128
69237
9321
96978
52391
2045
31753
30467
58869
15938
13572
90910
54024
53155
11074
80714
80308
23190
31125
17020
57643
45904
60020
92613
57297
48963
18519
83692
91731
91511
65160
40471
29529
46612
16581
93877
22696
40382
31322
7026
9501
8127
64415
23207
53792
95822
536
30749
55736
99672
86942
46089
44790
77390
22661
5293
47501
59224
47618
51254
25429
67980
42797
60728
58281
70599
81487
64778
75114
29664
23403
39721
52908
94798
17391
2089
88473
41477
14134
59564
30944
12046
2566
3476
53523
4847
94858
65239
57288
2711
90596
3278
94637
79616
89209
78957
3348
88461
26290
85873
57625
72837
79096
32152
89203
18936
99552
66790
56896
46939
62620
74151
83313
5662
19729
82967
844
28435
31891
68984
88055
12457
51241
47283
73535
33361
5279
8164
73305
24696
65974
40188
88885
55857
19461
28610
50436
98024
24382
97044
6880
15051
94202
76166
77833
62389
13950
98609
43004
71538
66913
14107
21883
62896
83002
63355
34832
42583
18545
5882
78062
8735
54609
32954
27403
96358
23748
91581
91089
82951
2181
58928
71447
64797
13582
65011
26109
70827
71604
2555
89279
6180
81217
97548
20586
52873
3735
10801
27043
17415
84264
74806
17976
3189
89455
98862
60708
84084
74990
80188
71845
13722
25841
61201
38579
96760
44529
38111
37788
2397
93830
43500
47781
86478
12730
93936
38958
95656
81804
39472
29499
72769
41427
52098
60008
27302
59977
40288
3335
78321
44978
266
30551
42600
76552
23905
75437
96694
57786
33259
86232
55418
10396
9007
14993
2375
52323
30972
50850
54297
3011
60984
77171
66456
79833
76861
90190
71683
45474
22792
16469
48467
74985
72099
58650
66086
73903
5301
55776
54136
3293
59110
14775
1325
72156
14862
65289
6412
23854
40953
67626
76783
8622
49678
67480
6953
76417
95587
28803
18879
71136
57709
95618
85266
52115
3813
91667
95198
58375
530
8464
29740
71075
27461
96947
58044
4798
78504
97599
91500
59256
63349
53160
95658
3692
7540
51495
47398
94443
18067
57689
77712
13421
29117
60228
19309
37964
6846
59582
35918
76962
67613
90973
6
96383
18868
51099
93647
55476
98859
1252
51118
49966
87036
28717
51623
57093
31848
65867
75910
77969
85139
61704
46143
1228
39459
83794
74242
68882
86974
82139
59974
71682
4529
1849
76451
51712
36550
1790
61605
81529
12926
49840
31005
52758
65169
83981
9309
54824
67349
74845
83686
22231
50185
51799
81270
4475
74292
71047
11010
89252
76338
3149
51688
88535
85787
5713
53905
2041
36717
82292
13406
94859
96335
31341
97203
53652
28000
59407
6013
96550
28642
63799
76788
3057
88893
3944
85231
70578
9588
54808
52876
25138
5680
68634
56564
89795
34427
81481
14205
94315
15103
94437
54051
90354
92442
63434
17192
67055
37236
3782
21631
44810
2743
86557
97263
75735
70676
21993
39675
89574
196
95579
19776
33091
75143
61489
55062
45507
79953
26427
96050
88086
70342
56344
11892
17460
6194
72291
52294
87451
59543
36411
80039
83850
70108
66317
27637
3757
72350
50664
33412
69860
86467
24683
82773
239
60026
7431
82520
84570
95472
57257
74423
67930
5025
19007
57525
63867
11092
53715
72419
55929
14444
85299
36054
65104
18759
66436
49797
91140
85820
69910
88029
90499
72734
75434
94392
25896
42954
47922
52940
79522
98404
81809
59751
57190
60273
82943
20437
41016
3985
73886
71371
19938
72058
55142
30879
50994
21798
42095
50501
44450
19500
8545
64774
30316
92290
53816
32021
7626
84373
73526
34020
39096
11887
10244
93538
20037
34290
38319
92533
82321
32299
56075
23678
2709
26628
33963
848
80943
34574
27209
64978
78802
65683
24725
29901
35288
46859
6707
75403
29154
24010
82652
41222
29277
87589
14526
85150
63789
40303
90077
93370
65203
52766
19458
89772
10012
7963
47111
55861
19161
50345
1705
6307
39739
22136
49827
8063
62064
78074
24165
33462
16716
65366
44297
95404
86835
31948
17074
48700
37411
22275
89041
78555
15599
29288
53637
94671
59520
96931
13487
29207
70117
62849
84423
57578
66054
93112
25080
3160
97676
51984
80203
96788
49580
86155
98877
48324
71283
99603
65808
25783
23484
78441
24600
75655
40588
40114
79543
602
48597
95602
18033
9930
25446
22763
58005
73462
38488
50469
90848
58402
66720
96641
93141
97632
7289
54651
29885
10100
55252
29686
89391
66332
20042
56347
21843
36059
99931
34000
36941
29687
25292
4339
21700
21559
57526
11994
3188
57947
54931
7772
54173
31804
79411
41346
3232
45415
94204
98914
67856
79368
78934
26509
66974
31407
74451
17024
98773
44582
97321
66876
73292
56513
74743
76835
5889
62384
49999
33281
98091
80061
89
56532
93768
76718
37252
73063
32337
45990
99698
26294
86657
51167
84356
22033
32412
29414
35587
56553
26667
90391
40112
8484
58020
38350
31328
19290
5411
54223
8424
44615
73732
23637
93045
9949
32515
17640
38082
55469
4491
28369
48298
1983
31870
23859
21730
55796
93005
45984
7691
11620
85456
98494
62286
547
99107
18368
48581
38920
5869
94804
4631
12013
88173
61014
25686
60599
516
99295
56478
36482
27096
78128
20810
44157
72396
18620
1963
99152
24567
1251
42388
55320
5530
75039
97518
52787
93759
65336
14327
85500
78423
2511
31727
5522
40192
29294
586
91007
49819
5218
72479
1157
69351
46310
22008
49443
21511
47694
78285
70436
98666
73360
74338
37528
47492
68238
38761
68397
7237
45264
40488
18488
8517
12725
6365
96631
67120
17419
35140
70759
54903
83595
31278
11762
39938
169
27365
22683
6649
14076
21141
41390
95819
76396
60147
8043
13165
91174
15349
50543
28590
95902
75552
69634
92831
84641
90449
84814
9658
71828
443
17434
56422
71532
23763
29993
58267
10773
25687
43413
19782
16430
13239
27448
19374
14730
14312
77224
72045
91706
86633
32939
89765
28727
395
82544
98823
17656
55057
55354
67919
20243
4389
87667
40268
14315
13012
2224
9207
58289
72960
49244
60103
97785
24226
4140
62983
48886
80971
54570
24279
76268
68089
43315
18688
91380
25413
12322
53468
28303
5945
60987
34202
32706
64469
35968
26178
59504
47926
13576
18293
40492
40762
13909
1720
12265
45880
13401
2265
95358
58969
92943
42761
59346
76591
60689
9990
1902
74959
6622
4586
31435
83515
30737
57487
84101
20596
19915
36022
39102
21515
33251
71424
1371
38697
44005
61599
37870
11914
78399
13768
50593
4730
70223
35930
80606
36140
31961
6166
80449
66497
68676
48853
98853
66183
22303
89366
53782
19547
65657
47330
32006
90445
53790
59281
35233
57194
79532
78097
4553
33260
35913
43902
91326
87274
83500
17004
29063
95982
63666
40517
25699
70917
54304
29286
38184
2314
23492
17596
25911
15017
95880
81852
34933
71910
73976
52632
43707
65719
64991
19513
80530
24606
38164
52537
95809
31264
94055
2238
81897
18093
40326
84025
57263
1275
97586
22761
63265
97605
16611
17514
25921
41672
59350
93434
3238
91991
93606
93511
92876
50444
76506
57835
80778
17671
87373
99868
39034
43435
71285
75629
8802
37370
96189
80361
29285
43033
32616
60931
60623
98049
42071
55154
24246
27171
94982
48328
51010
66405
62676
5197
83763
41555
22459
52053
29486
57969
520
7959
21668
96398
95412
77027
97141
90230
52858
25321
69301
99680
47155
81116
77493
59412
40421
344
12364
86260
18532
6165
67383
685
7871
20239
93966
91359
24286
71671
33778
31587
3499
55640
46272
86027
7307
80028
19889
93334
87432
77862
35742
94590
33992
33309
25772
62772
50029
68763
7249
71974
35451
7740
71670
49713
69941
70328
11158
35744
99850
9587
54752
72369
88780
75457
64884
77318
53870
71824
26291
16935
19321
75593
48818
60411
62652
12534
45102
32494
77885
13254
10104
19945
90053
80124
463
84407
85850
97953
64869
71856
11059
19577
89098
41585
18098
1496
67868
6627
75782
9430
99158
67797
88204
59112
22363
22361
60083
1502
38751
22151
32078
28383
93859
70090
32689
9927
54286
43497
49869
43161
33314
29272
45145
75767
74764
84048
64497
10632
62251
52415
50498
41931
93614
54529
13338
34517
66940
78228
12124
83925
33455
42677
63574
21272
97788
31432
57413
9240
92467
80123
5861
42769
85512
48077
23204
48217
17890
70058
62701
83135
82834
50476
36973
26396
21714
15481
79520
75625
36644
76912
49340
34720
67741
69592
94981
23821
20333
27956
99360
81708
90031
77614
54461
89768
75278
68018
13906
78626
94642
5413
30177
42570
10434
6541
95349
34927
77363
116
46995
44646
10909
51130
26975
82602
55795
46188
94460
45541
58326
28663
25224
1072
18051
58997
15053
72884
60857
74643
85095
81259
64133
17216
80673
96959
77617
83454
2596
53995
51149
7609
71533
17697
19354
84905
86760
49179
38109
7808
70815
572
94203
39073
22633
16276
59865
18280
38279
34337
1810
95911
75878
90454
85474
68480
31474
9634
91120
35429
3868
71202
58888
88752
60261
93151
90211
42452
47906
57092
62351
90669
90646
48438
17394
60427
84980
81694
57590
73877
83785
79353
51112
73074
99091
6286
13398
90285
36470
72888
69230
51946
86725
7006
64838
18832
80785
75596
5830
30132
44952
64467
28055
68991
76007
20112
57811
71085
99142
84712
7343
19211
12722
81798
89808
55074
99897
42927
9982
37651
85258
77831
99437
58873
51666
78863
68416
75941
73121
99233
61396
79108
28476
81098
38569
33390
1772
68114
78259
1466
9219
50265
71296
8834
20636
95027
64955
64853
57842
37490
57554
4721
85720
34868
29261
22058
26941
27887
45413
16092
65464
85252
58824
56750
26647
89787
36020
98748
70867
25346
38918
92436
16291
94252
48769
38975
42116
99318
48432
17052
7794
72928
97485
8708
43741
76938
93091
42646
38907
91069
68692
72723
70540
36952
41737
38797
40940
18550
80832
78529
55694
80636
13854
88015
68827
75858
36594
73834
47337
75636
90941
39005
99087
59608
87500
96301
78527
61232
61648
40653
97457
40594
89217
45658
76006
29825
36968
79354
87048
74707
63119
19335
14096
46756
68418
92521
70799
95608
28806
75430
98310
6409
47767
9789
61340
12825
16802
33658
7813
64784
20191
81046
46940
84393
83553
31459
80259
83990
33167
23256
94216
36284
92197
47559
76499
17499
33509
13021
75557
20503
88318
55347
10902
75513
68809
50726
996
71284
58346
69076
91824
89864
63523
3066
38414
63695
32500
92674
54864
77060
43777
72616
55691
71689
44496
60556
66962
80283
56314
36897
52194
48413
34585
39551
3039
36394
79198
36060
82655
27259
81
59612
94861
6724
42980
17147
79066
4797
83409
73588
15960
3655
91502
45023
19172
82831
37424
96951
8273
29482
16749
16264
9491
29681
39521
23751
90016
32307
49664
50235
97324
37435
16127
58507
60382
96618
14058
56155
30889
21165
40568
49602
41426
67010
72652
82914
98281
45876
92412
11879
95340
77858
13770
44253
43407
23876
86850
36869
96329
91124
1687
88193
21089
13250
43349
30219
5345
23934
32443
34647
65726
34262
44535
48470
13132
17015
26795
61415
57367
49738
42191
71592
97775
97239
50179
5330
73424
87830
90720
95232
22305
68453
20025
53679
23880
88121
49000
32106
91022
94955
46938
36229
17476
40844
87319
62035
84014
79568
2667
66261
40868
80433
40272
11154
40117
54881
83024
37076
62646
37541
3798
45974
82034
91016
37146
30619
16753
17136
47259
76055
1367
21284
69332
18590
33808
40630
44652
7512
67696
45271
31024
18842
88561
77930
96373
30377
79461
15067
86077
90886
86481
58072
57462
56915
31574
53456
299
44332
30950
74599
77190
97909
59367
79134
92336
40716
94039
93244
18496
82789
95951
77846
85116
88701
72081
82545
67642
93147
27473
98044
88564
83195
2495
59334
61521
12468
29606
88907
22501
22367
10884
86457
70851
17939
36086
43088
67599
15548
55836
34050
14443
30564
33960
3444
95529
2535
86932
11859
47522
84722
13075
50277
84023
1243
65649
50046
79715
92490
57358
25445
43082
80488
96231
14797
4009
60027
99419
76648
75759
30506
59524
47475
37512
51888
46494
73545
50245
81093
61904
75263
40767
18139
17493
82693
81994
66746
39782
86066
26563
30484
68996
16667
41986
79736
79730
33476
31112
98475
50226
21522
14292
76005
5606
28961
80671
62079
5210
36870
15114
94937
42264
61859
62252
55924
6593
66800
50942
37767
36725
66986
65286
29694
91861
84130
65194
97654
44788
60170
95479
30958
25827
73859
46578
20325
276
55883
46238
52287
15012
72906
6583
78770
65330
47389
7771
31656
5741
46782
31306
98942
57668
71636
19717
72367
32414
91409
90106
55444
28880
58688
75794
63336
59371
31762
28347
17206
60030
2350
49893
52825
4737
26133
9140
37072
52086
8752
40124
49321
6241
60535
26524
16830
44569
13448
68223
29651
95374
41773
25962
95048
4624
2795
55260
99238
92394
68836
99383
90147
36700
4869
32088
62910
42075
28907
68750
21786
95140
97555
19027
68950
83251
96883
81864
37138
28936
35472
67636
88487
66969
67616
65077
24168
49963
45881
60800
31304
69142
54602
43596
70377
19093
40856
36222
76844
4877
30870
53627
74966
54561
12746
77446
78613
74952
72654
7539
62186
76459
57911
99159
73389
28432
6283
94867
71020
74663
645
53311
97549
51091
12417
38730
24409
78092
83472
10716
99908
60983
11523
48872
57760
85280
28509
38131
54260
72919
7233
34641
68597
52898
55898
76187
21968
30066
36252
63835
6328
68085
68484
5646
84365
22158
32458
51827
24100
17982
88884
33029
50253
46635
59901
47988
49388
48040
48173
54784
78620
55696
75857
75345
79535
64304
28496
71734
49620
19742
30602
99118
90244
88814
47566
63807
82610
51387
51487
16513
7886
95037
24937
6892
85286
49109
25288
23465
47970
25171
33835
83301
431
47329
74621
25016
12707
58266
88286
5561
46922
87207
47405
53418
79727
14753
61498
98779
64788
43381
33007
92956
90681
79808
47600
18127
74012
32320
16990
96199
41453
9440
18183
16201
3135
78735
76548
6111
75439
48943
26549
30347
23780
62139
67822
50328
71334
75
68891
72529
37599
60625
64698
37992
82617
65474
18004
80724
55942
19760
39053
62952
38149
19360
65312
73195
21421
70014
16690
24315
86018
9972
68296
34088
55703
45410
50316
98695
7656
86124
46351
58763
34571
22846
7680
10611
43390
67528
18124
86294
87137
6595
15703
91582
54410
10693
72638
17265
90371
14195
13150
71494
82635
796
91002
50143
12028
22901
95519
40805
78792
99457
29185
34825
339
24768
98964
47406
18689
58803
42848
28875
60849
1968
77030
64614
53742
17163
53244
47536
81175
98086
41025
42691
90906
33095
15610
55731
5060
74164
12751
66701
80444
14123
18149
40036
87861
43627
67468
92285
50574
92229
25027
30735
3048
64253
26838
37504
25540
23875
17636
54737
8785
48363
41662
67379
81285
83887
5756
3850
81583
18355
46069
31597
87741
64299
50049
3518
28467
49825
94879
83495
72281
60289
30100
70507
45787
19607
65420
56737
14779
33943
54622
51861
53260
86287
98733
77642
35952
12608
95299
13299
34782
31313
40670
41695
65614
22044
60698
26078
71011
50978
9287
94675
9223
87511
13137
28498
14794
23123
9192
80497
32660
92182
49156
53275
95956
75095
51496
33892
38320
95388
77179
55445
27097
65822
42196
80794
89145
91329
43045
7822
7970
95487
8671
77237
58950
69583
90481
65374
21433
49424
770
29409
20400
79526
54471
31109
66137
41125
69655
1176
44035
88145
61889
12282
90189
68759
5912
45994
62702
74594
7846
93899
33144
37841
81754
92333
12992
23631
67138
84005
90337
67884
10845
8944
1036
78966
36890
43578
92339
29849
4992
93134
29751
95831
72606
9141
40789
34035
93999
9202
68894
56331
23588
25866
30559
77269
44669
17784
39081
65879
52694
95581
46198
15836
51584
59598
10805
5131
74053
33502
36613
68258
57906
81361
86037
12425
38107
39989
17822
15101
54109
44339
63476
53641
27383
56080
99504
84883
17673
16196
41958
59417
84225
82319
25462
1210
38247
11393
2234
67893
26303
29029
31608
9086
46877
57977
23092
3497
89489
76002
25832
35444
49906
38433
46849
36738
94360
73696
80533
50211
16852
21416
90245
6233
58958
82023
85260
80736
52077
89683
35927
1615
34799
94429
38756
29103
88105
81693
49925
38648
82135
16223
73794
95726
41190
47303
49650
44201
77587
80857
2469
99185
70738
65345
5118
96909
48542
14536
17320
89212
78033
8754
12401
10048
10262
38094
45394
8347
42138
94641
71241
76052
16650
27512
62181
25737
43147
81280
50323
56065
31606
28870
18622
28097
16917
60652
40892
45485
53127
39862
34568
60826
40294
88459
1173
89077
71197
12740
61067
73994
83254
23920
35251
29654
7115
9776
88028
43754
71318
23306
26790
13860
73570
47184
8681
69938
97783
79160
65763
80261
14609
34388
48450
55475
25474
40833
49791
50751
20418
20496
15563
82492
85042
58850
49524
52036
44850
86392
31289
91543
94072
82137
45753
6446
90465
52990
86854
44695
50394
90926
58373
10051
45708
20138
91323
65206
75995
80937
44931
16401
20889
92286
57825
85922
2188
63185
70433
56359
83747
1908
70144
99325
20158
24248
97225
71348
38699
9076
8522
47706
9001
87580
9400
33500
93292
31274
68248
55595
9893
71372
73102
94942
78332
39383
24703
87302
24189
83407
83677
79028
60881
52630
55721
93545
84818
51131
79295
33254
11532
77338
23672
75833
44192
18566
83296
21712
99098
95666
69257
66870
26769
98113
74319
82296
8706
81546
93504
5914
71973
7038
5822
15098
5988
83837
34236
1542
59620
19863
24148
62309
69578
82008
94711
76405
14844
93293
11176
57863
79294
79226
72780
1268
17637
95264
62346
57602
46246
17226
67631
6012
34711
32620
63520
22113
27367
22302
86782
34750
37830
43141
75453
48473
67977
93779
39669
70557
77456
53809
1956
93036
21510
69878
56354
4892
91778
48231
98689
16260
25038
60070
99186
80415
33339
58181
73141
98087
43669
32284
15595
40587
85167
39407
28260
3817
27211
52091
19663
25769
8719
97237
75395
60122
75405
57355
74805
34685
23904
46135
12155
90745
20994
49147
48124
57204
25342
72568
57986
87802
68928
41267
10451
35980
15756
33228
20692
69333
96221
81645
62128
49437
23026
30993
15675
84854
83852
59535
38118
77348
9103
58354
3746
6108
99684
67371
1256
6537
86611
23776
80354
67697
44016
26174
97712
6676
81017
30024
91057
47342
87268
34278
30773
72846
79767
5807
79046
39994
16137
73003
4381
12187
7432
53959
25045
38689
31329
57985
46701
94440
38222
10370
54779
83155
37488
81036
49054
89829
69642
73582
781
93076
32034
79260
50278
74248
73461
39990
61839
80993
96921
9342
91966
25156
24289
86852
10996
49501
60661
74722
46384
5808
9299
59580
31929
34201
74160
37988
5041
48204
59456
41926
45117
40877
10761
16796
8569
71388
31309
46860
41858
47190
36748
69966
53448
5283
84125
78220
41089
67385
28225
68774
8771
34880
75364
48708
99237
4816
3079
12471
75103
34305
34673
39049
53124
72014
79969
34172
37022
8715
86281
89665
95217
24173
70863
20821
13290
12131
51194
33055
28832
66303
99769
97626
89028
91149
38376
3707
23533
29040
46537
56829
39461
36668
69694
44883
64060
71595
92557
92055
21673
5393
70064
58344
19268
62363
23522
96417
25604
98542
86695
81800
6405
70209
22072
60937
36497
71265
64080
69028
79580
22032
75606
60665
4317
58206
45152
89467
41700
23326
99898
90627
93929
2369
36947
3899
31155
69946
37851
19407
48037
57861
99576
57753
43583
40629
73086
83343
46265
46579
72752
85038
41320
29228
89355
54102
82730
32265
2980
5190
61967
97136
53211
70673
81783
4534
78712
34934
85364
1417
38722
21820
5844
19447
63332
6566
86724
97699
15594
76627
23902
17595
65010
8780
32184
28799
35405
84951
8057
45012
89994
80562
96314
7468
14091
17250
70539
53100
50178
10616
44516
60624
82158
20130
14600
66633
37593
90852
99746
61943
87045
68326
26271
26227
80078
79027
76111
4076
87538
8237
69116
35022
70900
45703
35935
8657
85214
4642
10455
36931
7726
77894
60598
46804
19633
71672
35003
40775
90840
45652
51418
32121
65079
17805
16160
55022
93842
77551
97870
43192
37035
77514
87762
78898
69515
70615
43944
10806
19941
61255
8066
37812
9100
94660
93371
76890
42858
21340
58363
31973
64927
62629
11975
66732
65776
46302
30916
17962
59486
46886
40765
56916
37781
8580
50729
16741
31682
79639
8646
44264
6076
63331
1941
4853
54690
98381
61947
56625
3965
37698
87305
60212
23739
90966
96337
23725
18110
84558
35673
17049
16293
69496
84620
16045
3943
3113
10083
17535
35460
14543
80063
63192
16071
57810
87653
73071
8629
80570
72637
50174
54433
19123
19181
50306
3477
51676
76663
89014
36337
56536
59932
97278
46014
71902
2652
10340
43772
8025
17439
79928
25437
60978
2981
95715
68247
90578
46779
48275
48381
20490
39828
27151
64077
69406
99846
90835
716
59542
18754
3688
99453
27844
82044
68423
69679
49775
15125
24657
38171
63025
29553
45379
52181
82592
45771
72333
98902
86542
48832
79961
70450
21180
55810
22227
51169
22089
37392
58878
80364
87311
44793
13693
6152
22107
81049
37187
56736
71426
71772
12677
91676
93931
52145
54414
6498
78429
32936
14135
3627
65276
7191
25105
95576
53054
54642
86007
54453
52192
21168
99227
57
17699
42281
41207
1006
34438
21896
45265
15255
88442
77180
65916
1965
43824
9106
48525
13908
3161
45563
34536
5732
64416
74814
89269
39852
95786
77949
64684
58417
50206
87169
82954
20493
98656
35400
75942
85586
39855
32895
73879
73987
26412
19964
10110
44559
43281
44455
40329
55679
45259
8737
2139
73080
32493
96732
81871
94987
83400
53701
28795
63305
53120
29940
42030
2671
13164
2853
99129
2849
82305
7084
67951
70141
14148
78451
183
93085
48026
5971
38658
47984
54244
55770
36784
87704
59195
68531
66931
81185
77378
97808
3366
26506
74997
29320
94292
36339
15127
96068
5769
83899
25123
13026
80806
50224
14181
68078
81054
44861
44562
96056
67932
20016
73874
90713
35315
50988
62829
84071
17186
88320
16339
82982
61355
29302
43279
75930
95626
37315
98305
29406
6260
53317
35187
84841
31176
81367
6664
31909
66315
16407
13554
42532
78223
41026
30380
65426
10269
37448
79531
23108
28561
58514
73342
71366
16728
82434
56468
14876
92930
33688
63419
5911
58211
55358
57422
72708
43823
1234
13412
35725
53040
97959
26854
64490
92279
43126
92344
23587
20590
63081
13859
62213
38796
45008
77524
99202
9071
87409
6270
59766
20918
57117
39209
17518
37261
36543
15241
35696
22224
86382
24700
57840
62925
40946
6887
13669
57144
45350
60369
92040
79813
49184
97026
39433
21914
75041
29491
45751
26228
62503
296
69364
71832
91806
75783
76622
39957
80089
65324
14344
83465
85538
84521
88476
50334
39307
48551
23843
98048
42044
38168
38400
22870
45388
43871
18523
40547
34403
93355
40929
66774
25270
54956
44754
91133
10258
80586
30968
98420
87516
46544
38649
70672
59800
40090
16965
95647
86709
57718
47972
452
90252
69462
64911
34570
49049
68477
82055
11340
63142
94449
31854
69804
62452
66883
79237
49757
98521
70822
49475
94604
76588
13577
6382
91148
39204
42486
13152
89353
70334
65224
21610
83435
50567
70786
79369
77240
25902
7638
95734
37135
64992
57678
58790
1351
5760
30648
42214
38081
62343
62450
42854
45127
25263
61840
82731
21149
36253
7043
42004
50895
25216
38835
38955
69576
51896
70491
44425
69750
49647
71357
79244
51937
78174
8020
9771
1107
20605
85559
41965
74108
74829
36696
61094
51563
41408
44696
39221
38691
63642
80137
4316
59915
93464
24484
65230
5720
76806
58515
78091
68172
16894
61294
82535
31519
68250
77123
17736
94794
99523
81932
5803
9572
62542
81874
91115
57742
59861
55588
62380
7645
10797
99593
45104
60317
96044
53539
94062
41092
10916
70752
86386
5419
75697
86681
98016
32162
31916
24853
59465
92760
52039
34401
10400
79641
19599
72873
59760
71351
33498
40283
56748
34165
173
44873
22128
44992
240
42355
58410
7090
44215
72695
73927
87712
31092
76988
1604
7502
88209
43860
67047
95225
78336
99253
53194
86831
80430
36739
83668
16212
11828
4752
28588
62608
81069
47030
41091
30600
62521
60479
24920
61595
96496
20803
21686
15352
73952
54357
65838
53549
70415
24414
61290
49288
24407
96518
93090
61279
44002
46615
87729
1759
26351
64061
26985
80268
43976
19527
56069
9112
87456
96353
52573
88425
38426
67092
61221
15189
46693
18562
57046
61278
28818
47093
74306
23890
22270
90278
65581
86619
25457
47916
99111
31255
31553
94512
46489
44389
30975
27421
62121
57805
23772
26834
70904
5930
74963
89616
91160
16631
79623
80681
93516
15700
50801
76600
1300
63549
43090
32609
52977
24679
30714
57900
68595
62439
13588
65979
14104
60256
22632
15207
24402
92152
93443
83670
32312
94847
20231
8935
53557
81101
77755
11976
24129
80660
72230
58978
27901
27925
50981
74577
38284
55424
57403
31431
87864
92341
88260
88766
96990
32017
49075
16538
30060
19282
43545
7923
92642
61955
63652
12436
4757
63229
48149
80294
34004
89384
23044
31104
33936
407
80904
92885
68071
37973
75468
70247
85557
47921
60831
91308
21402
90239
36751
48176
48209
94855
72506
36400
85296
69785
68400
22918
41920
15716
32218
99528
98633
45749
70613
29405
74712
14520
53431
93417
73072
36657
21767
30888
711
58756
37672
58802
48940
54309
40599
82324
16924
89324
86714
40952
96989
93080
78012
63121
70843
60278
10958
87915
53604
38481
23690
21690
11490
72575
68722
43291
54477
93026
35337
70794
9861
86914
1718
10261
18006
57770
39280
15482
56579
67064
19700
14835
31055
16192
95624
71396
3994
71789
29041
73756
8889
55953
51854
8497
56236
55999
40271
16774
67056
44782
66823
52648
33469
6300
65871
37251
5082
21357
15230
33926
80174
22218
70112
4007
62374
62557
44868
83505
2953
85051
87685
58237
43947
1984
77502
7074
58033
93489
51724
62394
30364
50562
29008
63933
11322
94340
22526
46171
96706
26529
6639
7085
6963
12532
7905
3853
14806
26570
5317
65461
42306
13188
71596
53465
98798
27434
23720
44250
5165
58907
99150
14680
4640
69241
3373
54077
31750
72622
4360
8635
12713
32326
47158
65556
93247
42364
43440
66158
43503
33705
3053
53590
5178
12665
34930
29340
40727
47386
29004
18473
43318
79417
79896
14613
61087
58030
84717
9467
22737
25754
58675
67273
68957
19519
73316
99434
43554
70788
95900
84392
25808
36600
5021
19229
99715
60150
39496
87913
22800
24693
63270
44842
71002
48948
40592
35627
53952
75618
47443
44021
3747
42632
52918
77059
16934
80911
54240
30184
17494
22999
44069
94265
92605
2921
73106
5424
10462
62972
24207
33003
38853
81089
48078
82992
83045
38143
84003
64750
26632
3462
1137
45797
15421
9555
1363
97228
40903
13526
15529
94799
79097
43995
20073
1738
15640
37034
58017
4286
12571
23236
9797
86699
30926
26378
16247
76822
19713
93088
93421
30140
24866
27499
82900
66908
28259
79980
64726
48098
96506
64393
56312
28447
47301
26484
80202
95906
16494
9114
1995
97758
31240
67285
3119
94627
94047
71785
25909
62713
70447
38806
54219
73848
67978
36046
92843
50258
19691
30120
69588
71564
56464
99370
33991
70196
40156
79248
99632
58717
35520
74072
46355
9484
73128
32709
54771
64767
85326
13194
63211
23450
82358
9297
78094
97304
98199
30059
77979
65482
27304
201
62298
3357
12183
38237
83727
95237
33343
11501
54466
21255
17551
63795
78617
30568
93770
77902
47143
91851
62888
66506
55312
6978
84380
42982
2381
62233
44097
32268
93832
20350
27672
21067
23096
23311
22786
5359
47444
55168
95118
51759
90420
70027
91043
90442
38962
3037
11647
8609
89997
75289
33283
75026
68648
95137
38223
44929
6123
60629
74940
47883
49421
27269
17362
43653
61758
28617
73659
18486
41104
23682
76909
41726
71236
98268
68060
94318
57987
91528
76142
45734
60455
30332
95988
83652
68797
24573
12135
75543
21546
64747
35060
20648
40118
39399
94615
15185
8159
49223
59406
92588
72303
61856
88341
19444
33042
51090
60176
37629
12345
91498
41902
80442
60555
90592
51597
91752
59522
2951
33754
5867
79699
9674
97443
94709
15432
85191
98833
33546
5802
36425
16477
49146
12814
86285
47572
87290
97540
51005
5090
15744
6309
32424
3819
72658
85523
59614
30166
58715
24794
45538
54713
67557
62775
71478
52231
86204
12810
3152
93522
59442
56600
71271
10550
4516
6723
13568
47823
41563
61574
20531
58483
92620
38209
35120
14555
63538
56544
33216
1012
2067
32716
35339
19975
16919
66765
59632
51949
68389
20393
92256
20344
27588
40181
26196
65736
14991
12093
16543
2789
79800
36279
91563
84821
97856
58923
93454
78581
15001
16692
37349
25585
70351
39985
64102
30088
61722
76100
76156
42202
42795
44693
28141
3180
44423
94251
93238
13069
5243
27486
77243
7802
81103
18083
94768
87929
58893
99117
81802
19693
98921
49307
89007
89746
45853
95701
54652
90224
13220
7485
67673
92196
51344
55936
66935
39810
63637
35840
30772
21877
27768
78807
16528
41076
92489
45735
74816
58737
22066
68110
35712
72650
7364
25200
4311
36067
32942
16451
23428
56724
89084
53589
17943
10105
39390
74484
17779
5730
6341
30917
9951
8546
57135
53366
96803
52222
19086
41693
23698
41513
70061
14430
51456
6875
44376
68720
55512
96630
78281
77975
88660
43957
43448
96311
81451
36057
13958
78937
67024
30374
68934
57158
25574
70623
72428
94746
96340
83185
67141
88937
1078
50053
53378
94948
88915
3237
32923
12731
78908
57649
60932
59684
39371
23623
74060
29627
71487
67029
91105
43884
18941
79933
28612
32185
51953
39066
42518
56387
90432
2750
15120
7501
60238
37924
46993
42701
14092
78763
76292
90557
47918
13700
85085
21276
75673
34079
73850
48299
97032
61150
18529
64599
33574
13063
29351
16123
37073
82166
21020
13485
18420
79848
65860
89394
57814
88597
57682
48009
24220
61285
68672
1875
16239
61691
42111
81504
73299
62665
11467
53389
36421
44886
4595
45693
49588
62547
88841
40985
7879
65777
56285
28856
15587
70875
99580
8745
69198
21150
76372
71121
6231
2487
24191
82516
52497
80179
2002
86853
99525
50670
107
72059
81963
9116
80851
95498
63367
60804
53499
43339
82335
52831
70655
64730
48085
25026
75479
17568
82794
79078
68251
94436
33597
41133
27493
15197
38044
10619
79726
76248
40685
29001
97195
59331
56154
57749
86315
75165
18676
97152
43478
22787
85313
94632
4272
77750
52381
34717
54610
53079
36214
70889
31823
32965
83162
40938
59817
40103
19098
26375
3681
91260
24716
6488
98799
48289
77951
20407
67510
22854
39914
51255
34197
55110
2407
35116
92433
19239
12500
77580
55053
92446
10697
98136
20574
13416
80491
4374
23784
16010
7219
81909
65124
72854
58601
4962
99637
11247
75321
7111
14355
4230
6799
98368
55822
33722
56099
17328
28702
32192
81977
22002
48178
85393
72263
23032
81468
5031
29182
11117
91742
21030
7765
7989
39808
14603
5975
13357
83618
44751
54904
53394
78363
6831
86400
5319
54048
51077
57908
26349
58359
35705
74759
51730
65526
45291
19894
44391
45645
2215
23337
54072
74592
28665
75477
60302
10964
29085
62495
91425
23416
47591
16168
45908
95429
93187
83726
40311
81456
12935
36666
87736
8141
86737
90828
95729
83441
40851
13575
95275
70192
68833
22606
48497
70995
97388
81506
98768
59636
61770
3909
50098
37877
2483
86738
80644
11343
48596
20514
1764
30303
46687
26801
67756
41724
93448
55105
54716
24237
44927
5043
83271
63169
83419
2647
83069
49508
58772
7898
8003
15687
11056
83742
25311
15501
838
64833
18950
24109
74416
46626
92568
33337
86162
51762
56669
99998
9300
70041
62634
6363
65349
52450
79265
68860
1204
37833
56968
4903
361
82718
41907
42955
62645
5263
68083
22160
16484
57955
46008
53407
35746
85576
74865
26540
52513
79597
30818
14358
82089
31874
29046
82227
24885
84615
64769
29069
56999
82570
88665
90545
143
404
91118
10486
76566
71977
7198
49028
49140
37321
66768
43086
94173
39775
14667
1294
66918
63948
59086
8051
41536
24743
92066
82452
9871
48354
17016
35205
48482
15022
72777
63717
52089
88216
799
8248
41179
47738
49802
22403
33648
79424
13749
99177
16323
36028
52372
83801
44020
29219
39996
33523
13336
79279
18548
7285
67917
26082
14042
12129
32513
2585
54932
84867
99063
2967
99426
46498
15600
86201
97743
81195
3892
40764
3571
52191
68768
57454
29561
21815
17375
39129
56659
46190
36651
96139
65492
48116
22226
91159
79610
73463
96225
71513
93232
38723
79554
47733
66097
93470
58998
77356
32012
54514
40474
20173
24963
32488
1045
76659
79376
91046
76837
5227
67745
42742
24
16964
30146
50716
42433
77276
71617
90496
82087
75243
36522
35122
72337
29661
55825
54645
37164
80921
79215
18025
7648
74007
1307
425
35281
39317
91951
12107
53951
68255
21804
93948
37323
19548
20823
19004
94684
66219
39931
65695
96118
63465
88719
35312
26596
51319
89819
65238
15249
60293
60772
71571
80228
61549
24196
5953
33569
36409
37648
50644
63646
60669
15684
53415
89590
7087
51159
44076
93546
90704
89378
51836
69254
26793
47971
86981
56627
72564
97389
24131
48562
68856
53793
18012
1476
91863
3093
97034
75969
66079
7566
11411
30435
19087
22874
81206
13351
31225
17572
55792
31688
67622
55184
90232
83285
41670
19472
36017
69167
33021
49062
10517
50490
4073
71095
97010
90801
51673
48809
21229
91327
70405
40470
19453
26423
64237
70764
87838
86271
5815
60168
37199
42171
50619
19040
82134
39144
8960
52584
25951
24656
72398
57379
26061
23040
47540
2928
5106
11826
96826
49197
31902
85821
25516
63976
41998
96715
70878
93756
9533
79082
37049
73536
38022
24903
37695
99597
5566
75642
88030
74540
35069
31441
28423
86565
10863
94190
95046
13725
93219
1888
80291
41403
31849
62146
54862
21052
76661
77601
17984
1106
18466
61808
75509
76308
60106
90104
42147
4535
68124
47828
84161
31150
70929
81931
36452
2294
64802
55926
62334
45914
29258
45679
35902
35628
8592
3158
80576
53326
10341
36177
20448
39232
1825
7010
93924
19953
84614
12529
98341
35178
63411
11320
15009
34083
33554
13166
47691
87093
29947
93890
44552
90380
20506
83673
20922
76436
34762
26051
91295
34349
91714
87825
87930
51847
50837
72463
59252
85483
7107
66890
10283
30203
67524
71125
41734
47033
15291
22881
48707
92509
72111
47437
32703
53618
4855
7590
72872
57734
51729
21170
37532
24848
32948
80587
12120
542
96272
67499
23195
21302
55083
77319
14770
43727
18422
99579
54202
26500
72497
40939
61096
13567
28824
58471
87198
86031
44138
26027
31687
19021
84965
85354
18608
87294
40454
34309
93202
24719
12626
58013
54
52047
18092
21810
80015
13596
45832
10183
63219
81953
12058
46631
31340
76215
735
94162
45664
21461
98379
22352
85923
3142
38766
39678
37823
39929
12144
21706
60132
78663
9615
65644
63259
55994
78864
47769
41918
14927
97420
38616
33134
96021
35175
261
56376
52499
18980
53534
29438
16761
32637
33804
63060
72518
24992
5403
98045
29881
76816
41930
52283
48108
74132
39448
43102
90280
74409
66533
4664
28892
81018
49357
39608
71966
74396
19030
89427
57667
59650
55592
32778
54332
51774
27442
27646
17635
98383
3396
1306
86876
15088
47564
20804
15266
72159
96672
92335
9944
89239
66874
1343
95496
11091
71151
77031
37200
25828
52038
82297
89734
97439
21445
12067
83428
921
40297
92625
94496
24144
39747
38498
62846
30103
11357
62848
7273
29992
42555
43083
86871
71958
63218
34186
9326
90027
53419
92423
72234
24180
14425
30508
84649
99913
67678
92435
83335
75123
67338
27397
24628
9249
624
34120
31175
74588
91845
10484
40493
93795
75803
15373
2091
60635
57405
24809
52225
65533
59068
91859
83149
48534
695
35894
33920
86084
91478
70604
58338
55355
24084
25261
55500
9073
38887
96703
2612
95018
59627
10562
32931
6299
96748
16790
10672
81536
88746
75873
76872
95065
53915
94182
82913
53572
72567
94401
32015
21123
9928
70660
65634
94462
814
15694
28625
78135
28614
9164
25293
23368
9655
99921
71985
92900
87114
61245
35394
48839
79761
34853
98983
18446
7546
8085
17334
25885
36215
83320
84056
52461
15149
11240
59
46885
75951
35029
83415
34454
66562
43283
13039
44375
47121
56137
98247
23719
52003
47875
42730
30771
74564
11483
72561
87990
31534
36726
96276
1133
12933
60381
65790
26116
73826
22588
65406
25083
1590
6895
55599
60701
61927
60870
9761
6202
30447
16130
88731
96820
44849
57729
67975
39754
64623
50085
48297
47298
64538
13443
55550
52855
40669
17373
98982
76880
97650
29515
87370
74171
55755
47679
53357
24892
10891
4973
91479
31669
73014
2837
34110
47135
89390
60521
96208
64856
6268
4683
291
14243
79423
3869
80939
49450
24954
99460
161
58278
12734
71218
92269
36574
19536
23940
92444
98276
17511
95462
54497
17504
23275
29494
56575
50084
60002
22110
24214
88156
4001
85695
42102
84750
91898
69803
84704
80818
18643
82696
69112
21624
45383
54189
24970
33781
14720
63643
64024
26068
14679
11339
51678
14106
63180
73722
72144
23423
14314
37765
10663
3574
71846
29832
8991
62331
89095
79054
31173
13585
34363
24511
23013
67715
30616
95746
93405
88383
71627
61168
64070
27707
72959
83582
83339
88405
83651
59619
22944
62138
57362
99353
23592
54431
8876
19815
87585
34190
96039
82033
57108
79977
24078
32032
45418
96810
78737
36194
25771
28310
7737
45820
33182
84623
1947
30325
85742
64860
66056
90050
11545
58874
68561
63031
17503
72516
86308
43307
19998
65197
29295
65039
45591
65024
42465
53001
68596
39913
78678
32873
53629
1532
14500
14432
4587
98841
2210
44091
21901
16521
86288
14807
12864
98508
23825
40310
68532
62860
35726
98953
16373
38949
60571
42332
94935
60268
90776
80783
51546
41088
8907
22542
20203
89327
38682
43248
7520
50505
16785
60303
64660
63606
16416
94959
77713
52335
1695
70671
31483
35479
51900
58148
96104
41657
77757
36862
94623
76774
64037
67989
84741
79666
28468
26569
60007
28392
31482
28791
83627
41924
62576
58808
91907
95477
59981
79506
36407
87646
44966
93424
83291
38287
65130
26508
10231
35643
8245
62166
1797
63758
77552
56393
47513
51846
90919
46684
61699
79396
99099
99515
58664
58268
23154
27728
61829
57242
84113
12640
5678
56230
17161
83740
6829
41775
61715
28631
27392
70234
96750
79072
80628
11152
71899
12337
47524
84567
17181
78670
8151
10344
22697
15381
29600
29397
58481
71526
38396
25214
95389
89732
77230
96793
36087
7459
52828
2806
1707
70840
94046
89517
60747
19836
47063
66846
1318
75802
42593
84450
90656
29329
4685
2419
94694
60853
65845
26316
20479
13746
98822
15377
44800
65344
5845
20677
93835
81139
76764
7494
18171
79534
29844
62809
70358
83871
73541
31157
25099
96332
33009
28783
25046
89300
28466
30180
94748
94349
97207
54966
74945
92539
25461
2173
23201
24726
80828
33948
53314
82737
21442
51455
39327
72498
66231
4466
15578
27469
41733
49950
26581
64780
33443
75849
97658
82850
78212
44738
56611
63177
86417
50035
78100
17658
37325
14614
73815
35100
62915
35629
71620
83226
23585
94169
77643
43748
84708
68252
61073
73813
13736
20084
93410
14588
6346
84236
75304
75485
31932
21222
675
42816
2784
60081
54633
14209
82021
23556
87320
11949
60049
36207
77226
88593
13759
62262
21531
57324
12861
71320
36162
10003
94862
46800
3072
19317
48304
61645
2020
76797
46809
28681
37224
60077
39462
31895
45611
12446
45021
64621
10985
56491
94523
25847
46735
21957
31470
33053
58945
24175
30641
7535
64653
81572
46446
53033
73964
81706
33444
22101
87959
70629
80059
34161
71984
59590
86100
20658
42887
83123
80253
98826
96955
42881
31442
15647
45889
8928
98252
85756
49089
32105
38146
19667
93231
73060
34479
30692
39251
47339
97289
2589
95783
71335
91068
2193
98879
38971
38586
75264
14361
33258
64311
123
89989
4358
4827
48819
49530
3928
71024
43797
10934
79253
42967
6834
65764
34314
73528
7661
52050
25799
64679
94524
4253
17670
58110
59917
89662
1039
4941
98178
80068
20038
40111
28292
58712
32230
33615
77773
51575
84175
13750
81662
2760
37763
83800
16805
91756
72901
44497
58817
12362
5619
24239
45380
16553
91598
16085
49037
91732
21359
48315
37311
95417
73236
2575
79457
96195
54960
46713
49141
60138
5171
17611
73446
11046
17471
97427
6333
24792
88703
13853
13525
327
17559
57446
69278
83196
50136
39682
34705
46100
66414
57431
55232
15770
53958
77929
72732
45033
56841
64475
25964
66619
54039
85205
62369
89062
54504
67438
46712
52485
31713
25136
11635
65434
11999
97503
93549
18948
70279
45902
52798
5157
44994
1914
15371
14441
83647
3361
17951
86970
32913
39039
41020
88770
66455
90013
46360
2912
86895
56866
48533
44770
38890
56878
72605
83688
16837
5890
97943
21749
55322
41209
71248
36311
44167
97991
38291
18611
21739
57824
38903
72487
60670
21279
8414
63230
85067
47396
80125
72924
79242
4969
75030
10086
87354
4815
56745
38485
51613
12879
58679
14830
77887
19631
29184
18757
27631
71064
6374
55172
24986
78411
18333
79132
95260
3376
71312
63812
96216
9196
92245
23993
82855
13317
73167
66453
7069
20509
38533
87993
85950
16120
79691
28213
46138
32109
15177
35979
72477
53398
18104
69211
31776
97402
64458
79827
96162
40143
90605
81878
52820
80084
40574
18607
35991
20974
96296
68044
74059
10465
53580
50858
60401
70068
95834
17734
78851
15451
53765
48807
22925
7530
65787
74308
53395
18395
2180
86383
53403
12004
57128
80492
3519
76389
38629
36517
76680
99824
77944
10155
94033
3121
24520
50073
77763
10165
75883
43089
63048
3548
55122
73932
47076
41414
14225
806
65088
25271
18983
77761
57426
30478
29112
81495
16199
94814
86348
8616
60775
79814
7591
12848
11990
1482
33907
8373
87834
28064
7554
99534
11376
84858
79129
85765
97944
49390
32227
3253
93562
101
23944
92418
85152
57704
44845
24300
54423
7333
29923
64349
38822
89264
78492
36361
95194
78419
53360
63536
68176
36864
53506
41263
27221
92819
23885
80194
15389
60755
7441
63032
66392
82458
95605
46503
35877
32867
54730
98620
53
36360
78313
2474
5715
67573
14056
18958
61098
3070
54175
93184
52185
87766
71260
55457
31489
92748
53552
83687
7139
44057
78290
64606
39563
6897
22354
76766
72554
78635
63051
56228
49632
65596
48506
41212
24073
15748
79216
50465
86418
36889
25406
74521
68546
46989
11509
85951
7101
13604
77077
35096
81458
2033
4507
3872
74279
10979
62185
66785
32046
10993
74676
71003
92680
66209
93625
95971
10405
9016
99705
97929
71630
40978
13625
87466
69919
98929
31533
45147
26469
29080
44846
39405
75594
72245
26036
70544
16573
93008
68015
96684
9549
49754
10935
34885
81397
22721
30185
34740
17195
18705
98899
30429
49908
8355
90073
77586
22159
94813
55907
85579
33652
86690
10747
15854
31022
63011
66659
90874
58489
98962
33037
44701
21939
29238
74693
47499
46146
8986
74560
33467
42893
86399
63555
15410
39757
13717
46871
58053
10290
69328
90735
77903
19416
95447
58713
55156
12655
11902
36782
66681
74632
93488
48592
8710
78690
28321
92302
82854
7456
16506
7039
94537
62673
85857
51615
77395
54828
4388
12231
67831
7061
11444
31787
11634
17343
58284
76254
31920
10519
49752
30532
19724
32537
48674
5679
70545
15713
69628
49811
2325
84331
72517
85160
89352
66593
55987
81792
70163
95604
82552
53471
16225
59722
57785
64089
68810
64920
61153
156
78921
48422
77997
1322
41727
42939
92938
2000
46467
39196
76564
59533
74635
36760
19223
87576
26413
60158
93341
85047
88082
73953
59893
72309
8042
56852
63342
43524
59500
60576
46
67589
47250
52699
2261
26462
63543
16362
10594
48478
20977
90034
40809
41484
92248
6484
61896
68986
77530
63409
94618
7901
72204
70854
92131
61468
82777
8431
81929
98192
51542
43313
63144
24376
11979
59081
95485
30471
16042
9941
90140
5842
81499
27172
51652
7321
60651
63131
74173
68123
3141
71287
17866
80286
84803
76313
84129
67475
99542
73791
55274
79563
71788
98167
23260
92284
86691
95499
51140
52609
72985
56379
71597
8727
92168
64552
36495
65269
80947
39546
23303
83933
12200
50544
26397
8413
21971
87280
4505
64760
68677
61273
37522
12555
16858
88278
1981
42934
89172
47700
31692
93345
10386
87495
39403
57024
62898
81923
14486
42514
17791
21136
93135
58984
73558
1979
50719
19740
44412
34038
18894
99549
36796
46277
80239
2124
2219
26441
19749
85861
18921
6836
16399
30104
25814
59976
98186
75758
35771
79099
47486
16571
3049
38617
19488
23126
74843
97659
29595
82736
9499
44534
34983
75621
34045
90948
62999
18933
59170
23319
77221
66528
20631
60510
33883
99574
1394
12693
85578
58300
52705
39121
12574
37246
42556
83833
11308
52576
81346
55886
80417
58796
25489
44447
28838
20027
95670
79575
30129
44932
66709
13833
88455
96543
99282
20975
74726
98287
71187
58
76195
27677
30089
13855
23093
26743
8419
16376
66083
72814
16607
44244
44499
78488
24752
68096
80219
7663
49365
23595
94585
39110
57154
78414
17809
68929
78719
7035
1503
16134
37186
43267
43814
10866
87287
1178
50891
955
42538
12955
76141
55120
8321
27951
87034
26969
22508
49670
51579
59335
81010
75982
2563
28456
17987
30282
23335
85111
36491
95617
8034
90458
3059
62895
31321
43818
20857
54598
10642
35606
47245
95209
55613
24877
86820
7717
24581
76094
64106
17705
88888
11
17738
79095
56931
82498
3837
85391
92175
86103
27529
25633
36776
87669
70269
21250
21288
38166
1780
79043
46299
21702
33789
49522
21062
87755
31083
45976
27429
4117
78999
44761
39224
80986
19148
20811
72850
198
52700
15199
23785
70783
37225
60320
27891
57026
60971
20735
59503
30102
82231
33612
79092
73612
21809
47979
75985
35487
33870
32233
934
47094
13246
39431
64720
6215
93323
99226
22013
55258
57629
90914
88649
12563
93103
61510
91296
37206
23942
79748
5601
94638
37896
93691
20441
3425
76942
60538
83048
36981
22776
27998
96980
38306
26670
3918
70636
12646
15617
69985
11295
24682
20901
65708
49441
90963
57556
60297
10070
43070
7864
74596
85912
81556
62966
68886
82216
9113
38926
43924
97080
72839
21757
13493
69407
20828
8274
68659
96468
54341
83532
99494
32223
40795
90272
16602
93568
39370
46867
5936
59409
37723
67750
55447
71668
52564
1051
37927
9053
87261
63483
38368
40325
20553
32828
38140
71816
6445
47442
17453
9386
82123
71741
10498
98039
39016
12239
46549
84898
31648
66262
85547
64804
4262
13204
33137
4652
27343
18431
29566
14697
57395
89553
10109
94635
31962
68716
96135
58994
10785
58750
98097
44249
35949
96180
66491
15052
90158
16732
33340
44543
20808
80622
13533
78994
27115
78977
99377
45781
51636
27433
89471
77057
67393
67168
90125
32844
40776
93161
14639
82532
57185
10751
31452
34563
11605
62682
15954
91337
75515
24030
68217
74810
13427
22171
41490
71215
53136
30571
39970
31757
46495
5819
9259
28973
90904
81713
92487
73746
60756
11966
59556
29629
92543
58472
88655
67606
37824
91094
30726
61491
36576
760
98930
95945
49316
22719
67460
5285
73786
98777
42167
69982
71230
93478
56372
31180
71979
67778
50528
91150
98881
93404
27372
12621
30131
39699
17538
47613
20440
98614
81872
96670
3537
59358
14909
2548
61805
53877
75945
91969
52650
61332
27868
27991
50616
13014
15142
77470
90425
92842
18383
94168
80505
76131
17741
61270
47446
9710
62379
45776
54750
78359
89760
81324
12567
23848
76149
93792
11463
59293
23858
15822
61920
61565
28212
33124
78144
6437
3697
43320
72237
58531
94593
54353
24674
77904
98905
93113
85926
64616
81312
10819
22894
39774
83367
48531
92071
21752
34024
68449
69635
24449
55735
19254
55789
22318
22891
98664
68069
80929
49381
51429
51739
71400
84139
23987
15283
30288
54206
96480
81126
78432
16333
1293
15405
98845
67829
66139
49816
33728
91302
75217
90788
16006
38584
65298
76261
1905
99670
64847
84788
54221
81609
98540
95556
58586
54768
35045
90796
33731
33997
40319
12180
12393
84978
5426
84636
2203
18626
51282
16727
81005
78434
58302
92267
58522
11052
39635
11326
58644
58782
70431
47015
53769
48638
11327
41242
3485
24273
65422
81309
34359
65767
54666
7614
1130
57096
73390
26803
24911
16861
26426
19583
47198
60565
75494
77741
13373
85161
14238
83056
86166
41954
59516
31834
89131
10813
92426
11517
34798
39272
69610
36157
52236
94314
38034
4963
35159
27168
57492
20279
46010
87401
85008
21378
109
44688
98258
9475
94562
58614
52682
18752
16101
85487
95353
40849
28295
91565
539
80924
83635
88984
77256
77216
88519
55389
32511
35086
99480
77661
46672
74411
43337
77392
48575
57444
49653
72218
76852
8544
97628
67887
59678
51279
95494
13048
49451
51534
47635
14793
76707
65220
919
26758
89043
61377
72844
84973
9531
88866
4082
41629
89280
86580
66776
84762
97686
58959
73397
96745
88568
40622
24401
23965
69485
17807
52666
48027
61401
46614
36328
37001
57748
97309
49351
24537
93031
10828
4353
49739
37566
70869
17507
65182
63674
19807
71933
65241
99939
45176
68029
19210
54329
48503
89842
7365
72744
83693
43338
23727
19051
80882
49549
73898
21698
12461
39859
32836
13303
17614
40235
11806
6838
66730
70039
57566
51125
10735
46935
37545
54278
89144
68943
23316
98726
41467
60119
68820
33885
37966
79786
86888
72503
14154
81469
376
62246
39856
1962
6227
79976
52937
54669
45750
39234
97799
22284
52761
21195
98478
32838
41304
91303
79341
57496
92569
94225
35785
27440
69864
35298
76081
65853
61127
94802
78776
33300
15444
59200
9229
89247
6367
58884
92205
97079
57642
33164
24341
13348
66511
56710
4210
20352
79866
96926
52426
32789
73604
96961
33224
94971
30668
89894
39950
84145
37409
40644
21358
68437
36960
28071
1015
93976
52530
280
35743
15734
93994
71245
62837
49731
71534
26059
44515
57954
3651
40372
26443
13665
41691
82878
26871
42229
43508
4917
75462
46966
9975
31791
41415
90771
81732
69757
33122
8441
34955
95317
19456
27952
18956
56206
40505
52033
69513
29974
29598
33313
76694
96460
1800
53535
23797
8296
839
99069
3323
54694
98250
42453
28754
4418
49486
59672
65721
13499
62375
17664
63742
95170
95621
42923
89598
83446
34802
9328
26950
51963
36362
35685
73200
45451
82485
83475
99669
73771
94620
79264
93558
80620
54087
48930
78596
83744
83088
74702
80992
56874
89237
46252
87666
27716
96269
59814
56015
30639
24720
3170
82881
14004
73501
128
88136
80658
918
65212
89603
91763
83573
59074
20598
44112
27905
72803
95908
97643
24325
13847
59770
2597
18636
2435
69949
99330
804
71802
5105
32000
5821
14269
1093
24172
69575
71326
80153
92967
17397
85608
35001
80762
4467
59836
39982
62083
90719
67519
93383
38500
38277
55835
83172
18580
38534
74172
34377
97218
95399
60596
53359
76152
45505
24442
61341
98062
41681
24098
11653
69701
38183
61079
60225
44517
24785
53899
31252
59210
65987
85279
92969
97306
31093
5389
95724
97966
51659
1348
13875
88585
28119
9805
42986
59288
94743
77736
4936
85455
69132
28902
55448
20996
3802
75075
28998
41297
60793
58435
76966
70400
54550
22413
17566
12688
7659
69436
3960
65862
13668
38901
71385
43154
86226
21933
43528
84646
24551
9768
78054
99187
6645
4783
83926
67447
23130
69371
67716
19817
75908
36326
73941
76923
40079
98990
60198
65878
51109
86404
51929
61948
94606
62725
78853
86439
50482
56374
59258
63649
43362
71957
84415
86309
92112
75844
72209
37714
64341
5073
17698
19775
82823
97789
98434
8643
11164
79612
89071
75980
17942
26332
94661
7899
81218
59953
52122
71972
37272
80653
35757
62756
50100
18472
46169
12839
46823
61386
29077
70608
60663
55732
15874
65410
84559
77242
52991
62020
96705
90551
598
90618
2968
36618
47279
34791
53038
9767
81851
83474
7776
93977
79664
2017
35360
48213
58100
90744
77403
99909
42794
67556
21483
95383
62109
43963
11790
6090
35879
94249
28924
40566
39421
13492
119
87879
9566
5103
99622
42494
96623
94978
89916
89262
65343
34364
85776
12475
6924
15847
98152
18674
53045
48207
43971
60787
98596
23700
15991
6146
16351
58690
75469
71080
86220
98423
54408
31078
90711
12032
5661
14437
7852
60506
62061
46870
16882
76449
62144
93017
33822
81172
30570
53821
40078
80404
73045
14260
79445
81785
13024
58585
13056
58523
17017
28650
3978
95244
25829
66335
81219
61187
87791
44745
56343
61188
91171
45500
77705
78890
98565
97843
82944
95420
48272
84565
72102
23584
94298
38445
25835
66924
36855
8809
62465
92368
89950
5621
10192
6282
74437
1765
73249
45763
36526
80441
26507
20844
70438
56740
22856
70972
18698
64305
912
79799
4708
58861
61772
23899
2935
28341
8212
81413
41229
49172
74883
38476
50044
49252
33004
52807
68213
10973
33637
57224
43037
95927
44461
22267
26053
7831
69746
47195
9304
66501
40855
2703
94542
65532
53264
41636
67295
26689
29386
44905
28399
88061
37513
8456
39943
88942
97401
99607
85616
45165
53464
32841
40107
18023
47518
7170
79795
67767
68074
27144
90101
40006
15676
53853
61836
49786
77635
40863
40449
81617
24117
87745
26879
37265
3488
80030
16509
4430
94910
88351
88723
65200
10468
89824
17070
46468
35125
61713
64771
96147
59692
10694
21277
98529
64732
23360
71155
85020
18250
4020
90226
15215
37125
41922
99676
43798
6528
83710
54623
77309
57020
12441
40264
67937
23016
2422
65139
97020
26757
92439
98538
8739
48341
85244
67494
51470
9371
49842
43397
21533
96230
66523
37685
51073
7622
30130
53251
36479
28781
25937
17777
83440
40317
55673
70115
60093
2648
10521
27805
33274
94691
23641
12539
97556
66164
64041
52327
78464
90475
41725
10394
20518
26209
49560
52675
61022
82093
37333
39474
40812
73668
79332
72896
62033
15208
75288
57428
2638
45203
18412
45798
41844
96560
41641
78417
79642
47803
67212
63141
70417
71224
32436
35843
345
70066
12700
24786
54591
612
48494
88777
78987
13469
75134
57067
33538
78413
16615
22025
51346
2
53044
24223
91239
45345
64551
57133
12349
60414
62281
72128
92550
81136
97071
17795
2054
15650
36267
48425
65327
99424
54144
47672
73527
92726
15523
29724
49609
3234
62586
45344
77472
30221
74615
14726
71390
28831
30159
55335
94001
20292
22499
6312
95873
76586
71409
13744
12031
35919
28497
10267
26658
37429
10969
45209
61428
72264
74212
37692
9120
15552
23702
66220
15160
68775
71836
10038
39820
67929
55259
50537
14936
78586
46239
63885
46419
1380
46449
49707
15459
88053
69451
12502
20195
83055
899
87680
36708
53926
58015
94213
16107
94144
18599
85987
26293
55902
30381
66157
57656
47511
52547
17185
60236
98100
24366
94969
66745
65798
90327
32900
68881
22817
8647
26124
59883
94856
88119
45910
49992
22546
40064
64199
35858
28599
11237
4832
66187
93791
91393
69155
97472
28931
13959
46371
80357
12736
10159
8471
20090
93087
50171
61643
76738
43157
16740
45308
38784
75535
46348
2579
45398
2544
4709
40902
77391
86717
53920
9392
7915
98742
99611
93188
13474
23300
24588
64895
12344
39616
96995
44700
41970
97630
81620
89244
21197
68896
3558
76850
57596
7497
99040
25898
98284
75722
71240
57226
71906
76460
19006
64390
2402
52045
68088
65560
12369
66702
96142
85607
57938
94458
92458
28964
38733
98867
79941
2338
76328
45684
33035
78607
99770
73104
47458
63468
51995
77039
72037
99020
90715
78753
83665
71693
91592
32877
52677
79299
75518
95571
4051
38633
67894
14033
21930
99798
83079
56047
67659
96655
65389
47215
57033
8204
36733
33291
35769
58293
77982
54472
37949
96942
74912
43640
24475
92270
70425
651
85414
77357
72297
73680
73232
77182
91333
71005
1286
20430
80755
77994
32243
37015
9488
70242
4588
69505
12661
56798
87098
39052
48291
29689
21298
8677
77716
39205
51207
83701
52732
9832
45473
15195
4287
52097
28356
64444
91077
82354
11713
83654
83667
73907
38679
91954
24627
5570
2349
61440
39048
91034
30158
97075
63135
94885
30437
51041
16676
46013
90338
26666
62498
38990
74840
7012
33076
59515
67948
56650
97725
28059
29997
33481
24011
63329
67254
16244
98843
32809
84765
9429
5252
18989
528
49068
42449
42708
74083
91107
87863
38986
56802
3094
84234
84296
12768
43531
88823
13238
57279
14591
78744
56582
4200
12070
92009
86872
99109
69287
53773
29459
63590
2163
73918
74413
25650
63183
43759
827
51909
5470
81448
95029
42474
42838
67207
60185
94956
41424
15252
66276
57348
1022
55282
78479
13591
31748
85524
69419
61045
79090
13819
9997
77174
97805
67088
81501
99234
34163
45263
49165
16116
74620
79059
79290
35689
30836
43586
48969
40963
77938
80467
54078
69061
80400
62858
33575
60745
66134
55527
16845
26186
91153
96982
93809
36740
46573
88036
89639
37567
38677
34431
16230
87524
52515
48485
60464
98644
70312
18815
84929
53599
30674
74662
85703
88354
52859
58041
77144
32774
76379
70970
18547
73068
39470
4713
58654
35973
42169
71442
35490
15237
20630
3673
43098
97450
34256
98687
92514
27815
35255
58976
77010
93128
18531
17750
13540
86082
30525
15604
47220
77157
20644
98259
46461
24966
28904
95573
9337
81443
56539
7703
37386
13706
53422
38369
61398
39000
58384
94770
39368
25053
5225
83858
98115
247
52935
32688
85541
3901
24051
93760
30039
26881
39342
92523
47593
50475
72866
66866
78136
92472
58913
47651
20940
52963
36435
92030
18808
89350
65144
78344
50990
14910
27420
9627
17803
25450
55145
52799
23209
70386
25426
94488
98892
3506
20318
32363
30854
37471
98605
3262
87517
11742
27910
15837
92783
92006
4746
39735
7156
6236
65436
61757
79942
63307
77132
23361
52896
14629
70316
29633
33230
72485
58190
13849
40846
72454
60084
35237
2526
59235
1856
37166
10304
78101
9705
89646
24000
64302
89830
94586
28878
43810
87411
40119
62367
25729
8617
89821
89481
99222
74135
34835
97367
41434
92845
51312
10226
449
65458
99575
49857
84282
48096
88808
12283
78286
30835
67195
13925
1452
57270
99852
35358
65038
17743
72653
76128
10491
8369
79487
95112
75171
32013
21147
82315
37263
36611
73887
96334
2559
63645
86950
6475
70053
41236
93250
14834
13385
47128
80476
72208
92524
14745
40158
9080
63323
17102
95351
15336
51037
92512
9709
90019
73188
33192
32593
45301
73543
23151
75399
39806
80642
28793
61903
38845
17840
34216
63916
7361
8316
12482
9656
21103
86198
50152
74553
41735
16467
94772
54682
451
3759
35706
41211
93349
14984
47107
45800
26033
56176
56323
20181
40279
36743
30345
89259
94395
41941
9166
18107
49052
41586
2348
52319
61760
15589
75077
91311
22568
44410
65459
3687
41487
85878
29451
72660
74885
98866
44248
85501
4137
92400
66290
88241
3645
53577
58270
70631
36730
38419
77101
56144
11492
45959
85632
69158
32426
93149
81155
60533
94852
82838
32586
17729
43358
81518
46815
95788
34726
94377
56522
62901
17010
47768
42820
99016
79065
34561
42230
44210
68279
99758
24882
44945
47761
5099
81362
11404
80432
80054
78320
46236
21096
82082
83035
53693
10235
88835
45353
51259
14694
48548
90246
69741
49048
97031
55762
35424
54500
90654
77342
1170
7942
79828
99586
42363
69933
32276
94757
92759
32342
23359
45018
70657
56119
46766
13297
9040
91199
11464
82304
93068
58603
67154
79350
38058
20886
10232
63312
69595
99446
65353
57838
90174
68023
79304
59001
65364
325
54314
584
28437
60217
67789
53170
49098
50513
38227
83666
48264
90865
71935
4514
76736
81062
99495
23554
15267
93794
93234
6415
58567
58829
82102
93452
97318
90860
42065
69039
80750
5163
1614
37933
70831
54134
17510
50652
5333
79214
9570
68817
89769
38004
7575
4945
54781
11584
17513
48223
47319
58037
37748
75178
6605
62818
29292
38681
49897
63296
68645
9355
65727
23806
30760
4193
67292
37233
10736
89088
7875
43844
30869
71967
90827
54969
68472
17263
87216
28627
55123
11208
74780
24751
89338
68224
61687
76350
85183
30112
97675
92869
44484
17989
40444
85436
29324
32595
83684
47948
527
40801
81464
514
5340
76799
43786
58547
82568
71179
20624
54208
53532
78552
61785
53935
48782
26314
56734
53440
18909
34595
17648
15986
19439
81447
98463
45175
48109
49885
8507
30027
6599
83249
40413
72205
25939
52832
51423
75284
63566
38432
44640
62871
71497
93133
75778
10744
96361
89754
71262
46530
50637
15387
12862
6114
69823
17376
67495
40512
19950
92172
30403
87251
46715
23373
44110
90443
95047
37081
36772
79297
80250
37304
87434
58194
56877
58771
62675
92817
30227
5731
96906
85058
35933
42331
54347
23502
7694
5472
35534
98014
38788
67114
35366
46985
98913
46127
60653
76158
86623
6271
82348
16128
54476
72795
79696
63475
41690
75752
63994
68086
86791
1281
56970
79874
25712
61473
19106
21363
27608
77861
50005
64848
81294
45975
12518
3598
36813
81876
81532
59862
46876
38988
37556
63634
19060
14762
33485
69368
31494
11701
62776
26189
97881
24797
78198
4784
9085
97963
31896
8489
98939
3987
37358
45685
73348
44062
95994
37300
38927
19635
70856
1881
91249
59116
1543
58733
6785
95749
77745
64118
93812
93610
33405
89050
34371
88569
94766
19003
50588
4305
51155
1716
76647
93550
17633
71448
57833
3231
86539
75329
79780
84575
43763
98963
21200
40726
33442
25275
68434
85087
64930
56656
74641
13881
23732
87103
88206
72355
54197
94876
92963
60892
55261
21778
53154
75463
45616
1005
66650
19305
20981
42656
55257
64132
17435
69414
14502
64887
87288
75301
56595
37399
31986
16338
52205
3788
10413
85320
25234
40085
20482
57258
50034
82754
6421
35
29715
74533
88605
46038
6400
10448
96123
56211
55602
89699
35963
11442
31751
76776
42584
36945
11585
32849
3614
85647
20368
87360
95575
31019
37945
65977
78929
23424
87960
8426
96124
89959
63919
11693
56070
34612
39093
30689
59269
27158
50429
32085
87057
81489
79148
73055
48788
3955
59047
60897
69526
8741
60294
82997
29081
9178
20783
4354
47409
54937
68741
11909
56250
86500
91499
49658
2538
84537
64946
2329
11840
71854
36822
60124
74194
45397
93472
59724
57401
27607
41845
32536
59085
15852
52266
76706
94381
15321
87379
38857
43984
85724
13167
11685
57887
58666
86834
10138
60338
95483
59970
96545
95795
20672
76258
50820
21226
84468
79934
19398
40601
92099
80900
27194
98639
21083
21591
90692
39684
52743
3693
86881
62473
37549
30861
88992
2717
10919
96639
68014
24988
70374
43584
38056
75664
15059
14457
96509
66862
88194
78708
49201
52164
10655
35202
43781
73426
93722
90982
86023
15783
34601
57773
82276
89564
17169
38286
47553
60514
9803
92742
92380
32686
85866
17863
71599
64534
72299
19883
11187
13251
7931
72701
77811
92745
33715
48816
42053
48753
15737
28251
49806
69159
81074
70009
91815
87044
84199
98181
36798
70077
47848
73286
54821
20011
87174
75299
65035
48599
48389
11352
80387
67200
71055
91517
96092
2947
97671
84154
99640
48366
65073
92871
19054
88160
43189
86405
25843
61195
31077
79927
4351
44298
27005
85103
80810
66092
36044
91937
15473
60702
74357
73788
78059
92156
74031
5754
73851
79966
43556
97640
55202
10107
88882
95134
1245
54600
21120
51026
2854
52156
48508
16522
65394
49135
57594
85365
35652
81883
66443
2371
60685
22069
98701
14197
66182
34283
83066
71040
75983
94726
68276
52065
56158
62008
80693
70787
8979
84644
36182
26613
58972
9404
30327
76980
81639
18251
794
44744
40263
54526
4357
5420
70924
31990
59674
74364
4207
97326
70177
10529
83027
53946
13771
33319
10203
19593
91048
52897
18298
71962
49203
25470
98098
39657
88944
86664
53928
21920
22738
73372
1757
84422
32311
64417
93724
94998
16873
62728
1353
54067
6494
57209
48765
7258
85261
33713
75256
86943
65639
27357
25718
33501
88292
1386
27111
70928
87020
25060
72280
59100
7324
74602
47318
53335
80687
79126
30186
15869
61481
36612
35203
95551
9601
62777
84536
48182
61203
76246
4562
29718
96478
21850
91606
39526
10753
87314
5302
14081
23136
50949
80312
65877
19640
11848
21683
76278
59972
33763
89666
92243
74334
87985
83828
62843
31338
18471
22667
91562
11344
50012
13570
17294
82052
9624
20237
20163
51760
74022
6208
18257
79670
7226
56906
87531
16145
55542
83017
86586
12999
30501
68147
94636
22811
52679
87297
92133
10636
45135
74818
16381
89596
27928
22098
44303
4307
46306
87231
27847
58069
82819
22868
14347
65187
25685
85795
78745
80037
99820
9589
31511
30541
19119
24917
38157
45726
71584
83786
62917
76464
47377
73728
17346
68225
81812
17071
52544
51845
22337
27207
77003
38954
91712
25856
85704
49118
91738
65170
12694
35615
37608
35531
49929
87675
85094
27888
98364
83331
84364
4572
88840
85825
95405
40157
99336
93962
87061
22374
21286
76675
34964
77813
2090
55222
28737
23082
34767
63542
50310
72383
90008
50607
90970
57335
33288
86904
10907
815
26713
66203
72018
83070
65528
5550
65698
52113
80534
77032
60726
3410
14924
15883
98309
33909
50495
45262
49778
21361
27837
46584
4519
10034
9863
86396
57598
4296
81220
17708
31480
30302
15844
60356
18080
96658
65432
54765
45280
99762
55604
58658
62285
10221
71970
26458
82474
77296
47069
2915
69140
69467
2012
31528
86460
40073
58906
83145
37514
92801
84118
68257
9673
78699
97155
66610
31981
25051
30195
81316
18195
51502
60956
55262
60847
83395
83965
5465
78031
80518
35299
43555
17756
91615
88658
6207
89870
24908
18826
55704
41119
14861
47046
50079
11673
69872
54983
19768
92529
68721
62479
69863
61878
5979
49041
61547
26272
69629
34374
555
3936
79654
99595
78720
64046
50198
6590
79944
93907
43137
42898
28648
41325
96305
94706
41625
38808
15544
98780
54053
87976
28160
52389
52324
609
92312
8346
75726
86665
23683
46948
1659
90382
76275
26234
77595
59242
94558
51506
76765
19499
20919
94196
23496
21768
30830
56657
65666
83252
61042
10273
56392
34368
70300
82862
60905
85347
84037
85982
45895
62541
57360
31282
85628
35812
434
84439
96590
27541
92618
14115
98503
41048
57758
54300
45670
79210
14957
9370
95145
38551
35943
17790
46628
42755
48951
64174
7956
93060
30955
70833
12268
83131
62657
63653
74572
14985
71787
420
46745
94988
62284
76640
29136
34112
8684
3243
2420
58185
466
43880
98182
12102
20121
64697
31806
25804
81937
7951
9842
59994
78728
94806
47016
45287
30216
60791
34754
87399
21805
10301
78166
3590
38528
25950
43449
4171
73326
8894
82709
51950
95511
72718
82245
5650
90544
40968
74831
12863
81090
83141
39730
25119
83255
63731
55005
46919
89436
10657
66080
41795
26707
88035
23435
41142
35514
67023
91307
57233
57383
34714
86339
13892
57686
84335
28745
59628
96182
69110
56614
19145
48035
92494
87417
38957
2651
86355
9494
10099
46469
60668
54447
6016
99
66153
41012
24452
1065
65598
28589
5777
69152
81408
50569
93495
30247
10259
83924
9831
19200
91885
97116
3210
41480
69627
60973
3156
79165
19270
8775
72410
33973
14316
45509
99756
43484
62254
92246
24564
28290
45343
81342
69465
28047
67348
29468
66620
19420
58245
1866
2150
53863
61880
55431
22979
30419
42668
19890
28197
54584
81521
38124
68714
65848
6186
77869
2316
61675
14286
62323
39321
58004
90312
88481
62736
21665
34370
26381
30712
8509
83597
53656
65185
30277
35856
76725
71842
87648
16204
29262
14265
19197
20878
76032
31504
55787
18816
41640
15324
16413
76034
81881
65096
5332
54531
12366
39612
36628
43277
217
26819
91274
78681
9980
99388
4220
65047
40671
1017
68404
15362
68771
41516
3604
47630
69947
28584
92437
56969
53316
69751
20494
45162
86435
54049
17642
39499
56972
51699
30087
21199
12276
75872
6335
86347
21252
352
10407
42718
33486
81652
43710
70938
99993
99013
69370
40680
56764
34731
2295
45956
7938
82411
25169
56918
38886
63205
72470
47951
4019
34341
43802
78284
50272
96594
65057
68544
37982
97098
65288
80204
7784
33025
14538
8948
70074
40912
45173
30695
85380
70307
62101
34949
77870
97576
90379
49614
96213
53142
97181
8567
22537
71922
44629
38479
53175
97176
62810
80085
50871
1948
31131
18995
29837
80121
93685
37894
58699
51122
20602
72801
84707
71392
44916
22656
50155
55555
71419
56130
25966
64362
41936
67534
36581
54778
61756
32377
26387
59807
16940
14070
3483
67608
43881
45354
71903
49886
70996
31
63759
49053
14907
93848
18954
99617
15293
95189
31353
24927
57396
74636
55147
89793
53145
81678
2572
75476
66101
28488
68163
51211
36572
97882
61571
63688
10911
78794
65826
97197
39941
77265
89589
39838
29477
1658
48564
62757
5272
72330
79267
24925
6899
98855
13265
97634
15932
31541
59677
74203
53636
33178
85210
31980
87243
83165
51161
23835
49487
58949
92276
78148
45770
67111
84134
10002
98229
54562
52862
34429
16883
99795
70353
80405
64678
92002
47022
91453
77485
21860
83696
21864
57520
3539
89956
89545
89373
88754
89053
22622
43001
99867
24385
41065
34033
55296
62975
48195
25041
77591
38572
54783
51105
74578
46479
78718
86163
44792
61787
87229
39731
36293
83293
9237
26325
95534
87670
78127
61991
56609
30479
21026
10654
67116
98290
22117
19443
82599
58120
1932
23499
51111
15456
83606
98864
42634
23234
297
36249
37443
77210
84211
76480
3665
66826
93254
66748
85977
15248
11465
82387
98991
84157
34439
26765
42497
21969
33537
35380
13302
42398
32416
65546
24187
28220
69799
91931
97542
5120
6348
44437
66808
40472
28741
68059
58485
67077
97003
20059
22937
45529
50541
94553
3675
86595
27778
70505
48843
54717
5511
61382
90124
94258
82079
92299
44638
27820
41438
14563
90969
84488
90783
52725
13885
81514
10769
3950
88531
40722
95011
43457
24261
36758
39153
25287
54284
23177
22774
16770
50337
54948
32349
90029
83599
75082
53880
70413
23943
17261
66272
27760
91849
82035
76252
41933
40452
73947
53409
31825
28979
66236
6092
96676
5185
78167
27155
93952
98577
20542
58840
86944
96415
46313
89825
6780
62413
29646
71386
64718
49769
41005
71013
48865
12328
97205
15574
50383
52427
8483
3227
16995
35081
28567
27722
30255
94323
59322
42580
36882
37644
11480
28760
3709
61374
93123
4583
24673
96002
59887
37021
9377
95033
7827
36761
95737
3752
37932
76569
17615
44369
51101
31601
87407
16081
96117
62651
50591
59398
58524
48502
37855
74011
84861
42236
4777
56957
78924
40484
73268
76266
83758
90932
6713
5368
24621
37899
61083
82657
65143
79615
85664
947
87186
31296
53365
45623
64850
25163
44055
61321
99420
48196
16036
86329
22793
35482
43030
46987
1058
67153
49125
64466
88668
1841
6726
35142
16835
78905
84276
60062
27710
11797
18232
18791
74824
94761
47452
38378
61923
91675
371
54508
78189
31043
98920
78340
86903
71943
73474
47676
21104
47006
23030
76179
13332
19153
18386
83134
66892
3351
55875
19665
50023
62023
58290
16570
37500
49789
60274
90507
27503
92975
83783
82454
72880
67388
65829
62073
89579
54285
74015
64134
2430
55995
38102
40368
16679
23399
39115
70585
90690
4133
37115
29592
11935
61482
50878
27106
57031
36979
9121
42883
41363
58353
81306
47523
14163
11646
47216
73550
16019
4682
77523
39019
76934
11969
82313
79470
44422
20721
68994
65060
39415
67090
39834
38496
87793
16595
68858
57188
12113
18751
25963
86199
60283
28415
63975
7465
60043
5134
12122
77606
27415
75118
54596
20386
79258
88773
47735
56123
34328
67036
12789
31862
55054
69900
36120
92662
9820
29104
67632
19380
50648
48729
14528
38862
57130
98225
22432
65992
94070
35269
42681
87728
31305
8457
50000
2204
87813
32082
94883
22698
82758
51478
35603
9466
57576
96004
23144
99045
58508
54259
56610
17356
10022
4221
52949
53945
51358
88396
11476
40659
17164
9955
58619
19240
76758
9397
86952
31011
14867
61640
61476
75195
73464
44912
98943
25102
31323
81404
5961
23208
93456
98642
33348
52753
45973
66250
85955
13752
49619
85503
15636
61038
3762
34643
75172
36051
9554
39909
40423
64902
68278
892
46366
79430
84823
81445
15642
31028
87940
44625
11193
70193
31187
67031
68284
13628
78824
35921
74655
23310
18476
15582
28609
4549
63996
69023
99380
18883
67896
18985
78627
21627
32914
50118
63510
25308
49241
64704
95925
40028
33040
66708
4825
89698
91546
9599
16284
90152
29528
63105
35000
74799
67579
10645
8742
60781
68711
41632
31795
83738
44894
75769
97022
98274
49671
77437
12223
38816
93622
21047
80325
61899
58626
58244
27742
43830
53635
42849
19049
74597
37463
29850
76073
10927
5316
91021
39636
8850
86137
58720
59550
88230
27262
50665
85040
18229
13723
13078
78213
98543
73028
92866
25031
28401
22735
38351
60241
91176
56534
93817
59377
63206
46941
99452
13263
50493
40318
82186
89231
44114
89159
82473
30671
50722
53137
99486
52985
19318
42548
72389
87122
17323
53955
33394
82252
90156
87997
83068
89608
90242
56633
97192
80273
10281
22936
21534
77222
91783
38527
61692
53267
41539
34327
10665
38646
56079
67158
6863
91795
14400
6211
5291
13193
26024
83585
84476
55437
13311
55890
10031
95530
44065
81845
50741
84825
48215
83071
10172
26216
66543
21824
65258
11316
18930
40224
87383
73375
28949
99485
89249
78671
39512
42088
75248
11907
13622
3923
62723
93581
35684
49891
29625
1706
63817
58732
3447
78819
44436
88333
43567
62526
405
41279
14200
39012
91267
20225
78567
48090
68075
45185
4842
783
74897
88314
70259
1478
9198
81490
47321
28037
25423
41021
49022
37609
12576
32520
80235
70600
67877
59863
84487
80621
85314
42536
56391
46604
64079
24492
30840
30557
15424
35078
30225
77746
64495
67497
50643
29173
93964
6663
3471
96200
10962
58058
4184
76845
13472
56566
79381
60086
80905
40945
7113
30731
35206
85229
33933
57230
29814
90529
41974
7975
65022
28846
99860
22243
2686
63737
11459
27047
60869
80779
62330
35107
72819
42515
71263
54235
84076
36126
20329
43285
55760
41344
75232
24914
29501
77471
18514
3198
27175
16108
94805
78030
91271
89253
14784
24568
96938
18415
68242
89996
50696
61192
80184
44622
88639
7316
25436
39525
15922
72253
46120
83191
20780
33438
45246
89479
86601
18522
60191
68483
16813
24334
60180
91377
29861
13564
16470
55479
30560
41742
96629
44313
15286
41818
67662
77596
19375
76644
51885
38625
70586
87446
29028
63805
48527
38663
6526
47101
35080
40660
40463
8402
61762
888
11485
29839
9900
59891
30202
8749
65260
2130
43371
85278
68580
64619
87382
76025
40010
93739
24153
66090
92947
88392
92354
59315
73664
94776
96168
22288
21991
33473
51701
30756
67781
16344
50913
62644
26231
1069
67878
40738
95833
54011
10945
54149
93390
65604
15872
78173
54411
31458
2412
68571
91551
1190
37198
30474
79550
30015
84770
50321
96792
36924
85592
11744
9958
3938
13538
32855
45825
20414
35240
55237
21975
57653
18783
83370
39607
70901
12934
25421
2641
27936
35146
47328
31389
96103
36040
88480
63773
38439
22673
83365
55239
48448
24532
76615
83922
77557
38952
99102
9367
12787
9830
80602
1903
12101
7413
65997
23270
50734
97090
18306
1611
74144
72824
68913
64823
40417
91083
82127
24343
75361
83725
73762
43655
73876
4234
82167
57765
80797
49293
8200
95806
84428
55957
10184
82905
60540
10997
39530
90915
78536
4773
61460
80180
12051
55632
80727
11053
34199
32439
78329
65255
47969
96381
11173
52271
25879
34824
62488
29990
11209
37006
56165
35845
36988
14987
73221
19099
13795
34152
14678
17806
13242
47500
2505
19589
34311
69222
33999
71133
52707
62315
45767
14434
14333
46107
48804
6917
22814
43739
34300
60901
61809
556
60930
59020
11547
932
22512
74585
3023
84802
51733
957
21282
66658
59944
49652
39128
69437
34413
97226
93301
30530
65457
59889
121
47504
54256
47707
39711
48015
94705
39183
84753
1690
25371
93954
53760
48442
81147
83025
17610
28380
19973
22833
21962
54941
91223
81059
7921
23941
83187
64533
38595
58917
25361
17757
14645
19510
67237
7442
50967
47671
23276
85604
59107
95767
99148
25880
60089
19694
34822
83807
50523
86011
21439
38636
70756
53245
62974
4125
48050
99714
32057
30713
35297
78750
73007
97404
2101
36193
9315
34346
21330
30424
77653
69928
83591
9747
76490
6129
62492
55395
50545
34360
95585
11402
65564
74179
3319
10680
10628
17713
57939
31354
30775
28301
79899
13871
15024
31555
15739
10861
84777
13414
41766
72349
62912
36238
32306
85901
3841
21210
31612
42101
20160
15140
57443
58223
11722
66512
56378
59147
41602
66557
88811
63501
73352
13893
30521
20763
47945
48802
61765
62292
42910
70150
90903
45258
87828
65138
33324
20351
77055
36084
76325
97095
14415
99057
21126
25548
43572
7806
22548
5951
21879
59036
95622
98244
15422
49242
75799
41173
39919
37235
18702
98761
25325
61257
55043
33018
90737
70748
82670
96331
43087
70920
63667
9277
74511
57800
82677
92044
97871
38547
63099
11368
66783
96426
26439
36578
53975
23828
79606
32083
38055
32906
18079
90530
73865
98720
45108
81167
11415
54008
81934
3251
78131
65026
78730
62463
87425
41807
3543
43736
56088
69868
42140
15274
55619
49258
10592
61393
72358
40233
73029
5064
45970
89578
93750
89447
52228
45860
4571
29857
7138
36645
35800
4765
38189
38406
19796
71289
34006
83544
15881
33420
94659
12136
58842
18303
2601
84843
16423
27295
92663
75709
22517
8177
64949
92925
18370
11906
86252
9105
79521
89777
69923
80592
94106
71146
78544
40045
70959
79841
77264
12953
20855
17745
29921
55507
52776
8866
65671
92950
51341
1754
20690
41884
25726
93136
14495
8733
46500
96299
98329
19311
19432
25146
2880
45401
8433
89387
32963
53562
70419
69812
47065
27317
92576
99345
50103
38187
96678
77792
16341
11534
95843
23489
2537
83372
14473
65462
97768
38341
53180
34316
53005
28011
40130
29804
96376
7065
1997
26909
6344
55491
74694
16712
89320
51151
29630
55821
7600
69995
49012
23523
67728
28048
45790
52143
69265
86607
30417
98334
62243
79760
76445
64407
86508
33058
58274
83050
73175
47425
60732
87111
49663
29373
13963
58751
55108
88372
37688
36031
29039
90421
25475
70529
76431
15554
95380
13692
62193
49634
14981
9888
43051
54711
54780
68734
11068
67291
20653
34703
77863
13441
69477
41103
47772
76612
10497
51558
57254
45409
65983
62006
60410
16229
10316
1244
16076
93585
12962
81675
7804
74559
97928
47200
79877
95748
46965
48632
80706
71356
25144
80019
18974
99561
98775
87083
81335
60205
45472
7358
55871
81570
75627
3364
90733
7224
93973
62131
2228
50406
66946
66178
43479
41500
96783
11190
19911
20013
87295
51852
80177
268
86706
64634
68526
69962
44757
93916
17546
17408
3350
25400
11258
25889
26107
58792
40835
89451
3384
36083
31595
91933
1277
12389
23343
99822
87601
18827
23220
86176
56867
9412
76574
76336
13372
10622
61456
53199
80275
28613
24942
18748
57229
54130
53252
24020
27219
80193
30011
77709
58109
83982
46024
60650
73210
13766
53167
5794
9449
42377
74400
66897
54680
33222
73132
98919
24456
83979
27436
45987
79576
23398
23679
10449
89135
1038
54536
35561
49327
99660
32847
92421
44231
88276
52565
54265
232
57949
21567
18228
64163
78036
74761
83103
21131
10683
47901
85744
23194
55310
57328
44026
60585
25796
83408
77073
71434
15006
60254
49352
69716
53968
37511
6694
75871
18922
13553
29133
23471
95645
92481
83051
79386
1416
64050
24512
76380
98296
50350
92863
71243
15394
8723
63019
55089
31153
21525
76952
88378
26925
57559
9765
3894
4434
12064
88148
79483
76444
1421
93861
4035
9424
73905
73122
41030
10063
97039
60872
86357
83218
32071
9988
2680
11841
18048
81917
80903
94178
59546
39677
81243
52752
87068
81339
38897
53820
40513
95172
29767
81784
62055
71600
12515
10366
627
80522
43661
74858
29371
91493
40967
14707
12828
95164
67178
2965
81237
11954
21741
16489
67488
5873
57741
72949
49613
42546
28684
46575
55575
84266
28187
97242
90736
98838
33869
192
79667
98448
87150
60134
39549
64340
8638
62598
11957
39
46154
68380
60471
8998
48555
52252
84080
38678
70710
36459
75349
21093
60528
20434
61992
21936
93728
97499
75310
84433
35562
62700
33277
62449
5645
78201
44163
39935
55390
76916
41278
70537
85851
57815
77397
44513
22666
68262
11055
72871
11262
48477
74797
17053
24521
67991
91772
4911
32829
68828
21792
43546
77884
34263
51925
2687
65270
31010
86563
12915
8874
56163
84390
55897
99005
30031
53222
65226
75572
53788
62486
97759
97045
37562
65208
64392
88839
16565
43480
76421
58970
50679
57187
32266
6455
36597
58287
28300
24501
32171
94719
78178
87143
36124
84686
56768
16663
95533
71685
26633
85673
80711
170
63989
34408
57107
66144
69350
91421
88871
19139
1025
94986
88851
19386
71093
58566
31620
534
65030
38938
58581
49129
50610
83923
76113
88861
95536
59078
20841
63827
45542
86906
54916
13649
43325
1248
11436
50618
37577
87355
2475
62727
71796
47153
12260
27543
2571
65573
23708
85418
19738
11802
57145
59233
20798
1257
83980
71505
35021
7839
55598
5949
68254
36135
15246
37913
14619
19191
65706
94167
52480
84789
70456
93394
43589
10776
84723
49139
84
78955
28367
44222
30814
25215
8912
51642
23089
62245
82225
81903
51803
1517
62407
23415
88558
43228
28333
12313
41853
82661
19852
67933
83655
94307
98587
38893
47237
70635
54183
53213
21224
11724
98104
98863
82772
11908
49359
71387
51230
38985
66574
83265
93263
50953
30856
57916
74898
82955
11698
66004
61051
76592
52214
76039
47898
82790
12594
28463
69857
6755
92275
65735
38007
61242
38040
4523
41698
96143
28231
83819
13529
61337
44260
34827
72910
40747
23658
9745
86885
216
79995
22699
58982
71563
52729
96823
5515
11796
70008
73340
82669
52390
7104
11206
53274
70430
57179
99049
43080
94017
34961
54157
94455
53143
74174
38610
38994
19389
11144
71508
38531
3223
41422
69253
41059
17221
15442
94044
30433
9093
93346
98765
20064
47000
78168
87260
33669
91349
32375
69932
73694
48238
70166
69020
51980
90858
45273
8220
90714
81627
36170
61059
57793
12449
13845
93837
60377
50737
70471
7451
21840
67081
63070
85127
67191
569
65925
51509
21223
41699
67731
21780
3493
31434
81893
20848
16809
21095
59405
42005
35208
60078
21009
69296
1899
28269
1393
88474
62470
66733
55374
58749
71360
14579
54552
38252
61518
96889
72029
50911
84804
31486
30099
15369
68430
52788
31630
18342
26673
93840
89263
3008
54382
70555
96512
29877
66669
96359
16938
5102
6512
69324
90991
10618
11156
7256
28592
17947
25698
70439
88806
40123
5753
78360
9798
42010
58643
75676
10750
43603
85939
92224
11955
66936
6153
63182
16379
93079
97669
68543
43073
13042
73377
138
46382
91003
74085
94415
73124
62126
16783
906
96930
98472
45202
48325
7049
4471
75772
88294
58511
27838
40728
30078
72975
13191
2782
60054
66498
19379
397
91293
34944
85715
58494
95797
6779
23483
4926
96937
84184
18155
53383
12549
42302
86172
92914
99474
95671
12620
92461
92810
35262
83073
74427
83842
29367
37954
33416
44815
40371
82086
18153
86552
33213
3109
21490
78098
35272
83022
92296
93449
36704
77872
27999
36710
35381
42204
9452
94596
31351
38170
94343
72050
59216
96963
59708
23571
69473
90838
49985
33854
19273
55385
47071
6380
56428
86230
44236
92277
68591
90527
36996
3353
60107
57316
95338
55001
14204
69780
44983
51164
38212
46057
14489
85404
53716
98165
25759
58758
97500
64701
23263
80741
79167
30481
2479
50563
91705
12508
55843
75609
86074
76307
19053
94041
70260
99379
89344
15794
76664
73312
30511
46481
52829
8271
81231
7266
45584
55023
29615
85468
12759
65662
85810
23087
96333
41560
6608
47207
21032
60991
75101
90787
68112
62986
87797
96816
25598
36809
37663
67503
16356
34219
41831
21544
71057
26974
13632
61052
78656
58637
34031
1477
91945
99171
41623
81844
93406
29427
37633
13563
16163
97004
13614
4417
91373
21281
90358
16578
9393
41231
19542
49070
57071
97356
21659
15269
12802
74046
68545
67551
15513
4093
88995
58561
46844
14109
43730
381
79338
51208
5453
48222
21013
21346
47610
28306
70776
82131
34607
83496
58676
92362
21100
35183
79840
87118
88075
87443
69052
32930
51917
72238
77235
65429
313
80027
42812
97998
28208
10910
58126
38696
33896
71161
61885
90305
18027
93577
43698
45682
48954
45069
30531
85627
71304
83137
1894
43674
16459
83622
17063
8257
49873
53985
49536
40528
13874
26760
37627
31883
89695
38607
46362
37237
49127
92757
32389
13667
72980
48135
62325
16024
30649
71413
35109
87931
98127
50311
83756
91054
96291
77859
77959
19449
65973
4626
83108
27351
13442
98221
40432
9191
80598
61844
81680
98767
26206
9098
68316
83779
12232
19000
31209
9848
34907
40180
50257
44895
60229
35295
77769
97477
93745
22179
95426
76724
16959
57669
4846
41567
54892
99291
97188
74734
42925
60885
11088
53254
86969
64140
1991
64144
14168
64858
47925
39528
40748
76312
41531
23536
82512
44656
15339
96065
66009
48645
67498
16316
34302
62748
76865
91117
77096
72995
19495
57080
55251
78857
95466
56171
96993
45367
72680
36378
19329
95325
64276
44963
27363
99506
83081
7235
53856
76744
77641
89800
32560
72361
87776
48892
27578
75489
7414
34198
78980
72229
26456
34496
16074
1102
85649
76170
53061
26103
83629
64279
34319
11096
28053
12462
18109
70804
44841
65416
72186
4106
7265
49962
38541
92166
55847
74762
56168
84018
42435
3035
54193
38671
14660
59351
46807
84813
42039
89682
85368
7238
7176
22958
36950
37701
62705
61533
41557
99627
22980
32682
86205
22764
14721
8623
55048
12998
38356
91004
70159
12365
34682
40160
99792
89290
72418
69181
20833
76440
22053
15940
81698
60362
76722
93910
87507
871
98585
5369
80478
30781
70624
47715
40265
4974
12603
12595
26201
34019
48519
2883
63492
65375
58541
63460
23553
12330
52445
34630
31473
42772
10369
66994
90401
65049
8975
45967
92004
619
82254
41081
64969
82370
30617
55372
33375
20578
63210
25983
39601
97362
3618
95801
73686
20541
4399
67539
94193
30687
23006
48961
42941
95306
73325
8144
84954
5552
90072
10630
32759
30973
87031
67665
83361
14426
593
59579
90563
61683
28104
76891
18034
70506
69749
28148
3320
27873
61244
36583
94011
64232
79453
70527
34336
41951
454
83525
42382
41866
60637
29215
92119
33908
65091
7734
4011
75850
83272
58611
58080
90688
88037
73410
91995
28154
91802
21623
98392
53990
78052
87530
46525
37137
49415
13545
44673
75837
12299
97787
29666
72608
16096
87693
32007
27890
19670
95000
89767
27632
13512
5429
59410
68091
47856
7277
594
33772
6692
65569
75022
77568
5009
63550
40469
26878
59508
48784
65617
40186
65622
29622
45900
40281
65907
34845
83791
80629
8869
5360
34475
30469
53980
93754
78827
41835
16881
84059
92555
30141
97934
66142
73135
84397
30699
12846
24737
41656
6119
50750
37587
33103
34728
60023
3389
62223
49085
78560
35437
56974
11138
90011
57790
76895
92527
97899
31132
52886
49133
57701
36757
88316
21921
33741
40499
52048
43340
19933
5350
26921
29611
5782
25187
77140
13235
75427
99362
38412
29355
92955
52899
48431
48803
63505
6261
66393
39792
39086
66824
56894
57965
48343
10818
19525
74501
52678
77041
95143
48051
62347
92829
5300
23659
35354
73392
11462
85683
2690
46507
71498
45961
12565
40424
68395
34143
95744
91011
70508
49979
70229
5608
79477
71261
27437
94421
64792
70404
15020
87781
43643
15672
69786
95727
18286
33769
32338
58040
12348
72139
57541
82891
1438
40873
8852
12078
55080
18007
58210
5996
93402
95912
62283
49281
65506
61309
83233
75222
22514
79351
94538
66367
92772
62236
51392
91791
10978
27884
11486
34579
8673
22225
91974
7749
20827
15066
83213
70512
10213
96646
31637
42019
79427
41124
49777
32945
41535
87427
59436
42057
9441
49484
93991
97764
83619
30593
48720
777
66242
34587
54204
53080
72822
5274
91943
63392
95562
21889
63751
62081
63146
33821
65669
50187
58597
52248
86276
18605
47212
94695
51932
36468
35373
53226
60402
92733
59022
80987
89801
82157
24678
34510
99351
29706
75336
43762
66323
1501
89141
93028
62732
54647
20207
74863
32581
46562
76256
20020
13036
9945
45725
22027
78387
81547
63973
67502
78848
36586
94177
15695
79888
78521
71907
37129
53702
94061
62381
47503
55870
36768
97592
12558
22054
86813
69369
79433
91837
74768
78830
90513
74024
11186
47919
35110
74604
46629
49426
72743
27777
16788
67433
39255
94993
64143
54012
87029
94974
35618
22558
93067
66652
11421
49564
90824
11065
72683
49215
10372
1760
28654
27774
26331
58297
26202
12254
96121
46533
99696
25669
53090
9485
61735
86045
93011
64677
12902
68047
71570
19154
82877
65126
29245
6048
51873
44947
27683
44672
33545
30317
4139
42362
71610
70665
81303
72940
97220
55561
49029
37607
2975
63352
57752
33087
71848
99124
95157
88900
20055
1858
48498
10017
15693
88627
8966
56728
76519
16536
35426
13178
90686
36365
71541
95142
88281
15556
97313
59631
65941
91665
72545
68382
46015
54626
83921
67279
87607
60797
9748
45588
26621
84090
3047
4362
7133
77515
20501
71145
93897
81119
87903
14796
64472
80100
84943
85575
50900
1935
93543
98277
78396
63424
89937
42733
83445
76087
98026
5955
34666
7903
72713
85755
37487
49912
57944
19721
62546
67911
10299
84797
90009
27876
90682
43988
92109
13011
38798
94065
7332
77669
14686
85467
83707
25055
62174
93521
61703
70510
28172
18837
30795
80161
23740
8486
92195
16688
81900
66052
99408
68067
31331
19829
52396
95814
26623
80207
81604
97772
53971
25153
66735
83352
46536
73220
77565
29824
42571
5801
45136
74513
41919
38670
74606
8026
96320
49879
21258
43770
10298
44565
81916
42702
53327
61157
98951
80126
56332
36476
30064
87265
6517
8258
78126
73551
4431
39962
81841
43495
16599
54742
60048
6399
9959
46963
72201
32875
62116
24502
97582
26468
69895
24447
3889
70236
93922
71562
35634
62537
30588
70652
84798
96074
97167
78378
23952
4037
35196
98502
54170
35911
19315
71185
34237
19989
34230
52443
26075
13346
31030
6687
19492
70001
40972
4235
66238
50560
14236
40387
28942
5682
19418
15626
3765
79688
20072
21799
87567
82124
20249
9291
58106
56005
83539
45568
21961
64655
36424
14012
95430
17260
93253
45772
63509
84549
53132
36234
56935
53382
64603
46209
31982
39011
59278
4632
43491
83971
99213
28844
6969
74104
56216
55166
50649
16236
99803
86739
59050
589
672
32061
57967
38741
45883
58973
68275
61553
6878
53401
31707
11407
2534
6727
84340
34498
96308
49926
49783
90807
67139
47148
12572
38558
85858
39666
59127
72641
99405
26893
53023
7426
57206
34066
85609
4559
26205
65823
66450
44124
55672
95455
63049
11988
97416
92779
97828
3451
68325
56700
52302
90487
75777
93921
15632
64907
16226
87272
34838
13800
40482
79255
52265
91650
61561
37536
38760
36722
10059
39697
58225
26050
33421
32278
70800
15583
10878
73777
41300
49539
82842
55576
99272
83107
74866
73978
55639
64256
52419
53533
76939
52056
26111
85000
747
9580
2160
23333
17489
18035
67966
82047
12351
85400
89180
75467
46590
42399
2229
18009
72556
98023
57886
58510
50059
22521
80454
62070
53830
20734
35998
80274
79151
22922
42042
25392
95884
10438
57043
14662
17508
51012
95627
46341
91846
93164
4367
92669
11099
82391
56686
61939
38017
10960
680
83247
71992
75716
27669
38863
97037
64865
49824
30757
35310
8731
67820
17600
26656
26852
50774
71168
96527
71768
9288
96517
99394
87474
45253
90862
93256
97613
1279
65439
63944
93883
21616
74720
62399
50207
56452
30656
71169
61462
33893
92892
30873
69727
53501
55700
1122
34178
31876
13295
66145
60028
28658
1831
58161
78594
93570
75713
88005
63364
74838
22943
53008
74154
52912
17448
28459
81154
59927
38755
99301
1094
15861
10054
41074
29759
25337
44212
11671
55487
40761
29547
74142
30187
62831
65927
29311
71066
4059
23597
15297
17084
70719
48567
18477
92382
42321
49737
61425
22686
38939
23983
97157
69163
26971
42530
32358
49056
90400
59599
48815
66889
66825
59742
6962
54908
45207
48184
32961
92981
62332
38344
90947
75755
55986
99074
97690
71147
30626
48016
56303
63896
75680
79512
13325
89369
1973
31385
35548
28018
49977
7369
64637
75973
77628
97286
65952
12347
13975
21504
24374
65745
31759
51700
18925
78886
56827
94195
51278
64696
32448
65478
32279
56471
51454
13180
65656
37684
56177
86139
44794
79088
7524
62550
503
43016
29432
29321
60136
81153
13392
42550
48743
19390
20756
4951
63522
12881
63833
16645
9244
8361
94316
50639
64673
66832
4340
47655
82262
32978
86026
61513
26364
5667
63879
32803
58311
70474
14994
44597
30155
60248
74916
15061
67270
16043
12224
49318
11366
33506
34735
2029
71315
59717
25721
22659
50307
16826
75796
22531
93672
67461
74280
94837
35868
28697
94517
2558
25273
9399
76062
55906
84186
21148
94791
20135
10194
42804
68585
85511
83976
65105
22525
39881
45589
18425
15164
78182
52297
39911
96856
28489
75511
47102
33316
94042
18850
27189
74461
28815
78760
55580
96797
36791
49511
72407
65629
26019
36506
67999
86388
51776
60508
82956
61532
32842
61139
47124
23473
98042
79465
85251
8445
18807
37670
86159
15691
26725
34476
15733
29862
91147
36560
98989
6754
95053
31261
36367
53789
50898
87210
20887
86256
46343
41460
49066
62493
38313
65247
35006
77306
58703
77732
45867
45511
35678
42845
71476
87378
1020
80303
56647
12697
88556
7492
65080
20753
93077
75013
89035
87941
36720
82316
84514
49590
17735
47232
36432
86945
20650
9406
68740
49703
27446
24213
53610
85242
25655
39203
37779
85462
70667
65518
62863
73820
91866
80470
20201
43300
92162
59416
88485
43123
15688
37711
10214
46418
50093
37004
57818
2869
37700
26257
61313
49488
45302
63022
42806
57613
91638
49766
72438
22681
74514
46777
51702
2360
28216
93156
63810
55101
89107
70495
52669
19170
10765
4808
47989
46658
576
52393
59055
63618
21849
73277
39611
37178
74551
29747
77700
43898
90588
51203
64870
40988
16947
88259
90056
15579
11488
10500
99361
51311
44851
43768
58347
15407
84355
4347
93984
4563
31156
84700
6557
42143
80990
81274
35019
18072
9025
33327
97932
83636
25860
56770
82208
15464
40982
40745
56623
8589
64794
38597
28357
21292
58362
88411
94087
1846
7331
46368
93677
99973
50314
71362
8290
90374
2738
82241
74256
5773
48236
45527
96848
54014
28311
61006
92756
51350
22926
14584
40015
82184
23456
72393
68385
2323
53034
51016
97051
46947
49701
59759
74250
31998
42635
62500
69559
78084
43713
16152
38510
50695
11781
19201
14222
75500
57469
26965
92028
85961
56599
17630
93730
25867
89510
57832
52330
35549
76584
32853
96467
68735
75588
64613
60770
39157
24631
25967
98694
22850
89207
13422
22041
46199
2675
53052
57042
47864
32104
61609
73495
20192
92909
60833
15223
24948
38019
4481
44273
18478
69036
57673
560
50626
12690
92086
47221
29138
56348
52735
85824
94801
75723
93211
18792
8230
49497
22822
55357
30787
6864
11042
14317
57725
57447
67517
82727
58909
48043
61685
93515
91947
58154
82647
76448
68688
4780
35264
80577
81818
76624
82554
26029
61535
10739
23482
9014
82676
11687
84330
24320
32405
65025
44430
33276
45138
32211
97410
31411
7977
79725
41624
88448
8163
772
19612
22572
17291
23811
66657
40989
48193
78142
43172
58111
50370
41798
41913
59172
85448
31680
92450
28162
66125
75084
26274
55231
4176
1481
76879
42743
33748
85452
78081
89867
34342
57244
67525
60656
5537
61989
13455
4277
96859
62985
71295
45609
52786
53118
95559
63248
16972
14194
78683
63039
2944
25227
80145
20829
53445
45260
99407
86708
6974
91378
81584
36304
66960
75862
25380
70868
61097
12448
82025
45997
81647
65940
12098
41950
5747
80094
14695
48511
47965
76572
82212
97923
91209
11835
14826
97506
86823
39544
34229
6904
84934
69957
59481
65519
46436
80861
6882
43997
59563
10815
25925
391
73765
47590
39533
20546
13143
81933
12310
73547
53739
22163
29572
51262
23381
74541
90716
52661
92737
65333
31476
48169
36555
28474
1779
94229
23404
96580
2765
99175
10084
64234
3415
68064
80703
66207
18834
70246
5729
83470
96048
33938
79897
37784
6690
36905
33180
17350
10885
23122
89507
49910
76582
35537
49655
25561
24871
67008
98888
30598
30655
5000
65919
45137
49953
44734
81835
65254
14956
61812
69027
91523
68953
89483
95759
95175
22021
95731
44384
3971
36835
21548
1463
95789
35117
10652
55499
8940
84916
70084
14525
91939
63003
3875
17971
76228
67964
76233
47548
40679
90208
68376
28547
62140
80165
60342
35382
71199
1276
1462
20513
40823
79565
77915
70382
28471
53545
36231
34541
57054
63576
67034
14684
16621
74474
88607
1319
75748
11218
15620
93063
33724
67151
66980
27173
59344
35688
39444
62938
34459
97903
63266
74573
65167
17683
33490
81072
6849
9483
74430
43235
25908
88966
99467
56976
16530
31424
80731
11853
53011
58205
30928
17222
96443
40250
21987
22561
16452
96215
4435
95850
59323
50149
24431
34109
95106
96979
55263
2498
86995
41285
49724
66970
28495
49538
95392
29957
98994
41883
11526
47609
68980
26855
14992
70373
55308
78389
60290
42033
53253
70945
85387
32563
42330
30123
66953
47353
69202
70656
93646
351
43621
34687
47476
70898
65149
28872
71914
54961
47507
45873
33491
84930
40642
70675
56043
7195
8091
66877
68937
96316
71142
98802
79556
72153
29465
73276
13365
59615
59799
5935
52810
53056
22887
26498
73433
21059
48537
53894
18787
60033
75694
59985
61190
25040
7472
78449
68343
29516
68487
80707
32479
52533
94657
73119
45701
70129
16302
29582
91876
18062
22836
44068
3193
42146
1938
44606
58171
80584
68267
29638
43163
16336
9254
30070
8196
74603
47597
15926
43784
3633
3554
31017
74751
88006
73098
66351
32050
78452
27112
55866
42208
76843
86606
86803
12433
24284
33935
69164
12030
74852
14899
81755
72678
92138
44178
61538
85597
7629
48935
32882
47583
14273
8052
5567
66329
89964
54776
85739
23284
93474
33771
7617
2481
93089
9104
39858
72594
45109
83261
66951
20240
83034
18209
99799
21427
59188
54101
37077
23389
51853
6058
91414
73529
81189
54050
83682
5860
20455
35922
22387
77962
72738
88329
98142
64291
47539
45046
73919
67386
19288
61197
68260
69447
22430
55511
8423
90165
4671
54376
76825
36442
29377
20861
91646
71264
30774
57407
91919
11964
87448
43452
24781
32086
46094
98355
42912
73637
12074
24372
70338
48261
55034
62803
27939
53887
4735
43573
39130
71354
13486
3084
98271
93601
36174
55988
99514
95614
39689
66233
71948
67545
58797
38493
69838
81201
95644
83477
77078
79999
19162
79626
94825
87406
39241
34306
6358
23980
75970
95256
41868
41186
98275
50330
5564
60902
87202
27702
6221
87493
78904
92473
87769
16064
89315
15855
41739
53346
62710
85389
88574
41530
99281
25218
52561
42429
38998
62133
76919
51422
79684
57102
92530
7669
55107
33520
46850
6791
62036
93482
27604
95316
44972
10766
89356
2441
67739
20031
37906
55191
85341
34139
10571
63231
92824
95694
84564
17759
41678
94498
79536
22702
92129
17527
68624
8157
44961
36723
87206
37491
46716
9616
6030
1161
93619
56587
95184
33296
95414
62194
5189
62899
60311
5042
19371
87823
3588
27431
52117
32662
15933
36852
64063
71381
83601
58931
82939
87059
88932
6497
21649
37991
88628
17055
27574
64583
92441
41806
19174
30264
70421
69079
89080
26812
87347
94609
61234
44525
21315
66204
97965
16179
29511
80431
17879
12827
81707
83943
34227
34383
86349
63400
17860
97474
2304
24113
75139
22718
33856
55271
22034
54214
59304
64372
32480
20754
88398
83208
90644
92753
94996
58943
80011
53290
66202
72771
78005
73764
1602
48510
29758
56022
6733
99659
2930
8756
71058
81946
94628
59158
99874
80740
71167
65551
41705
55834
79770
42424
29163
28332
68212
65516
57695
67293
29738
86043
72736
51988
19118
37145
33050
69395
22222
79657
30475
49571
54420
8492
99145
30025
92314
62670
97414
77616
96674
2613
32781
70253
28282
32219
21254
48060
50603
1018
83675
76925
4128
75087
58986
44767
75119
86577
23675
37089
55782
76509
38101
5273
50572
98769
57993
68593
78971
98637
98785
67268
46132
62798
38408
28439
26548
11831
2470
70513
33113
25481
89414
45289
21054
75266
46316
88807
44635
98447
5047
81795
99843
6368
28061
30289
34005
50013
7077
63782
51479
88785
96945
29637
96303
31466
31953
39516
53999
50483
89302
99332
39314
8805
48310
2556
33250
74432
67231
47935
5726
81895
59222
50205
28270
96621
74486
34343
28078
23298
57647
42043
14031
83656
9516
27545
70476
34539
77663
12905
65906
73222
92840
53987
94920
12840
78944
79701
56666
89873
2016
89204
13618
78688
25012
15962
95712
43951
35150
32153
68610
34113
99683
38654
65679
84159
5721
29083
27839
53559
7620
33903
23923
46906
55878
86323
71435
55370
62993
92306
9130
76568
95038
26464
37128
33592
59849
67580
89853
36050
35697
27298
75888
39372
97651
25211
21928
37284
16274
52938
1305
29653
14359
14505
77092
17462
42884
40788
53064
20255
22380
62998
1926
98736
68501
30640
30408
9653
75653
84202
57169
38203
2662
8603
55775
19591
60080
69492
8130
74598
64411
32928
33472
87860
67942
92657
33716
30040
97707
43711
15287
63701
12535
32297
56930
33387
20845
7914
57247
82884
96724
24867
3344
72103
14705
16890
37679
68152
69674
92420
81281
35191
27780
87874
652
52421
31370
87520
85823
80181
83634
95973
48500
85388
28099
90985
37789
95149
63787
17262
67423
8943
86883
88613
81467
28318
41010
96214
72054
80305
28450
34425
99828
43419
69263
31551
75362
79865
80012
15666
88306
50759
8847
23734
47665
19677
76003
93875
74014
39715
6066
48400
64162
79676
44287
25786
65550
56671
63067
85775
2354
53413
26104
86678
55761
57197
61705
89919
78253
42944
74156
95770
8294
218
34182
20771
83891
63626
31805
66340
1886
73563
61875
79815
33019
36741
33607
12095
41497
83797
96498
99818
92428
74991
83917
66445
23673
12970
76315
41391
37892
30198
31556
67384
80029
94405
72705
32283
28675
92371
62639
60697
45746
78603
92092
40058
47404
59260
16365
16908
39348
64259
87747
7255
38311
88611
82826
34639
24327
95531
60059
25666
24837
59246
1222
48976
62886
14281
22340
16787
34662
11008
88331
92773
82356
22945
73923
90150
94464
58257
49096
49078
86356
43104
35808
90989
20381
76143
11726
42217
29979
31135
6353
78837
48646
49344
21377
7961
73818
61841
1704
6007
23635
86055
56973
47778
10718
90833
45159
43031
28085
1572
18196
98549
77998
52093
43333
15699
38651
56557
52309
12168
78373
37266
55650
25267
8921
71835
97121
49890
28604
17478
66809
47091
85084
38322
14598
28797
35509
63240
98501
24662
61512
62794
65742
82499
71380
23628
69232
48123
91745
79315
10041
46195
7944
33310
93248
37394
84341
22190
40166
91035
5027
14230
75491
32818
27737
31835
74119
69974
50915
95125
86498
80057
38352
70994
98346
57679
54108
29660
4248
33372
35703
92699
38898
72318
90772
52737
83038
19570
55134
7370
87753
86993
15995
11567
43127
46445
91236
96202
18971
71708
37645
15453
79614
3914
90901
68558
73929
38049
47261
74478
76688
46907
31080
3027
75207
14900
48694
44272
44182
30444
74532
59291
49057
21294
94612
66035
84792
45721
3482
27564
20054
87974
50996
29835
43173
27054
15090
89728
65097
52647
58564
92042
32657
5395
53942
89922
99259
58239
52863
81174
70763
93198
53428
91508
97087
90510
19023
4181
1842
87380
9384
7146
9227
54397
70095
76616
953
43859
55681
61681
96012
85519
17480
35064
49153
91106
40187
99134
35267
31506
54538
65913
47115
36200
11616
52655
78759
48489
16857
53672
74253
15864
74265
75416
23898
76715
38303
62953
81704
21309
34975
85642
72510
50470
76987
87237
94889
49863
3755
40239
16683
67097
30676
39813
49933
72119
44667
54104
83010
31845
16238
9341
26418
55423
94839
64714
70812
19651
24783
45736
24337
56856
20229
92665
1768
67096
99787
23441
23850
59196
71560
70899
31233
93777
1909
51970
9018
70501
19752
57217
87307
80120
78991
19157
59774
43626
88089
93671
7798
82228
97972
83741
91492
20109
84050
16007
66281
99615
98213
43200
48837
34348
31081
68790
44623
1835
92158
4564
42293
89169
42607
37849
5549
75228
97171
79856
82922
27967
87075
66836
3733
14313
50710
60361
70852
73496
79525
18362
42352
79882
23610
16731
82925
18912
67274
21674
55769
87276
56645
60828
79370
82456
86380
86703
928
14971
4568
62851
74339
59987
43046
3870
57184
65676
65572
59680
55788
61573
40063
56068
53430
62219
44395
71546
9133
28227
25676
78731
64985
89078
38165
81816
33542
74336
81386
26678
2153
14581
6492
74901
99215
36297
14687
52498
34122
71990
30567
71266
12210
22724
70081
99503
64630
20584
60335
69466
79252
45322
18249
89460
14702
88085
816
74672
83711
32142
83349
79905
62345
97187
20540
76144
95800
29795
38302
69035
92637
18441
31640
11202
91078
35350
6480
43374
47123
37962
28501
76132
89326
33503
77457
58035
56537
83609
88941
6155
20451
18358
10357
67300
34557
74229
86330
80365
35139
3455
72256
63447
4749
65920
82561
50885
94916
80457
73405
17242
33692
10904
71996
88960
50218
62947
71459
64250
58132
86654
54962
92780
12988
8216
16052
43125
87852
54760
61614
31467
34790
91392
87405
38105
28434
57299
21425
78172
49143
29175
21463
72601
65741
60010
8538
6737
21613
87862
91063
43992
8789
68199
14829
58064
97892
46897
83377
57015
47007
52587
92036
29408
5983
17969
29805
9182
25845
21388
69876
4716
50269
2038
12888
16027
44915
17547
76746
95721
69990
18324
80682
17128
61179
37353
70284
28343
59051
18581
25979
48356
45705
23253
48055
50728
80159
16552
36990
44010
91084
85827
74973
43426
2629
71102
81063
15953
43165
46415
69268
51604
86973
83581
45949
46728
99928
49087
80105
35478
82447
18823
82419
19427
56271
87009
19710
1181
13809
43160
56928
90854
19563
33312
32360
95393
9008
18899
74569
68310
60539
68995
91197
38591
43003
20106
65483
75388
42023
84647
94361
39253
60802
11546
37063
60179
60888
96671
24530
57940
89948
58383
33730
66522
44459
20355
35790
55348
33717
11820
76399
85130
75402
62893
79753
20302
62456
37658
24344
63366
63517
5173
18284
2287
55959
8857
24359
11235
29044
54037
44299
91967
59187
79591
61965
34674
19478
79150
47656
91344
59913
80970
96179
360
84388
85508
8519
15126
91534
36423
95490
34543
34878
69260
95720
44417
1999
91787
17133
14008
85595
76479
47569
64194
20796
58558
57409
36794
41380
68787
57828
1547
69131
60470
97771
40020
47079
34008
54288
16218
70453
73113
49600
14395
11019
14846
58255
16779
84362
60448
86548
43069
85204
59425
40328
27494
58535
14057
42181
80612
56955
22597
71395
14383
49660
4010
12653
54063
20384
52006
1580
64670
23461
80637
24650
62487
76041
18644
25124
28272
48465
45417
14865
10634
65512
71120
51213
44675
67342
71815
71383
9357
81520
78046
56704
99562
45841
12967
92906
35471
59683
43745
11663
29512
7896
45648
66027
88277
56635
5525
55968
34065
58467
84938
72217
50864
31842
66132
1214
25266
20761
34877
98323
19616
29963
46101
71148
42437
99489
99943
77316
86267
61988
40510
94886
90003
14812
63627
25554
93970
9389
41041
72659
40304
9097
32165
67725
86773
81019
2416
30743
34958
34935
53058
30694
39298
89037
90703
81515
18201
73930
22590
80689
14027
33484
59655
87842
15801
3288
13326
2983
96553
75688
21526
55460
69665
54897
83480
11141
82388
29924
81065
273
86183
17232
6601
35633
20444
84036
91556
18774
39655
75237
45730
10247
44654
98792
42246
85954
18728
96759
96125
74205
98874
70855
71126
22057
17691
87445
56904
9050
37157
4387
41546
9109
19116
1283
37
28483
14336
1751
71412
99173
18120
1095
64825
18122
33751
14911
56108
81598
47436
5704
37493
75281
75081
87398
8556
47268
72632
44171
68528
53297
70664
43635
48516
10727
82235
20916
89609
75998
69976
35797
60675
29761
33729
42383
34194
83861
3919
38219
44651
89701
95824
22818
66728
8637
10803
67735
18824
21132
78618
62225
55073
99920
43931
96184
79886
41626
74835
5427
35552
40276
37373
13241
24439
62692
5916
37293
7733
70021
48578
6440
75060
4826
33367
79547
77330
29976
50156
2088
71813
26620
29150
99246
69883
13765
95060
34692
96289
84560
6416
31636
31586
61515
45161
91111
26820
93030
349
82220
71231
6586
48626
12059
79782
11498
14773
14169
58609
73890
8379
52614
14651
18902
28688
73079
40785
17044
20161
45071
72667
74605
63659
37352
69981
36792
30734
57645
44653
346
17585
39726
48089
85086
78685
36508
30094
94622
57176
59526
73662
81423
30664
30618
5160
86617
36901
2779
51094
22350
66679
17597
79537
61100
60151
72300
18489
48749
95371
5647
57604
2978
95026
45571
27718
47448
9201
27894
28929
31497
76787
72733
37898
53048
56129
57780
18572
4482
76747
17999
4791
55143
30414
40950
83467
18073
95708
19955
86520
46066
25323
962
96418
87619
75976
24939
42992
18046
10145
16838
31817
45963
380
521
44928
68641
84928
90290
89929
58989
42040
5408
49905
70063
99569
9343
68145
70778
85808
94796
92011
82686
98628
56813
91135
57665
36519
99917
70337
97790
41475
53775
82042
76205
76805
39803
2990
81901
32262
57791
96638
46708
30412
79842
75146
20968
22740
23551
10533
4921
83029
12311
94975
13115
39409
35485
76063
2361
1475
65788
20881
51589
31066
46504
38289
89074
22019
29420
36865
28950
34776
11911
14661
62892
31994
2392
12320
83522
92399
89621
92496
26152
39455
10073
32627
47130
61826
67098
30613
55746
69095
60240
57515
7534
41617
63149
20339
75141
99976
74263
66151
20516
33157
71073
76800
93229
48153
85777
29841
94567
26353
74874
99008
73012
19922
28550
37524
93246
2860
9660
45051
71382
17352
32684
87557
43757
46746
1066
1433
43234
13891
88899
14769
1132
88801
12219
65772
75497
31085
99965
77219
96000
1187
96699
58021
12473
94027
73539
78035
60547
9976
99070
57351
8892
86008
67605
16449
73523
60814
78073
8235
62054
42253
63967
42240
63227
32365
78733
189
1464
25984
81032
63494
2170
97182
8395
36653
87618
84675
69189
69692
9190
69499
12163
48556
70160
74374
80697
70087
42554
87519
38981
71509
85089
1357
37638
60863
51289
3463
24058
18245
28940
36176
31659
74184
85114
68848
99536
19376
11905
51640
73489
52708
15153
3310
22692
79632
12309
77275
88693
75283
94152
69393
88763
38642
20986
19370
81679
20770
35239
61166
15909
34679
21576
57240
15996
56923
27013
27745
15221
68009
77037
34339
98312
29870
5214
66643
34806
12917
50200
78171
33411
71609
59903
52076
40879
36810
2607
11734
14710
21217
42679
43952
21806
21459
96413
70643
18613
66111
96108
53683
96913
96807
26895
47588
38119
40815
95601
80910
54299
12150
50675
43993
4970
31236
27734
63376
60186
26160
69918
50038
72531
95124
69475
69994
22845
84550
39329
10015
10749
36119
29380
85782
79180
7837
69558
94755
88375
51529
21536
39871
12754
83412
39673
11980
37071
55281
48661
63451
23148
43523
47408
50620
27009
2824
22907
81015
43908
37708
640
20988
32782
72991
57168
92324
883
77517
46079
63023
96207
43664
85869
90834
26016
25459
62069
15055
32062
11743
21360
44958
40037
80175
51295
23824
90638
90523
92851
62015
88828
70395
14399
12375
37521
15736
80383
43594
18892
72188
58781
10381
12581
40507
54658
74836
14084
5922
55529
22427
75808
73099
47763
53066
78318
9349
88012
95714
31335
28701
82147
36219
77970
846
71844
45552
7046
89513
4579
1890
83748
2749
34850
57850
96739
31827
13916
16157
75051
56203
88496
83304
13471
71673
80192
88892
26643
74767
38391
27001
86071
7021
53217
87719
87076
34171
92933
71414
63395
69065
98078
72083
86957
76996
63762
53405
39278
50120
46558
75539
89671
31580
67463
83831
63841
990
62231
20392
45543
4486
5179
68206
629
18138
51784
74246
89503
31975
24516
84354
71814
16275
73738
36670
54155
60938
98223
94125
84576
24119
46723
74481
48970
57978
21803
63319
48014
69605
26249
9225
59004
86980
44019
18712
84006
53095
60483
22026
12766
57797
46843
18957
85166
13635
56664
4934
86430
55329
36069
21672
55984
62618
89226
27684
64473
34062
17681
79469
99375
32592
84197
86639
19757
98064
69366
71074
63905
51583
39245
90269
11757
47831
14533
77681
47485
30485
9729
40277
954
50736
67444
2909
8442
11590
75454
8849
58107
90227
56029
93844
51317
73367
14503
85282
89607
71481
14297
58854
68857
51807
28676
66978
72570
50139
85324
29950
6038
76629
62942
69401
95784
18158
74939
18349
55198
84149
91237
16737
386
12376
37270
70698
51120
37806
42266
13703
61069
45826
59046
93594
65613
15659
1513
74490
72964
31355
13888
38885
81650
59435
73671
95025
61397
13319
43608
49643
80819
14185
81001
44820
14644
46231
42469
29803
23704
73739
71722
68701
24787
17590
16792
32079
26197
24603
24718
26848
48695
46185
58009
29911
95439
87017
57943
81156
85490
819
74100
57771
3992
92995
8709
14324
67958
24441
97291
83869
69545
95764
168
10800
18762
78099
39691
66761
85076
84720
60618
37159
75466
22271
11220
78729
88522
20935
78876
18893
10446
80641
89885
66362
32422
92310
86777
27753
46973
14512
64829
98385
80189
59095
61435
32014
96342
59640
23640
39984
40300
47450
90037
92443
89475
37721
70733
59921
90934
7843
28598
60589
84967
84122
36850
93064
98977
11719
58885
34625
76828
87521
13027
66902
78844
47311
14783
67442
1671
57267
97219
3507
56929
99821
93196
2716
51882
96246
35944
78767
70645
26042
64200
10408
6164
94519
47857
66442
17616
69924
49046
41849
17360
24333
15005
18986
14102
26674
6716
66172
50055
33604
35755
81130
39113
64668
93678
28672
83600
79950
44826
69520
92457
96625
33437
97163
857
80965
49050
36856
63838
19869
98293
34350
40176
27859
84344
80663
39328
6196
39435
80862
96473
44750
1568
19224
94518
37350
36274
53848
65210
52345
3203
16677
97418
29551
34608
54292
63828
91464
2635
62382
27676
96431
44970
59492
8762
94540
16994
38832
11500
49079
3795
78086
33630
23979
42631
71993
44267
46060
65019
63357
65888
10961
10605
84135
34155
52629
97598
46215
62721
32981
87
45813
57007
17043
91196
25281
69850
2077
96556
56959
47445
31332
78003
22497
96865
66634
1304
66965
54289
94022
49895
95866
37029
65599
99240
21545
82950
3540
44083
28457
92862
31462
48752
12585
7873
56104
43299
55692
71575
8246
61496
17968
4365
70848
57920
93541
12385
48766
60780
49553
12679
78004
45106
78653
12870
13754
47670
86666
95972
20153
83054
78151
80279
46928
99832
82481
54875
30284
93467
18175
85495
76208
70485
69080
73021
86125
39056
83570
70107
26299
29391
75770
400
28105
48630
55345
91867
3920
95887
28992
81047
58233
6023
27163
97589
47546
22020
16346
84481
14935
85678
99082
95998
49358
73257
71105
96544
90979
77411
41595
87455
96689
12747
32378
67652
36685
29671
91039
62929
86138
78303
90749
26213
24898
19278
99096
13233
11519
29890
11973
42273
3371
50782
17598
34814
9060
1047
59859
43441
71092
62671
99059
29020
92374
28954
37444
47393
35773
70252
66040
35027
88702
37289
27007
81982
47852
40916
94703
43166
84563
6304
6115
59735
53436
58939
29393
16950
63284
97331
83119
18240
56765
41172
80440
81777
36401
38312
71679
20976
58728
95332
5014
76504
34055
49392
57255
23618
79328
58118
26138
1732
17140
41159
11573
15521
89675
23390
36475
27636
78214
93808
5235
50888
15403
20739
28247
25444
3704
52439
90259
43094
90364
32425
97611
47185
49396
21644
15174
96416
39026
42723
7516
94905
4104
49657
25022
17447
70546
23617
52110
36145
31754
49896
92879
95793
53147
82119
83168
41982
22206
57821
80691
35621
16454
29249
35042
89627
89809
22577
46801
4398
32303
94303
4823
66447
81163
23073
833
11920
85949
80096
13541
70366
60657
24074
30423
54687
73251
94191
89349
37660
13664
8331
6894
51855
99736
5929
94278
58983
17120
98173
28130
11221
77133
70888
3286
77738
211
32177
55359
25789
96661
7064
47899
24620
61007
42529
47462
41749
80141
76790
5055
59904
61540
98811
39420
96952
64091
47639
3154
7594
35028
65067
9184
75169
52470
26368
11586
11525
26502
91123
65409
75042
95782
34635
27517
33558
26452
80525
8103
25752
33995
57174
44487
78250
60018
47891
36344
67821
33386
97054
35924
75351
60346
72865
20276
31661
57237
21959
55121
75764
79523
50302
20187
33074
30311
53960
85110
23364
95517
95597
35969
87326
46193
6653
70872
86120
77836
45603
44208
34301
3105
18058
48421
29887
6956
68550
35148
57480
8041
89073
62052
65515
93153
41509
75298
86301
89729
46483
73044
92582
66201
65340
19736
77208
94588
80873
56389
29609
18769
33593
22859
76476
66527
1823
97939
74330
28507
81618
87366
13612
40522
80547
61959
54373
37216
40832
87508
80352
61002
22458
85186
24558
92254
43105
99023
72040
70579
17363
88319
57547
30420
15213
94896
78812
24236
94271
17592
66653
44006
92385
91740
59451
79146
47403
71998
89011
62825
85913
96842
68852
37219
73554
12610
70830
11461
8514
22997
22522
17825
37770
4979
77492
41811
99155
43289
29356
73490
30809
44683
23622
27375
17837
60215
66567
6681
89254
55891
8481
58910
78548
64443
27867
2708
81205
63785
93525
96824
52764
10984
33560
46968
76084
16031
26409
29458
1235
2591
77018
7653
17988
30589
76676
20836
66023
35210
29699
35412
68447
96499
11579
95261
82643
6585
45799
6131
52773
26373
58279
97778
17390
56674
31860
15150
80215
44706
27771
64403
14354
18773
91916
78850
28127
54494
96923
42870
98696
53043
1916
15480
50384
16766
42576
93391
1423
25206
27862
11940
88433
60531
66474
29339
49188
87509
61678
23801
82959
52618
96911
81330
95208
90042
56061
52148
91610
73945
95552
35914
82883
96664
37826
57720
33987
70350
18219
77893
7919
12300
80195
67166
76394
3952
56507
7093
9919
87168
24597
15433
46685
50348
59763
77529
91496
38360
47884
21552
50866
14578
97146
29815
72882
21568
28593
26983
86002
18612
54887
48697
76513
15460
16797
79330
23021
56055
73387
98848
32499
80151
35796
34882
28244
77196
59757
65732
80758
43571
58987
65647
98245
81266
80220
36485
63375
23823
78032
24998
32156
99876
71749
98226
73830
31955
100000
62458
5493
15296
65307
7455
24393
66714
35715
33505
89089
77644
21175
37584
29168
60171
21836
64019
44605
38594
99554
85097
71840
7874
79459
57021
87569
29603
50492
80413
90498
993
38364
24158
91949
93989
44657
71944
49566
30988
32673
32399
77086
74032
2600
14002
6767
2893
95097
74538
47721
89439
55378
24733
86833
25993
72123
72859
3433
26585
99073
88025
45791
76482
99620
38206
92088
34523
99075
94895
84589
70893
69162
37030
78713
46240
84771
18076
84316
77834
76390
34730
36582
76126
82176
63103
54615
19213
52159
95539
66168
86913
98327
82221
48574
71897
78409
31330
8691
14224
24039
69491
72682
35594
48854
36154
83681
31737
15188
80290
56846
30985
83896
45892
976
50519
4315
57157
2522
70024
7825
3564
64335
30703
42380
74251
19075
60456
28837
40858
25811
19806
16167
20036
51649
11082
38178
19168
60806
52282
97980
54192
31538
2057
62106
87972
18311
78351
80759
80356
21719
82432
46722
21491
98440
35640
46563
23019
49848
89421
59087
77536
33117
84128
9711
54468
13168
20061
92332
75413
38757
56420
69567
82618
98307
76596
18927
61319
22240
16026
91889
96787
9312
43960
42027
46787
10294
1160
85303
81661
37048
43343
56273
1745
25307
98693
14053
30647
71988
46025
88518
99298
97553
60255
99141
32232
94527
36821
48106
98834
86451
2646
34709
61311
33649
25248
62028
31201
3794
52174
92787
78265
81435
16529
47790
39104
59213
39898
62192
17589
78569
11931
70320
48005
57958
80954
74637
39379
54607
90748
92612
43311
8880
68911
40149
49480
68190
58220
5598
64607
57303
24626
79397
52052
47623
58186
19553
62235
20814
79596
10415
92910
77921
55686
71920
3168
39276
14409
55851
84187
83558
10349
50703
41069
13428
55367
7453
84243
60415
89614
96112
27732
64351
61433
39112
25202
70067
63611
42068
86428
27794
49419
51219
41559
74969
33895
80156
21837
14284
36302
30518
20458
10809
76613
61827
6572
90976
5012
12527
23376
86609
43197
15581
85302
5164
54262
53874
26243
82738
42013
76773
15132
74705
29149
42160
28823
44925
64172
83608
93214
87904
29727
87872
70640
14490
82533
40699
35130
32143
86926
94112
35644
18465
13877
25117
56756
29878
58545
26393
30342
48258
75189
48122
99341
9382
50987
20217
47652
63140
30016
42915
22987
9872
92376
61728
85880
23897
45204
49740
66377
19609
1582
98706
84956
30594
80557
2432
39441
52418
52188
70454
79904
59613
94897
92692
45709
23288
2384
45536
29684
41373
30825
55214
64768
37116
39947
10458
86977
26520
89038
47879
70521
12119
75213
29031
72408
40977
49834
14754
59219
82339
16502
78391
15016
11959
24666
61240
71594
94587
74187
50680
43815
96090
99324
79769
81322
44096
87893
15721
19825
63000
74321
60717
28896
32579
2082
31868
22802
57767
31192
13387
12370
64635
90344
22259
83411
82293
86073
43793
33904
3724
49422
9917
25175
23781
73734
91189
79490
94601
79104
37177
62779
26236
85832
12245
46164
43789
28921
83242
59741
32459
45036
35887
94155
13481
15841
48842
28966
77805
26302
33568
35996
56326
87726
18172
97737
81648
33976
57878
10690
82332
74313
18802
18833
55176
2095
15696
57671
94713
60620
87659
611
3637
85966
19346
77830
8957
63909
91669
13656
27232
71959
32611
25662
69464
9024
35607
8740
45245
3656
36638
35622
70288
86146
71171
76088
61368
84166
94626
603
7100
93338
83158
37046
63338
60126
67709
62765
9826
40092
78262
69115
82120
58760
67170
61946
44481
63752
88635
32322
33401
18393
62025
85270
30572
37088
51531
51580
94010
44134
21201
1121
55302
41009
37655
1155
51601
91559
87937
35624
13344
81355
29831
94688
90608
91370
50176
69075
77931
1799
33723
66711
89724
47028
49042
1042
48680
90134
60006
90891
68899
89469
46992
74492
87933
36888
83698
77758
27656
93155
74369
66531
63221
74401
32997
19632
14780
97529
16828
4684
43470
25419
40464
89496
49943
86975
21133
73885
24316
56868
49112
45031
74397
99870
57892
82046
577
73006
28125
76059
28166
68777
71751
61161
49306
88842
94991
53898
25274
75302
74918
65154
18361
24981
85979
18749
54019
28514
68949
50714
87761
86228
94114
90294
78522
35374
72183
31148
26967
53668
65670
17191
4477
84630
33801
9652
1183
23156
22837
57460
74353
74040
80280
8890
39301
52029
46848
9755
18363
57189
42909
21372
49796
69604
34912
24076
18598
31257
33293
83789
45802
40803
98533
81333
54058
38000
16402
95923
47282
60312
2151
62432
62478
39680
95680
50247
40502
63373
55319
36282
19299
72097
51065
24547
56093
67671
75707
60536
29223
59955
10042
6995
46375
28034
59148
12856
1592
54665
66051
79017
44619
54949
54041
27648
56433
88572
13449
42957
82816
42180
19037
81022
85829
51490
14590
12729
48996
12683
21084
6161
2608
55031
318
59839
37104
66873
62743
32761
1525
69840
52696
51461
51314
28906
11142
113
90267
20029
55590
34085
47728
27902
64561
28460
3295
69040
25601
74791
44599
61281
90319
60160
53289
26988
15166
98946
39233
70099
64355
94631
20980
44587
20007
77550
45939
65998
19219
96489
75587
66677
30428
96136
52221
64348
38294
4045
37795
51150
19846
24883
64970
4079
92387
47873
4492
68518
97016
68556
9002
21643
10056
98073
89707
94722
28945
96249
42589
78698
71172
29764
28662
6759
43492
40307
11810
8807
99879
64465
26519
42686
99499
68351
77181
59272
35964
43970
74624
298
98728
98208
51501
10207
87584
87723
3309
21771
58822
58286
68425
82277
56124
79021
71965
3457
39918
40146
12872
68873
99591
96679
45846
46409
43494
62960
44572
28594
59558
66631
61181
84484
74975
19874
16623
67786
29362
78883
40539
67994
19887
67552
54563
26933
23410
72663
55356
8232
66644
96035
83427
11260
72181
3026
40793
77534
91515
61674
40896
15354
48270
98615
32138
11642
7755
75151
22359
41323
53608
86673
63588
23937
19424
85937
86441
76601
65711
9127
16850
86697
50368
9810
29143
17115
71585
44714
51668
42749
13136
66122
31824
23181
45719
46865
1996
84895
73298
32926
54928
7597
4609
23761
94388
56816
68040
60162
86429
91417
2289
15747
54081
82728
69214
5304
8436
82866
3430
9089
23984
4792
68534
59062
28252
3514
65428
64809
5142
61422
78292
8964
82639
65574
80735
90360
57266
22494
24045
10066
31213
94096
39692
65743
33092
77261
63280
53644
33657
17608
31718
54644
99366
69676
17045
958
58449
45275
97505
17985
6337
45282
60868
70461
35735
68748
85215
62167
74706
70849
1202
27507
55799
69408
31959
50496
91232
44510
58960
42279
13466
50932
24747
69453
7461
8022
99629
89101
16265
81530
95682
46191
2159
35431
3921
70583
82665
56120
4404
35854
26688
47313
84740
15065
84304
81477
22124
42945
34701
73011
64359
18863
74525
93765
21274
44817
69689
45958
8700
114
21634
32553
9325
61106
66378
46913
64156
55728
6349
2473
63802
11772
95758
69958
60003
94019
40786
37342
62355
34959
93981
48246
72293
18094
11977
20422
57787
7790
78044
14099
78165
14446
16695
63104
92884
57710
41240
6449
54172
88077
74016
16784
52163
18944
97000
26805
94949
97295
69197
51876
71072
6074
63655
96747
63857
81989
79779
14818
7041
59049
46321
78335
76781
42149
50935
71699
48561
22030
33077
90203
85125
39648
97550
65444
10496
80198
57339
60779
50776
35820
59587
43062
47429
77093
63455
90043
91892
36015
62931
14005
85249
18953
57178
79974
27033
42441
41396
81496
97300
44910
12146
28480
89431
50777
46749
68327
28855
34690
37887
44724
88458
75971
11048
70541
91860
67970
74274
22055
85598
32570
44338
83848
61370
70732
8174
6448
60591
90148
74328
84334
34449
13349
66755
31223
38763
2184
59102
30939
1684
25953
41740
37668
70172
66754
59042
53645
53488
26101
54836
46606
82936
53595
66622
30951
87951
88150
19498
71127
47557
56446
60259
5968
50002
44365
43242
415
62771
46300
29461
12186
2220
32601
72092
18630
73440
59783
6067
51285
95093
10454
58791
73455
25695
91216
26986
39590
26193
20340
7395
86306
27361
32534
32755
69826
85264
96554
85806
79125
66423
49784
26695
91812
38491
21696
55688
57384
6576
13857
19844
38431
44870
68594
51147
58916
83812
53867
10020
97476
10914
63052
60727
88328
44078
4935
27853
69738
72812
13634
59330
77203
53224
68004
93117
17607
18737
54506
4302
94826
41239
12634
78674
501
63552
80146
78047
66270
1836
69339
54088
4473
23500
77955
74494
55097
41946
43808
18886
88677
87335
82063
15455
36248
14044
10518
57684
52641
69725
73487
70318
86454
2169
25394
26590
60031
93682
12977
65839
46119
36599
95681
84247
55061
98646
18447
40339
92082
93939
88774
57675
97342
96568
26794
60100
26377
31979
93865
85025
15807
24242
57809
61711
47821
66683
85256
2689
91242
73505
11324
9064
18167
32471
18137
73158
36857
77900
8015
30401
5671
42808
58536
18943
64449
79179
96495
93517
54352
50435
4294
74684
28691
51071
90087
27806
1265
7812
58883
28378
24201
337
30034
16768
68335
77038
19101
35243
48303
65891
26129
68151
70934
68629
45947
47722
52369
97351
24565
57855
19450
10475
66019
25812
35502
210
57479
44917
6507
49177
9683
12795
30778
95650
45525
57539
9707
80223
93476
33452
19882
97897
94629
15007
50239
55076
98389
84277
74440
93925
47265
72277
12892
80371
25961
5829
44707
37602
71046
81004
68843
33492
47032
67062
86674
38254
51290
43110
34093
18557
42922
93329
15273
91484
36759
74849
65148
91685
23686
51327
85555
96892
58833
39065
34251
30957
80630
8916
57728
72541
98569
8348
56111
34981
29256
83404
61235
94244
49574
6306
73181
50063
60915
22435
66817
98506
11496
7373
38964
24063
65576
35994
13411
44715
80804
47459
27377
4144
73234
48824
58671
83041
41597
47530
86649
17090
91617
38906
95375
86447
51549
54151
92838
23457
90275
72703
51884
45164
63115
61727
51716
45583
53547
2957
4310
28579
82562
79285
72912
84694
38873
91364
90825
25236
56890
76985
45506
71150
27234
48430
94301
57694
40438
17815
35305
26494
2109
86094
63036
58441
58061
99686
117
25161
15368
34017
23211
53053
418
65119
18717
91930
91155
35929
41080
98581
57968
77118
85561
70908
14980
28706
55368
27962
44773
10912
98215
51369
97161
51339
54794
16287
4263
38929
41132
52379
33983
46925
16549
84791
75613
35521
55752
8300
50213
38395
9066
98699
89385
7144
59302
1893
15159
977
66470
36009
55900
60825
57950
53182
9539
25960
49108
81757
6976
32497
52996
74739
51863
6617
46656
5125
39733
24744
54757
43290
87301
78823
16777
55625
59421
92895
33829
57059
88705
21473
15337
72317
51713
10667
42394
70091
91444
1356
49942
43644
46307
78650
24698
77737
18276
14988
26578
4250
89999
16068
3776
15491
41352
49236
21482
14969
86296
67679
4857
89111
5464
68012
91538
43616
68631
19531
68317
48115
27430
97623
99363
49818
21087
30620
12387
1230
1939
85689
23764
96874
11342
98791
9276
66264
93377
2434
2790
1154
89660
99911
71076
33902
63815
74136
19014
78974
55647
20057
68552
10921
16444
6291
59437
9003
53658
90757
46792
57146
29230
92029
10786
17398
683
58143
60518
31884
14709
45788
24575
82116
94834
65771
39428
57205
19903
82438
95993
34722
97767
24691
6673
85466
87364
68615
64187
10820
44828
13187
33354
96642
6468
68173
46617
2878
69297
55730
5541
20051
45551
3412
63985
20687
13226
31501
68035
73666
77103
77273
40682
45123
82787
10215
50506
67815
95098
19361
53954
11184
82584
31717
45733
77521
26918
31662
87481
76378
58528
60658
87935
98279
73259
90935
86979
48376
15751
53993
19619
34369
68118
79551
55738
2042
61233
86830
35454
66868
59136
60435
43245
74453
67122
57739
57834
32314
57839
69108
32910
11897
90520
83113
55520
73142
22353
2317
28874
40524
60612
72580
46455
40127
42159
96370
80191
57788
97097
51578
81828
64806
65061
25756
1422
84844
11587
3326
41771
40839
58968
94678
2984
97269
65295
52293
96479
87921
66273
4476
58828
62191
53705
43693
66850
42937
86954
54334
60517
80595
6902
80127
74189
26690
71406
88413
44505
51238
86184
59151
89845
93021
71303
64783
49290
34986
93019
19231
1188
72469
59491
64286
27944
96003
46824
22096
19582
42219
76726
72352
23097
74770
14699
92552
51152
35565
75186
2530
21808
22037
51379
96441
82530
5241
6852
67913
65099
15863
8550
10537
17730
24470
27202
21940
11303
61665
28121
30352
28552
40624
34058
89301
31381
93519
66384
29382
72269
3857
94712
29791
860
46641
53218
69056
52000
57170
92670
74485
49021
91614
19395
37340
76424
75832
58889
99493
18610
91670
19167
71658
25509
6891
8664
9859
32116
28986
70500
47739
75410
13930
67576
54787
96597
35889
37647
24404
89571
66614
27162
3054
66237
80945
5985
6141
90340
83074
73675
89045
51028
10846
44655
26696
84555
85080
61271
35698
96384
30459
53605
30636
6804
66564
33776
17056
48881
15484
81970
74382
52638
59951
25203
84901
34676
27726
33246
80328
75710
27649
46595
24550
73832
86647
44056
20104
56175
99560
50217
82815
3843
69612
22858
39809
21641
9107
24061
31008
18305
94074
67404
37659
62065
24198
76561
18057
17083
6339
78133
44960
25588
81494
18203
69179
14442
78104
13282
92288
47874
91168
22820
22279
50194
50698
32881
91564
99313
45600
82517
52667
76410
17587
22358
64773
92833
93928
40362
63956
67000
64706
29237
63824
4670
22393
33867
71322
64900
50313
84593
85712
12932
49606
46247
81248
81796
46473
33796
37218
48346
44523
63977
32943
95364
13171
93719
56173
81292
13515
70330
19114
96660
66490
51497
46472
59847
70032
87384
6287
648
69399
92202
10393
94954
29242
59999
47750
40730
52196
94207
7022
80994
88340
61924
71317
31836
33510
4414
68548
1000
68605
18516
72215
97770
62258
71278
92848
40536
14643
4355
52072
68139
79860
4958
74859
50182
79478
14906
87698
52954
63346
61439
74784
34206
48631
30421
48617
76875
56818
73639
88781
73339
49269
5477
92431
51376
31965
54951
40025
81643
15729
40944
4112
77650
91577
37583
60484
38399
50007
92440
86337
64002
19567
98209
19862
65561
96785
36457
70349
46599
61536
91087
98348
95592
85353
86076
35227
45523
65773
14814
11250
19847
31075
34898
25549
88656
22790
97840
12692
53823
57521
39479
78887
23504
81344
70408
31590
31265
59934
53771
28877
55528
7702
73482
14037
7729
61276
57501
48025
57488
25382
93918
49805
79990
76692
38717
58209
90540
62110
22851
97969
54358
18781
36202
62979
64108
8527
8953
76930
19507
25795
5177
91210
99317
79232
45032
10284
78821
91649
84015
83493
52878
3774
6351
14669
22161
35573
31690
69242
33418
80005
27255
35293
7506
9059
62048
46634
14476
37546
85463
71823
98218
17389
25028
16993
59089
99691
53162
3737
5558
58583
41290
34518
88258
23451
16345
62014
54577
90817
37600
94217
8074
71976
1376
71339
22174
57070
98657
85265
15390
65301
33719
67773
80423
18265
95954
41609
31409
23616
29900
37180
45530
149
7855
13025
89299
1427
62564
37027
3559
53835
55893
12871
33526
16989
3796
78069
6210
95920
29045
30368
42198
37839
54385
63264
388
52597
97406
35885
52701
83240
19494
88021
69880
82409
56975
70315
82616
34497
13329
60271
93990
70736
66636
75214
30390
62685
3576
26806
39965
96962
13200
66895
86992
1911
37630
44526
71765
95965
69540
33089
93927
15
19751
17829
92727
29986
88227
80684
96936
70697
68772
24128
78462
62164
13889
42297
86246
94002
69623
99914
73043
89770
32675
8189
25233
28428
65173
63524
12666
41293
31881
80791
72598
90402
77202
78410
15773
37558
85981
87337
6039
77907
48702
98391
72665
68838
14408
47055
88017
54743
58553
25487
63330
14452
22137
27784
8586
13740
56772
15472
4663
62802
3164
64214
4229
43954
24982
79675
30962
22515
33255
63
39709
98916
14675
37228
4546
70180
76013
59827
60239
71521
82130
11215
18998
34648
35439
82459
12052
39703
3281
51223
24769
59361
88022
19126
89416
42438
1110
70910
64575
46933
51127
69590
20652
91986
43686
39939
48390
57519
98331
15466
38980
88904
49373
60563
73137
4436
38161
57062
4883
78152
1660
80661
31755
50886
79824
61631
50697
39799
15021
29043
75689
9458
98289
80337
7097
68968
55958
32631
93776
73314
59908
17030
57632
70584
97139
61985
9785
96890
37858
45558
64087
45980
60318
58689
39720
70850
65686
46921
80406
16587
5492
21012
64503
56109
23865
79454
28732
78184
61517
64641
42487
56690
6905
12010
3699
10488
80048
82793
19919
5787
51076
34513
56381
55186
1312
79085
34795
16357
21912
27833
23717
85430
93125
24515
69032
4508
47587
84578
12420
90666
95881
83823
43260
95779
44530
81522
28057
41169
5600
56131
56588
34951
31097
40231
81414
96388
48323
16904
13156
35278
2115
49626
67985
98724
68338
86240
61228
40523
96424
34091
69979
79033
77532
26885
40906
80278
13589
65944
82600
43949
34158
69156
96354
81035
19
45554
76609
9352
80322
3660
80610
59810
63145
81765
46880
79710
1032
9507
32743
61207
11061
17622
2376
75208
29675
76283
83877
49185
85290
47682
25353
84653
44545
13506
95130
66255
9896
49295
95126
97330
16991
70567
22102
90482
59441
27272
36209
74270
45692
61388
89931
99331
64343
97875
36029
98541
21115
96306
76257
79706
17060
59131
80508
26987
54115
81825
55381
65479
8396
75407
67755
70044
6091
95178
15165
72193
48433
51996
29618
30062
63209
20902
12216
78210
9054
85274
7889
23167
13764
50684
25723
38911
44649
64092
61009
75604
14202
47365
44812
54758
23205
51539
26818
89185
16135
87558
36712
62093
12575
88013
32224
60190
64849
17364
75429
69046
69912
24907
76780
58183
87633
66228
29619
41600
2372
64033
79303
57581
53633
72012
67902
2405
55636
53895
94491
35704
99839
78064
25326
47686
44624
54415
98631
72034
60017
78973
38208
23458
10248
18038
99740
51072
70921
9592
662
57854
89904
90291
42282
45311
27398
47804
77047
33139
93609
11416
84437
85206
49919
52382
11544
93199
51538
38668
88207
44131
21081
52610
76678
56224
60511
57691
49271
85800
8703
94299
81257
87912
68489
55433
69476
38228
67479
1674
14001
1712
80264
92329
82799
24489
69281
90994
64947
29255
28348
56815
46465
25621
34756
1156
74006
42231
62867
99989
44921
77753
44358
57253
45557
99767
40925
10795
89750
44645
91636
63741
86642
14731
34406
37911
58434
39134
42018
48331
99151
65985
8642
64790
59067
84779
55911
75881
77071
13278
98950
57386
63325
73631
47837
95591
25555
49004
17461
29829
84579
72984
19382
52274
60490
47152
29479
76290
2931
69769
80813
39156
82774
82203
30410
59449
37780
62658
50669
18456
30843
23007
33811
58296
31372
32704
54989
83863
95904
63391
83237
29394
41642
27733
52957
4252
93220
96242
59094
50711
44067
72673
10467
50060
48449
31507
93731
52356
23043
31107
45809
31198
28436
73477
29650
74168
16889
51887
9168
5144
76425
96551
91587
21826
34303
58812
99105
91574
89406
24262
65102
11249
56560
3586
51228
54695
15217
36654
66234
48091
91784
10954
7840
87515
7110
59816
48730
68500
64396
78590
17949
17255
60927
13776
67223
80502
39267
56397
77451
26843
22
23566
74170
54302
15596
83450
15327
93618
30665
59872
87041
51368
95309
35809
71163
75793
56405
40442
81949
63887
15121
45933
35014
18068
34881
23877
57875
91015
58815
93124
52884
19730
58502
38430
302
97865
75690
13489
8390
26525
59010
58834
4686
95955
96757
8555
25661
80588
11264
60866
69054
68559
96476
97103
88552
58891
29535
10252
39060
27762
13498
66344
28566
35532
59794
11614
2022
69586
17964
393
70981
71350
15785
26515
56020
56746
97145
96878
11493
44814
20597
83345
87595
38508
45842
85376
78856
18525
9836
88463
44616
20077
92626
95090
6721
55314
73867
38830
21380
41966
27882
33352
12392
80564
47457
49472
23370
69148
98410
38794
27248
20899
51201
81478
56190
4824
85944
442
64040
88095
15085
69298
16893
16143
1699
18821
25448
12355
14007
63016
73409
66184
71518
64689
29806
50912
27105
50720
32700
54367
58477
23075
17316
5878
4805
7390
63610
14394
89756
82609
76607
20944
78146
10024
9868
40198
55483
73065
52272
82558
69005
37776
66365
64554
59197
59077
24510
43803
76243
2426
43159
14356
69832
29188
26680
61043
37002
20812
89874
38393
829
36132
16330
57346
58097
56681
67021
93328
80838
7981
60372
97140
31913
18252
69988
82986
41647
66371
29101
75478
83827
59318
29347
79578
53994
90061
15458
62277
92703
44123
82537
26963
82556
94594
58079
58374
16175
67591
7907
51485
91389
38783
60243
73717
42796
21922
65490
7608
32310
45666
25710
94616
61986
83295
63698
52857
95692
90168
37194
28860
96252
82244
17173
67290
15161
73231
20884
52083
56040
4674
32486
53486
83904
97561
2104
3014
5478
42961
14388
66211
57134
26308
69073
25410
86545
825
13041
52950
86736
20904
45573
66618
52971
2770
58687
12652
95460
74131
20081
77089
69942
82549
45752
80287
50262
87000
9420
53784
71175
85819
32792
43625
96423
45668
28562
54481
98320
66623
18913
74543
15935
82624
57473
55663
82779
8772
9504
8438
17183
43982
89498
75781
85217
6698
91693
83835
34437
87768
23722
61733
68575
56067
98412
21467
11417
20599
22080
52467
93737
99937
33015
87225
7309
69415
11332
93943
155
11662
54880
33710
10604
50474
14112
14264
30093
25616
80781
55230
12797
60944
68656
4860
12169
18890
61793
57327
76702
18366
43128
28668
71255
21039
78038
88551
21086
88176
42290
77427
99427
40506
38398
50025
1314
58360
81394
66989
27810
10146
9938
53114
80895
18575
64360
82152
53791
40718
77876
32221
28289
68468
16324
83895
59530
22143
26139
30716
18951
55086
25251
1289
18686
12912
77136
18677
52640
29555
93442
91010
46689
88707
20012
40901
98926
96355
91331
32390
88865
86121
45363
52071
84592
69134
74224
61000
65413
3240
93261
93142
13248
4850
11017
98592
67430
71745
80550
88237
71622
41493
59681
13043
54032
64536
56946
87208
76967
92211
44527
52435
37678
45807
8808
8107
36532
12898
90258
45080
11873
59531
86592
64723
41935
87191
41886
87269
47204
21112
75526
90081
53176
69303
24572
10239
50565
38413
71449
11222
94226
50091
95336
89330
30725
76360
33005
23173
65107
70110
4843
29635
19620
10211
5814
22985
29369
63898
62218
64844
17160
16781
94148
80887
34175
791
49015
31548
87421
10196
97412
68299
14418
84518
82930
1310
64428
62335
28887
71923
72179
6036
36502
43398
62071
70963
57332
43641
11552
83289
162
69240
93599
8466
92949
30431
69493
19195
51107
36641
63539
56156
69125
15731
45921
18990
41981
6573
29799
95838
96336
35966
51475
76708
56691
32275
25552
20728
82697
90943
75551
77678
29144
19605
78564
66500
26764
18419
20140
3264
28005
7584
58783
9500
20799
45803
91902
53903
59446
71680
15045
41200
94313
94256
64629
89575
72113
85164
13408
26311
20484
15588
15809
57700
24183
67394
90074
11280
52871
71368
5271
30672
17487
7862
26486
11515
48414
72551
67770
11725
10928
25077
61379
41412
96497
15754
23598
84261
51196
76381
50904
81476
18162
70770
50317
18988
74038
48733
66200
51503
88384
22717
89884
42787
7735
57529
43680
51547
13071
34125
6183
44612
86559
91418
88332
7973
48157
38956
69657
65372
10548
14511
559
16471
19082
69541
51474
67319
5696
38825
35960
55716
24617
19339
75004
68406
99412
11712
47933
5367
86047
78727
39114
8467
13707
5970
28544
16086
69584
98272
90483
35156
48257
95667
37621
13999
79579
82906
31171
12717
30538
30791
37221
39503
41715
1598
89345
43702
27180
84597
51630
86119
24946
54076
93054
53655
38967
62137
53489
97398
4944
51775
88365
22487
49749
59166
26037
33889
7673
98224
79083
80090
7816
32527
2658
39040
6134
30759
67235
74674
56823
72403
23804
94774
6777
65890
55087
53088
60948
97908
48658
18609
48799
5586
17421
60891
80135
75899
55675
52352
76755
40773
9781
17177
98205
96094
11791
12937
10842
65635
7870
38029
62490
76599
64074
83355
16548
77827
27687
75444
75049
57012
16398
43049
51345
88553
84336
75341
84410
74700
85881
34481
40557
65882
22490
79127
27790
36842
50894
58807
27216
68341
7918
46585
50743
82070
94119
21220
25260
71238
73860
35510
94744
60141
44896
60323
91288
90352
99588
93306
55037
2064
41683
89644
42066
22470
28595
39002
50656
77169
99563
67038
88933
32401
49102
55888
19723
18972
22478
38574
40864
36659
34397
75204
57142
78354
61475
86892
66376
92471
5883
59682
13210
56902
68939
81094
53881
67355
55931
71254
51806
55797
40315
90191
4875
92026
17766
5232
94909
13942
89962
21590
23349
80657
51921
761
88889
84940
47218
7630
39423
45309
28822
38177
75574
61717
44429
40125
18528
81258
15414
36626
34947
26617
53031
73419
36260
69220
53375
27411
79356
16833
19220
51030
11241
92121
14190
82733
66293
89840
40039
54762
72007
48462
2201
32526
37760
11706
58448
5599
61406
55224
29912
93676
94784
45960
94785
51569
44704
94394
9346
29697
57129
58821
64300
63486
36658
92571
93669
59114
27368
54196
55118
71456
30076
19637
48538
64821
45389
60744
98976
55757
90298
8833
85693
78334
44140
23442
10897
8518
19595
33146
80045
12523
99051
48360
88578
37882
39316
77149
21387
94911
78461
39829
84222
38462
9902
91284
22609
48944
43691
39592
42135
3804
76742
35209
5474
68334
64222
58880
58707
95526
72753
34477
31745
7223
644
38324
36995
5836
96150
39437
73353
22131
87859
50535
13112
88201
55638
18667
29192
58131
74009
17495
44709
83699
20585
77546
86896
82209
81402
86395
76064
16691
76057
66300
49494
50373
36829
14973
74629
29796
24538
667
16003
89156
13748
32433
98593
26944
98153
4623
58431
94818
118
99248
38200
57225
32736
79094
68452
36001
23912
99126
29853
58451
47897
75968
19921
62313
22232
99372
74646
96652
43331
74434
53984
58516
38477
84396
17686
98301
16050
7751
46105
54618
61868
75841
5404
45140
12687
5237
5048
66555
87306
92954
21301
62897
91238
19833
274
48154
92893
38021
69026
1385
79041
78132
79387
91904
99510
99001
90972
43316
9718
50721
70603
97256
81608
48451
5497
91968
43977
97162
34916
77291
45188
91651
54977
42257
26194
88456
3292
62229
75584
53796
40826
43092
72411
59715
4335
5416
81746
40905
79342
37687
62387
46080
16241
35030
75548
220
49
65981
82279
50104
88646
41721
7177
93048
30035
25333
30489
47894
44971
43076
21485
25447
9305
71204
8202
37542
4257
15782
74466
67748
46997
8243
81842
14331
97201
45067
63607
61725
14149
61185
25562
51528
24434
42475
81247
52018
54412
88908
92758
30458
13961
41008
85643
65593
26601
96604
23711
58196
30841
61346
20206
49781
87501
3876
59179
29374
28156
60199
61838
82133
65751
31229
16048
91458
85163
6336
19358
22338
34860
15557
49892
41969
24053
63467
29703
5933
66758
62656
52602
71183
45007
74520
89410
23327
22050
82524
23371
11625
44084
15420
3409
81861
21638
24318
23272
52303
21848
81887
69182
39182
35817
42028
48800
7030
7727
7758
60724
67425
98015
97696
38042
88956
13844
50578
72003
27934
14747
73493
3904
33129
20614
31797
59370
99907
31552
18407
85622
1925
8640
98741
949
9327
19954
98803
12408
68304
91963
22431
20953
52509
83008
79106
37886
38298
93262
84790
24523
58137
62293
62183
11867
87571
48028
71694
62575
61637
22314
81193
68246
77507
58766
1088
38639
8169
65536
84457
47674
60310
33989
55743
55621
9953
73608
98992
57804
80961
97945
28427
69151
14898
19712
80920
76824
39554
56801
58234
58936
7851
12181
95129
55654
12726
4580
84836
47904
28876
40550
726
83354
45532
2539
7421
24046
98601
63917
7559
62987
81589
34424
80167
35971
69681
28756
24651
49254
37312
86434
24212
32452
11669
11358
54631
55318
85228
43451
12495
51964
9701
78687
22464
68227
54066
8394
29493
40666
86631
45025
7126
86655
25425
82822
50689
53751
30812
43329
55558
91185
59177
23968
98760
72147
5148
1952
56445
40719
42194
63256
43015
38336
74498
38218
4993
22530
77195
12493
35849
76030
92858
30404
31725
41631
69765
65314
60994
23653
28298
26973
36884
83042
85121
1666
36133
51217
30867
53216
44975
97164
15364
32368
78696
8564
79408
63529
42644
52922
17913
48608
5093
13662
36420
11541
25262
16278
17839
25075
46055
90045
11915
13549
11641
37242
48588
95898
73735
56616
69063
35586
565
43932
94157
81666
86784
82719
87454
68324
30436
82710
31927
4928
2513
32884
16069
40777
29337
27226
77019
85803
92479
71041
79256
94581
40206
33204
82219
4187
39853
9009
94110
62119
77952
66437
75417
41337
44663
17167
47310
3583
45324
53236
46314
66726
63603
42496
15876
38240
57726
92217
99352
73001
46048
11666
52199
45424
34037
18044
55455
24802
42478
39596
52870
30125
40108
97800
33654
22519
3840
7746
21687
30003
66042
64369
18518
63969
1689
48934
4578
63058
95310
94749
54886
45160
49410
87505
29527
14986
70718
37095
34867
70037
91585
93446
59749
24901
83448
31297
82059
58025
68331
43819
18938
61130
96194
62224
63348
47731
41953
63444
31910
54313
745
68203
58420
88788
20568
33916
30058
86826
80234
38818
77856
85305
61074
60552
80809
11305
85350
9450
95676
24865
93111
12823
6491
80914
48296
64717
10791
64916
94701
54246
91686
14866
8933
81308
34817
38716
33428
41729
63340
73724
28572
97231
20762
88976
53514
4419
83520
26055
25565
9159
26355
79876
83115
27
3130
11363
57837
3133
87819
12712
61251
83928
79660
94489
46519
7154
93547
11224
62459
31169
92163
81385
59842
63167
11861
59040
35324
2037
43040
14615
80575
25340
62409
5825
83937
18288
39386
38996
89266
94192
60438
76385
13022
22532
25291
9396
82908
37895
6984
55880
44836
62919
65935
81941
86397
15797
80984
39250
30399
43214
8576
90867
39940
29344
49971
41432
94730
33267
11038
40508
91595
11889
32752
75367
46286
96313
4691
79570
82521
82237
95266
68383
44098
49928
36818
82125
32371
94529
39453
53631
87189
12336
98630
13985
33298
74407
18150
24539
56613
52130
90856
97077
23055
15906
22014
33016
85465
23385
94850
54293
29690
40194
45112
89462
18650
56016
56403
63814
37718
83952
90004
28776
41075
35270
23392
25415
64705
25599
2639
53745
95216
88225
36374
75742
6462
48975
93266
43867
76583
19061
75947
27190
63651
10246
47563
48205
27751
2663
21932
4515
91688
7297
1355
50812
39132
65831
59394
57755
9375
63736
9316
60996
22194
71030
25566
53196
81121
65287
39080
49935
80983
45269
70499
18764
71688
32840
73480
29656
34902
3510
89920
78662
69340
67563
16206
28633
79201
72571
53687
54450
9544
50690
88234
47631
20778
87683
8197
56950
9590
56237
56408
6366
18708
42747
41407
22581
17200
71646
2157
98869
48245
48987
33622
23286
64868
55012
24017
27273
99450
24780
9889
12784
19805
15209
48513
98148
69534
62963
35168
23445
23289
88407
22660
53363
51693
47034
48692
82283
71446
3661
72511
34785
29506
88162
58517
64018
69813
90599
90041
4056
2155
2471
86882
48221
27781
14381
13139
44833
12442
37169
54926
56166
79349
93692
513
12141
48618
6439
64504
97244
46872
87141
52772
50058
95646
52399
63015
52099
18106
84709
2617
86862
51859
20132
60632
63638
68183
41622
37474
69546
16747
67905
17714
74568
34803
78723
88969
89401
40138
15993
36669
91653
8781
87482
46529
38221
77394
58754
25632
19839
56488
28780
45341
92497
14897
11550
76712
61718
42850
17870
35750
73817
88439
23119
40561
87199
23845
50548
694
58280
91817
47383
22139
86555
52314
33487
55509
23329
19596
93245
39646
52534
13783
76349
54630
65901
2079
16213
23966
81886
40321
99197
77192
90022
58301
57763
77410
60789
80997
29313
87429
35958
83885
53478
99335
64570
95259
46052
83792
67663
11689
18377
99517
27896
32090
80024
28191
2098
42741
73963
73503
96357
69853
42045
17655
15692
1900
44578
62238
93360
72100
13052
67625
89016
41873
7777
84011
39508
44047
92534
51968
51337
86112
83983
71624
6255
81095
50955
95384
38859
30566
76125
87315
19399
60440
51008
7579
39598
83112
38524
31956
29852
23157
91006
13826
32155
18326
83221
62264
86376
6613
21117
9281
56499
42834
1989
79867
72758
74388
64064
59485
27070
54971
57502
37889
78628
72490
61246
33126
30932
70593
18403
288
14931
2982
42324
77695
78756
32380
65421
26091
53209
75161
42886
96131
3116
40337
27630
34840
17974
71852
85099
62790
87850
1398
30163
42813
72761
34519
39192
86891
15073
7014
30334
36315
33475
70950
98003
5257
92501
48622
49200
96526
39807
60135
1678
69448
84259
81594
70299
57605
90320
81194
54764
3591
78927
47066
8139
86521
87642
76077
38896
29421
34963
26198
60121
39139
81624
12400
69993
26352
84206
74177
48386
7482
86732
99404
78403
89518
55253
16697
38614
7328
54274
75261
12570
67527
20117
24274
10892
46283
30257
55289
82748
81868
74489
59352
28077
47647
78085
69920
44245
71466
91481
18869
83065
61714
17194
11813
39618
31479
3372
19966
32065
28909
24147
64480
99800
67643
11001
69409
40756
68664
91061
20876
57343
24968
43133
16243
92749
55334
33094
14799
72548
20765
10140
49407
72842
56725
10285
15340
79909
11594
42342
99168
65048
15514
76517
22541
50795
12984
17203
94669
30138
58886
32257
27786
15203
90754
74638
9574
98674
50380
71548
53246
46737
65800
73382
84507
38290
30324
92911
86101
16671
42361
9716
48292
47953
86670
41056
13897
91766
72095
41908
97511
41365
41317
66463
44266
65897
26327
1511
43438
47026
202
84221
84626
7076
8475
4995
16901
8443
57066
54706
84806
48095
46099
77108
36972
67581
16326
37881
33550
88042
4165
75129
31513
39575
60896
7791
37495
95270
40336
64426
8496
90023
79020
61676
90143
84728
43769
94788
81225
70801
97370
12490
27378
31781
26270
32546
23909
80692
10900
89776
63024
27467
15146
2269
51096
99697
80236
785
21155
42034
70324
24139
34402
23328
80509
27113
70011
54888
93252
13816
14833
91351
66227
91647
70388
73400
38878
84618
65329
76450
76016
69285
47117
10338
30562
64493
70960
38366
41999
33249
71165
55292
8951
24909
42552
84358
57477
29005
7842
9522
93920
23427
3103
11354
62914
52160
22506
53444
74351
69321
82094
46979
79051
55671
50399
36239
81983
46294
84285
83124
24672
80399
55432
36110
41777
99356
53866
31358
27069
68845
31720
34392
68602
98326
36232
34205
61987
33849
47263
37060
69715
36734
63732
12008
3606
44130
98770
31364
39150
93259
41269
18775
36436
88094
51352
80817
62340
20048
51857
83276
94154
37862
51826
39815
31350
67916
507
25823
50829
45539
9759
83342
56006
77368
51442
23928
69404
16672
15516
69102
52663
39177
36043
23568
28809
93084
46254
85198
6532
2446
57466
39452
15512
92964
45052
39538
46726
19910
79988
60015
74426
31976
76530
93204
68332
93046
70755
97827
61611
49841
26510
64604
97857
19169
23996
43020
41680
88018
23116
83508
19207
18455
89841
77640
5709
70409
82132
38343
15622
23771
79607
50918
75442
53819
1049
3986
58273
20134
93868
11134
76119
51471
40986
98365
2194
72876
18906
79493
24328
66715
56434
57628
5296
6946
21283
21237
86819
96490
89667
86549
35901
4164
98716
81014
36192
79163
73715
76227
87884
70098
59163
80269
51687
27863
42283
28901
90480
40772
24145
6403
53324
7326
83232
4044
20285
31183
64014
44897
9398
82068
31040
46954
88031
5910
93480
670
84993
52474
90810
58532
37036
88066
75067
58768
9936
96870
79661
31780
17715
11147
42863
21323
66205
37534
25930
48233
63633
64519
50040
49362
33842
99165
55656
75154
99078
65309
46271
76635
62469
17338
85887
26306
93709
47355
51835
89432
71049
59280
27491
61778
5275
75187
99535
35199
92363
50351
74099
89059
55026
59462
27879
83750
32501
15415
41666
61726
96710
32754
56661
58864
54551
17380
4087
74390
15719
90584
7160
31911
13108
5697
64062
1766
59413
55937
28168
69836
27782
92540
78640
54465
37420
84320
48778
96665
32384
63489
66484
61816
23670
61961
71566
26128
25855
23486
78232
40392
13141
96701
99255
85093
84731
22664
73242
56254
66831
56605
5785
39163
25473
62959
11753
88624
800
98027
36816
45024
83503
68808
11375
97766
42048
95992
57937
84774
54991
50786
93463
35730
94474
86910
50481
29232
26379
97588
39369
95863
18347
38153
27019
78738
55664
78352
46810
84254
89484
82750
17180
6961
25657
16496
80982
38910
31882
85618
43229
58996
84250
64081
4375
45083
88687
80014
42439
16640
36137
46513
57475
23563
71924
51092
18200
7601
9575
23580
42859
17519
22067
50977
2377
43877
8081
38819
48271
52558
67410
29623
24177
50225
40012
6792
83430
57228
52116
48742
76911
62596
56162
79957
43909
92828
50527
54863
72431
25836
6361
56282
72023
23070
74118
43370
40841
25403
69693
76789
6506
87402
40898
1701
11695
16827
31002
73607
24836
20874
15295
16825
85185
17059
25348
63578
17995
43439
40052
79208
72546
73861
91298
36584
85615
35099
8389
85078
96838
71554
90884
4157
22383
7866
86411
7561
47201
95555
82872
12596
61011
4000
36292
64225
37054
63816
72664
88920
32264
931
4101
74980
19639
32245
58034
5765
94126
64386
20900
16941
39925
73880
22229
57019
27210
27843
72074
46680
63738
39642
77922
13633
95131
65520
31617
12878
58422
30308
90288
96421
54654
32711
37043
7396
80978
1864
27779
10871
36319
10600
87604
3816
41877
87869
83641
66130
23142
26955
58747
87687
47435
95564
33391
77211
92311
83955
5820
64366
71873
80147
47027
50413
669
87066
7092
18653
31619
43469
83001
76291
54918
46825
40022
42396
14670
79627
81531
67155
32316
39786
42557
54612
66074
28619
45364
11759
59290
12323
84556
11697
81345
40389
21980
21318
95368
99837
61122
82397
7182
51448
12272
81540
48192
8632
50896
83114
82510
49945
9041
73173
27408
85269
12778
62568
17198
78775
38078
668
25735
44566
59108
24483
76402
92696
46808
37652
74775
30248
15561
62726
42897
52407
84189
42738
24487
61417
35810
34537
19413
67218
39219
76468
8931
9970
19146
54997
41295
8787
15263
3578
69916
9835
19373
41286
65236
21725
58357
32540
38362
57592
79637
69722
28836
66987
81968
86759
95181
68253
39274
99840
73450
30387
12411
92948
94780
42389
83718
71307
19281
65707
55015
26814
11843
99119
39948
79128
95489
64948
68569
34294
86393
32967
28314
82019
79358
32680
19893
42136
4794
764
12250
4033
99459
303
64309
87883
63360
29567
81406
46407
32081
16734
32362
29652
49817
71228
20128
22682
2113
71098
74095
56730
82654
72728
51202
21580
19259
22620
6187
56949
38225
94704
60104
85332
78338
31184
16853
16030
83607
53312
94878
65939
63388
32625
1975
90335
48419
63708
6549
92190
67548
80240
36808
4538
41741
14011
43043
24219
48959
39934
9943
91219
9486
41952
82181
93496
26580
6178
63374
50172
901
39599
14396
65023
76632
32131
14877
54273
37978
84491
98418
7452
54605
61720
36341
98513
43404
15989
97405
87578
29705
26114
34203
40565
19793
15509
20002
73984
45831
33664
88853
40650
12211
92085
58026
63310
429
31492
87349
1725
10824
41857
93171
38278
74310
2605
98539
41897
14301
88010
66136
48738
68264
69929
32161
49792
71918
17763
82359
49984
83957
87158
11510
63690
89205
40067
53104
36347
98932
55502
4778
11290
50389
86431
22146
46541
53265
49729
46338
94295
5642
69560
21550
32652
88555
52503
38687
40886
26586
53361
80038
27860
41519
32361
9111
9852
74886
49047
40027
72766
69959
61872
51674
37649
69192
57735
45297
51415
24209
61700
53542
7003
43496
6636
74913
32044
5074
1379
42371
91374
22109
72716
49297
45922
58780
10238
30766
5310
16371
34512
54126
30871
16656
74347
13519
92549
63687
22003
20536
96001
63413
18443
70791
35388
40068
69666
61635
60284
55391
83478
70725
62506
42936
78482
89099
20626
56462
50115
78881
2573
331
17256
19121
49716
34226
45010
5268
15409
1311
76638
61036
10323
40425
95406
57532
64171
70942
43146
48333
20212
99774
62813
3600
59374
68229
47020
24235
20362
8607
19222
24281
63166
93382
34423
69299
23042
34596
90871
38147
73266
2036
23223
97584
84453
82455
84877
34780
34712
77288
84874
45215
67370
12161
99261
47895
79114
29036
57544
73207
49204
78236
75909
2387
74802
13983
63691
31310
31542
389
29658
84817
88385
11750
41628
1402
84966
3131
19454
78282
85499
1498
37193
63720
32845
93733
17523
36228
49303
28983
90237
40750
87027
9934
59553
40802
42892
70746
80946
57717
45481
18673
38273
48348
31461
69549
91590
84384
48916
60012
88620
54429
50024
14186
82503
37309
65181
31308
29846
41379
87471
56192
99606
40970
37451
83498
67180
75089
27098
68622
50339
59419
34136
92770
37376
26527
96927
7457
8276
7109
8837
59694
24873
47573
50150
98965
13810
90684
2334
79958
78218
46895
26092
67283
39901
6254
45148
82289
1739
31430
26949
89482
4386
64441
24990
46545
5141
12262
76510
57162
76210
92754
76602
27093
16237
56044
6582
43638
92403
61854
16383
32115
69304
24910
87660
45130
88093
76280
76527
56872
2871
66226
46359
35244
10947
13224
75549
41189
46926
65355
79458
88460
5513
11261
63130
95205
33972
49934
22625
84257
87540
59056
74754
14311
38354
40582
77400
31315
89903
24014
83959
5348
70985
50259
47193
25324
56383
61299
41890
3729
36629
63721
74271
7244
10004
45503
53839
48898
44766
13496
63291
86535
42835
86790
15592
31855
21438
3104
14751
62505
41413
44364
33362
73561
44229
93700
37527
73038
96902
93108
1640
87592
2723
32060
16282
35847
5111
22828
63084
69082
63678
54287
25034
36982
64159
63020
95792
94368
22286
96036
36460
66383
92823
57417
93942
28715
40770
97544
16370
4040
43562
71489
68411
26929
28800
25849
62878
65782
86194
72085
59082
66459
88847
92808
72914
68492
50961
47570
51412
81087
79395
16095
85580
51657
7639
66048
29536
98351
24210
13360
18400
37854
90750
45126
14718
65450
83519
93972
46374
26874
22608
46315
10435
66024
76652
33828
88008
7708
3100
34443
61667
63046
38404
34899
37782
77519
47889
74266
46977
20694
86810
92878
42178
27736
98421
50843
69147
54594
40603
35551
95586
56356
18185
32580
14060
41429
97118
28555
44783
84387
62295
51515
46450
6877
91020
87167
75931
45766
60777
64193
3446
55018
30330
80338
66878
85976
33048
52777
97575
4241
84811
13199
93389
2488
72681
98480
43198
92460
56525
90546
90567
58759
96606
61176
36702
53675
10313
47812
89273
49308
37248
79711
32888
50418
42695
75797
2631
74931
41570
78665
83266
46402
31245
20475
42720
6251
19931
35986
99635
75011
14448
32010
32498
21140
17342
15156
29498
85362
1631
52468
98759
11132
91901
37606
82871
27536
31124
90765
73816
60175
42443
82448
92122
76455
91623
51367
26694
18235
60926
12413
67483
44697
28482
16420
91976
46139
65463
83309
46958
81517
23593
82692
7835
14821
22370
61269
79555
5858
94951
15645
9845
52790
3127
21770
14401
68051
14612
36270
33703
72226
5901
2462
66561
72710
7544
76990
8925
99903
78565
67529
85854
71819
57450
21125
68660
79174
99472
41754
92961
8845
66385
78862
16748
67261
2823
49583
37750
31249
78722
27942
89158
56788
4058
74378
22630
35353
29958
81131
64150
26687
96447
10154
28643
21599
14259
34819
46184
80932
71418
8356
14939
5341
91715
51777
44991
57216
70055
1702
61280
67899
82505
35759
98937
90930
71101
91988
31963
90141
43319
40884
57483
35476
46070
12985
72246
88268
58076
96032
86877
35857
32300
71771
29243
17672
8028
72382
55920
93121
70971
23945
80820
98558
78616
27551
95780
82725
51399
75484
60711
56793
19610
4498
45686
4013
65195
61650
22439
28115
65619
56172
86827
72233
28696
10540
51746
9215
96430
42595
22088
2807
47209
40957
7599
92445
53200
97994
34746
93933
53507
30022
78383
82064
98781
96728
11163
86432
84443
23227
18835
45646
79345
34133
82849
42061
16921
94016
88713
85602
91300
3885
23438
67924
23574
20431
92238
16664
68982
17639
245
95076
56112
96241
64928
36632
15401
52206
37993
96217
11630
26513
15663
90630
85792
59646
60920
24876
56328
3915
6265
66554
16817
37866
39610
61680
81398
38403
74300
62365
62176
69392
33566
80360
31903
67409
36161
56337
54380
51976
29983
87317
50550
60388
19906
85791
54792
42900
129
66348
19238
12312
70356
42591
23531
71189
11787
92658
66221
657
71767
30952
88857
76522
55096
52506
39535
41571
85676
40792
68345
53673
51822
76314
13899
88973
53648
37838
31287
6938
15920
57621
26959
72669
76101
90284
97117
83644
40637
82464
77564
20199
45180
1450
28262
49234
45446
66163
35261
40774
16289
73727
72187
61597
60569
95775
38387
93071
2616
71477
12705
98562
79717
58616
38513
19956
39490
47208
51781
21997
21099
97636
7197
51707
22071
57660
67720
47762
28724
56153
47182
60021
18777
8521
54861
76645
97637
7999
79153
32054
7200
54565
34618
17740
81260
85013
2094
79544
10620
25495
54640
56806
17086
54788
33432
96201
15471
3867
25884
71519
61485
80521
49231
23812
86193
41311
15392
21409
54489
94237
11518
47775
7081
42524
45476
86713
53300
27918
15898
72066
36406
64798
89562
1744
37603
5374
31279
41347
11566
51239
57860
54620
35459
60601
96114
50273
64582
86864
36213
28126
61286
60376
5450
10788
3531
22796
76366
28537
74919
42037
36206
87596
9567
94166
85213
69964
64743
36684
85908
2370
28475
81493
30386
89634
64840
3883
93950
79617
85315
55845
85090
53479
40797
6670
79908
20550
7385
28441
96175
99265
87754
58099
99120
89002
49697
24975
38424
46301
86171
38621
48082
80499
36278
23366
3851
46793
73064
63847
89909
4098
8485
5364
6795
64173
83222
9323
98200
31468
23152
8315
17485
15875
21008
83053
78576
77749
43865
26829
5334
72053
35474
90927
30522
36271
1167
55714
36590
33225
15870
90661
49343
15631
67967
51672
78233
64941
79415
969
98076
98350
82057
59801
2943
42979
1136
87543
11273
91965
92769
72077
9604
11281
47662
76803
61582
91113
4264
1439
54681
77791
64650
51024
7913
87792
34668
57009
70668
26304
82476
76976
92739
32041
95942
48831
82479
12327
71523
94652
36819
12481
76491
36380
7581
6818
76631
9719
55106
49702
98611
37769
3375
28812
94779
99785
67407
39186
55045
8281
65299
63842
72086
26997
98278
66762
39354
62744
43740
82543
59448
41895
36489
73800
24197
50815
7125
70734
89222
91162
34087
96406
61005
19838
33551
67266
27230
42038
55417
77484
10150
29422
23632
71615
72583
87232
57652
73261
57437
45174
51446
17135
49871
53369
41032
40860
13240
95221
83689
35936
61004
4711
65602
21071
81561
43206
7057
30817
20001
7322
58432
68709
68473
21017
16848
6120
92511
29569
27305
82010
56735
5166
30936
56993
27580
80688
55402
20997
34808
75846
63850
23878
94584
9119
38020
2892
52775
65540
35546
98177
68668
1988
42
39958
87984
28487
61922
80173
91214
84784
82566
84429
78143
39921
87957
83148
16097
32376
93534
80410
47018
16139
97083
62257
72039
41223
72368
48563
70446
19457
11085
50733
14122
77094
36074
13804
78293
63127
19246
73290
71123
53594
25794
8766
64527
58091
44438
17634
29757
3605
45574
67595
53727
44637
93352
95440
41809
15532
88297
35595
79859
65430
86721
34385
1335
20469
83116
65541
84981
93552
72737
18730
4330
59685
91769
5980
63951
20716
97750
44719
67072
73652
23532
65959
5331
43342
96737
74002
44608
68178
15793
25887
29736
70749
17231
59779
27816
61945
48429
51902
2504
37872
96379
41781
51758
45181
66017
87343
97196
31144
80122
64576
25082
52687
61333
19587
21455
97490
45893
71082
83049
49313
8233
54813
99113
60809
11754
57375
80579
45822
66091
64128
31334
16577
80708
56528
46251
25024
9256
11645
35583
18398
1844
9731
83625
75835
94291
84034
19304
50243
12641
18865
25151
61964
65715
30730
35707
29174
27237
3423
62697
22209
57311
66060
84998
80507
5092
15044
45142
66259
60469
89051
13919
10980
28677
96860
84520
26962
46072
26490
3387
74786
5770
25575
44004
8917
20865
9818
97884
9189
55280
67670
87023
66113
82260
92795
32770
15975
89913
5242
20165
16408
83129
59892
32190
60183
46104
22355
55648
36815
80515
19917
97648
73244
18841
55565
65655
94828
3169
2704
87615
75262
24817
33215
48925
74782
24264
86087
38267
53343
59719
60590
38943
98901
10005
76370
74686
93205
35056
11709
40715
82493
18801
90727
17752
95890
56535
56046
15828
2283
35535
70677
78402
822
67395
58010
50943
63957
53476
94679
30935
4111
16738
38468
79716
3792
99211
86748
1607
75525
69256
90770
80201
11440
71490
18742
3859
71581
54806
87689
78053
5823
95079
29616
95035
16
93884
90679
66222
54399
18632
5617
40535
29744
85826
67014
75703
52637
93909
29732
27010
47870
36262
15708
98715
29383
4394
582
72481
56435
11455
311
77914
11516
50212
57141
15310
99732
22203
57248
18655
21419
67360
72855
14247
74113
81470
4679
15913
40434
69434
53388
66343
9378
57283
50758
99104
67853
62221
9102
58977
15138
90606
52842
4819
1920
63220
52444
84287
32879
37859
49248
33465
44226
92115
92732
74299
69776
53842
28773
35695
12542
61709
22192
1974
14604
22415
36368
32551
28020
69691
29312
84141
45866
65852
3532
86034
98894
60922
84714
81578
8408
34506
98146
65611
3424
16298
46126
37912
12601
65685
24111
76387
31726
94469
64642
4703
24591
11279
86266
67863
91531
27217
17577
9853
39857
22182
50283
44926
78639
37387
31079
16975
37682
97236
55049
41515
80422
11522
7857
25559
49973
27567
47494
96223
25272
12796
25842
89307
31577
87179
61336
96871
11252
74710
89984
32055
28583
53450
7208
14945
95492
4836
37402
15704
46829
24480
77345
29788
98265
37883
91356
32569
19155
81327
91751
1229
65293
58065
7774
94146
55366
45006
5174
62749
13018
992
88945
65393
27177
13679
76392
99275
89499
88883
79731
27136
205
72648
67449
3906
93034
67363
27320
85988
3122
71325
75719
39326
84880
72121
45093
57281
62522
87965
47580
45040
46319
14776
16661
65968
58623
68377
60594
66039
32976
78395
89844
99604
51894
96846
12719
97440
54611
26389
23334
16906
51628
63764
85545
4452
16296
51511
68330
85070
92722
25183
41094
30114
25494
70026
2991
48744
78704
59726
33269
34101
37871
55082
86985
33206
46835
76110
6035
28639
56814
80320
26799
38899
64129
16986
79649
26877
73212
14859
79694
97475
9175
85311
54290
94995
75840
43652
51920
98151
62838
86744
88111
49516
14266
56364
4605
6954
3012
89977
90631
64520
90559
30502
17843
82890
56892
91570
50658
1263
29070
34758
87644
8835
30882
74305
19274
93227
90142
58667
60353
23004
38205
42225
48570
56571
94386
54432
71561
40920
44046
43181
3498
93304
90597
86907
96800
4751
90486
92477
61324
56485
72036
17438
31989
70577
34978
51557
22282
30537
2543
41723
22806
66716
46911
59386
87338
8685
72881
57745
8005
87597
46904
32167
98621
9726
4804
16382
71915
61566
9800
26226
77124
47222
98398
19656
64639
47758
90974
15306
26639
39674
687
58334
9101
56775
69271
56963
33011
43444
88699
64540
15777
2191
70754
35762
15097
50814
49115
98308
75586
36039
41234
56415
26887
14968
67167
77682
50847
35018
93218
704
98084
49937
55645
50463
6993
70145
56809
67250
51200
55980
14515
80481
56484
5651
65402
341
88477
39986
20660
61155
82735
63495
47335
95568
61577
87978
2506
66075
59960
951
81364
52463
47219
26204
18040
41268
56121
16953
93729
58988
5143
98338
28229
74082
49955
61719
57534
14059
76373
76053
39184
51993
27012
71352
82662
39967
14175
61394
63907
52362
78537
44504
23620
52404
73672
74690
98764
94347
81644
89068
4954
18168
78221
57589
33494
4416
60582
70429
97525
55219
65950
84864
26222
96066
22711
44631
46754
31535
37383
60617
65369
56239
33488
88418
55411
10558
62995
50980
45369
67172
26232
79718
72613
56411
22689
48783
11087
54301
83996
28400
20680
63328
50766
96565
31561
32622
21825
84174
63216
37153
52299
11466
78312
78833
58227
79801
92048
88504
95223
55410
85073
34340
68778
69566
9651
8750
30321
99340
93226
50165
24081
70443
73808
38568
65487
82020
85426
90103
29195
85239
85687
8757
6578
93335
4071
10530
84164
50190
43611
47323
76093
77225
20102
59321
71811
38856
290
49712
58198
4285
20179
57796
86161
82312
88404
55733
92599
49124
30451
80271
99342
70659
53107
5521
36080
31928
95154
76575
88949
62804
36026
66342
42821
81462
93201
74315
90160
72629
34211
74457
14402
29584
18410
13111
81790
97607
47150
81137
9801
80047
44642
70059
21321
51205
78112
44547
67788
44327
53598
33382
98403
94097
38515
3242
81788
43766
44125
86088
70302
36841
73955
44139
78093
37650
14542
29161
99442
39133
18508
31377
55596
58773
84466
92627
92931
80690
60461
38416
1457
3345
95966
32535
720
21328
92715
42484
84540
60300
69483
49954
9274
49688
98647
89540
37570
84979
45930
15598
73359
29075
26755
23062
50713
21753
88122
72973
90271
70488
1169
83890
31071
63136
8303
70355
1950
30095
99077
8472
52273
33646
80989
75092
83561
4352
61412
13198
9380
25021
21851
53355
56716
84908
18152
56523
41697
7047
65756
25717
14375
59032
47100
86865
60647
96571
7724
29424
94358
77701
74847
67481
76492
20232
70990
69223
32188
14279
9318
16198
95176
30904
97059
60246
37132
30629
47664
9015
42734
72610
61152
76303
52180
52920
17978
91075
80351
86251
47793
92003
97301
18262
37856
92936
49628
45659
46936
97560
22056
4470
23045
44934
88886
78509
41518
89631
2129
48739
55090
73091
44274
11827
69478
79849
7706
19604
48732
27963
25085
62108
30017
81319
13895
57400
35113
77234
21842
68784
99626
91494
75786
54744
60846
92181
83639
98897
72334
48891
70844
93289
28387
36975
17893
41309
13057
60218
99231
59730
70201
845
4245
40407
54166
5442
94739
64776
41576
90921
87028
45691
71159
11851
79668
21142
40984
75426
47554
81930
4968
66404
16269
41710
66099
77075
43357
52541
34430
91289
35024
32011
60263
65760
29400
18194
84291
39771
1546
86821
68874
42604
15566
92633
18839
88254
23405
94644
95315
25440
28273
57781
11043
39491
28469
58187
11808
11057
31664
18299
39458
86800
14593
88830
66840
90585
51804
3525
95640
76097
10565
47024
15936
46356
69342
26088
96985
7606
94782
84793
89875
83653
11609
33534
42940
99071
74442
19602
95352
70962
87621
98638
44334
70954
76219
37142
14676
71766
89835
76021
33757
98681
6116
74275
43024
65346
68789
19560
5557
96659
79922
1756
88914
7983
38914
19115
66223
24270
95402
32492
8260
91678
87756
193
49745
15702
79293
50160
54091
3167
67185
2097
89493
77936
91979
80867
25543
68540
33000
60487
83829
35751
62074
93307
73321
63616
40562
75423
83888
88087
12639
61554
27982
97746
20972
39103
81735
7980
53439
2583
12657
83649
70049
90014
48174
26603
19709
7150
55309
58295
32292
64922
44492
90553
82272
94221
55030
85071
97507
64595
60641
81173
15562
86667
79825
91689
92865
23842
59544
70345
15882
83490
50325
64155
76056
27666
38995
8810
38059
10068
1587
33388
70394
20571
46059
43422
7359
66903
18322
45171
76023
368
65815
56729
92342
77063
47552
27276
75121
57222
98885
64059
3420
8501
60044
82504
14760
15245
8116
62053
968
83757
39707
63671
37885
25701
58265
74314
76720
26255
50078
87086
62445
94376
88115
97375
96326
50666
4607
26203
89408
45395
97755
98441
4177
17127
62764
62855
14561
35959
99915
30548
45619
74495
57060
30402
84927
90461
20155
9068
93486
10013
79530
91537
55068
42657
65780
4233
25454
34502
39089
59388
56182
81024
26614
76505
84237
66537
49782
54146
50851
53574
43227
4126
42375
88618
54279
72110
18373
57014
48791
96850
79689
67569
22960
67889
89198
34412
72404
42499
52975
18619
11811
22808
94472
96385
39988
42586
53922
47689
90452
87905
14850
78497
48705
59773
21065
60428
10951
68765
36579
48038
51732
97091
1715
52956
72462
75747
42445
64894
99133
61497
49496
38802
11495
76267
21211
12474
34875
82915
94028
62592
42466
18794
38523
32406
48919
73870
36992
84684
65264
36118
6521
31760
5809
68215
63473
76472
49220
75270
75425
79340
34234
48797
37124
57858
20933
86459
74903
18602
10419
19661
26408
41062
74475
10049
41366
28835
52526
21385
29713
64384
1138
86360
49349
22094
99891
97644
67646
53022
78869
41939
78831
70944
57280
4761
49398
31000
34857
52106
54980
24504
82977
65157
61466
86313
44115
76877
91699
40247
97786
5514
15355
1617
3218
44643
68883
21080
10524
29211
25627
39632
96018
75307
14649
46618
57558
49780
66845
48127
45823
28510
33906
60845
92797
44867
59661
24419
63664
10638
99469
44385
97769
98891
82382
26015
30981
8902
60188
31758
85903
8763
57393
71763
55196
39547
6077
87392
95424
2255
2251
37626
64330
33806
52234
97596
43749
74297
86321
36919
30082
75150
83076
70174
50920
73030
13066
67282
21661
90652
99002
12230
88002
1526
28389
83762
98556
30946
60499
29331
12869
97922
7428
42605
77826
59521
88380
91905
66296
31985
27143
59652
77383
97293
56102
48584
5636
39238
91200
89935
56784
84469
73785
66778
17990
29450
86658
43662
99032
75955
19673
26875
3402
228
18008
64273
26175
30761
70249
36679
62007
55422
71282
51782
2627
28257
1548
68865
59822
25387
18069
49523
23101
78789
33235
48986
80230
54625
49554
47484
11371
51903
47625
92788
25762
12920
29282
10088
20908
59026
70912
3631
52929
22479
47604
98752
84528
84093
92915
65122
17891
63304
33917
98256
88381
62604
475
9847
22983
21729
28001
44593
41361
25594
61741
29316
51880
58835
59383
97238
24890
77177
77765
85859
92623
92466
68669
33483
76986
29930
92519
60969
50347
56782
49800
45294
98297
86318
5065
24122
50359
11844
72841
42905
60733
42464
6262
25837
20639
14740
90839
31689
85009
34501
61479
26521
90455
93537
17
47633
17767
75592
13345
35636
93132
82362
51116
78076
1500
64154
61023
85730
16147
26438
47862
24534
36291
45727
11378
37983
80614
80879
77349
59472
33461
75658
68108
9455
77548
64638
59878
79203
25637
25089
17565
99825
1818
15683
29813
10607
66626
68265
74345
14180
80411
83941
32158
62840
97447
51062
91354
52659
99630
12386
57568
69625
99112
86004
66744
99747
31571
19275
32897
6073
68442
96920
92463
7947
12464
68052
17975
40473
87222
21216
2001
73726
70626
41578
38074
25376
87697
75034
11774
47802
69430
97700
46959
11582
22812
64146
95376
79611
33753
75244
55092
2519
92293
1635
94411
80178
30855
31808
37297
87891
9821
99251
48353
2972
3489
41168
33045
8044
12236
15184
5673
93012
32647
60633
14171
74125
17355
1128
52760
32280
97595
23973
61458
95421
57359
72243
11756
98652
80514
88062
29127
53912
99451
66773
25713
243
19410
89096
25839
85218
32577
87721
3157
20186
57779
34906
74582
18520
59381
24549
73318
97437
82286
23282
5076
56574
36609
7005
49117
10360
27261
80243
53497
68448
9532
64161
50428
45225
36208
38182
1693
62172
50520
66312
44294
41748
50735
64178
51027
83587
60137
34072
49654
85537
14574
779
58673
68165
28089
48330
5657
64246
64558
78568
30249
97464
29978
97709
42182
42087
36545
96704
49221
26110
35608
84662
45221
98856
21472
57058
69381
61254
12352
911
54348
93804
64962
97780
50852
84509
19313
94116
57881
50304
23350
12994
61743
6609
15577
5428
71878
25076
97612
96116
1708
52414
38567
49476
4023
41326
55035
15808
89060
65731
24044
88195
60011
37188
12414
35344
22048
91734
5259
19414
76391
80317
38216
92593
27908
8272
4769
50360
3019
32181
4216
5448
74349
74195
59007
26328
38458
31254
57001
1382
99643
21497
59713
61194
14690
49640
90954
20226
38045
73821
1073
19900
5950
79847
55505
51232
55299
30349
19056
35691
6764
91580
81885
18501
31677
35999
82859
49956
94088
42678
89293
3716
55840
41784
73494
81554
92039
82490
70019
45222
36512
40245
70013
72422
77739
35881
72730
50102
58158
43468
2540
25441
36860
55683
95723
62607
91573
90866
22006
64683
13225
33894
82465
96070
67740
89620
87691
32547
69621
34573
17811
83072
79894
98461
11451
81568
81769
2987
77637
87330
36928
43930
72787
44857
55195
29478
96849
38732
7967
28899
3092
57155
64149
45191
55070
5725
65351
36483
75734
64398
79482
61231
95878
25894
11610
63999
4134
20305
45305
44796
43965
95171
35221
47811
91839
81729
57946
95197
35062
70744
91821
43217
39519
81129
7930
83659
84268
12182
95894
23735
38172
62341
45074
75236
20328
53890
84785
35421
40359
58241
43812
98516
31794
81562
28500
63744
72125
55415
91923
69190
74043
95379
80569
83551
88905
31231
46424
50086
53947
65995
27973
65180
48945
68727
67571
42953
47551
22662
78179
82355
84664
74999
98904
38038
57663
75869
69784
16916
34528
79682
1008
19623
89167
59182
24340
13356
58251
24976
99609
6591
72978
91586
49684
28209
94289
88063
93185
35775
48021
58328
54220
56037
71484
67565
73759
79311
27822
36871
91720
58459
59605
27548
87082
49865
72954
42213
23338
35330
48710
37133
53962
25834
10272
1630
5693
40942
21648
9790
18289
94274
11398
36306
65922
10310
26781
40433
37811
21386
26432
90304
58602
20271
99951
85182
86489
80814
85451
59653
5724
19365
3254
99139
84834
54874
53012
78294
25042
12786
21704
3258
61534
73872
43989
96069
52409
54159
27698
61409
46203
32856
94085
55754
62443
94595
94004
3946
26771
93761
94378
18170
79810
37013
89189
60573
74680
68825
42450
39492
48252
47080
99547
9279
78057
69269
26779
43144
43183
51464
23829
41820
11818
60097
77046
96656
1177
33794
74077
62667
84228
56325
33097
60946
61056
68421
74758
37952
11122
85907
41273
67796
9577
18026
56003
60551
21368
67892
73374
78755
24717
97942
18584
88938
88081
91186
30359
25286
87926
95334
12793
72324
59792
21213
45085
53156
75814
63393
65424
24584
21699
1494
44733
67265
86560
93604
89933
3740
86236
33317
49726
25556
88135
4343
75949
58527
91220
39191
91519
85188
95138
90197
52581
24096
35275
68830
72270
45651
63056
41792
57478
1071
73418
35579
29
74026
97482
65967
32502
86286
52433
74018
54120
47515
50294
48355
93778
37657
83167
90725
51698
81085
64594
1569
28788
54793
58236
96115
30142
87963
60069
57808
81211
71131
4662
36455
59567
7745
76786
46033
55658
52054
69542
58389
8194
48566
95052
67504
9345
17632
46347
68670
13840
55534
66424
52927
87203
36535
97168
7937
31829
28891
39347
46317
73650
33131
26009
76343
10662
34507
27605
64231
75528
55157
86147
6675
4859
37069
72772
19460
71853
75065
55660
97007
92820
54548
55711
61528
99848
83199
74130
87245
61790
50210
75524
90369
26528
89982
21952
99270
58665
1622
31655
91721
93276
67050
2754
18968
99692
58144
97189
7853
4251
19868
42234
90440
18206
51681
70257
28402
43827
10700
38174
42073
55194
77361
20466
3144
49517
74574
19521
22744
24668
84345
15886
41145
39537
24293
31995
32409
21178
1164
52451
18374
47975
84227
81161
86479
28008
24243
62249
87142
81298
39615
11795
6539
88736
97115
27697
61810
2052
65392
52720
74974
58818
44553
66597
71800
7976
4617
54655
65958
73966
65863
45099
7349
28308
68053
89705
8229
55331
27119
27492
11591
14348
56517
78247
41122
64347
44614
26045
88887
56731
29532
77775
9302
99841
17512
11446
29319
16202
38561
70280
28729
44647
17796
17702
62041
59845
67075
16035
34212
68439
26265
42630
49903
72225
4888
29933
27371
43837
23575
58640
22665
54698
98352
61026
24391
13004
74081
91855
76180
61732
28140
5398
41554
38590
11700
60603
22726
69969
85781
30811
44521
68647
82273
20849
80248
42669
65273
12904
61173
79868
92319
82963
82128
60899
19688
66402
74534
9812
22047
50650
98377
33030
14369
66549
23707
77905
35127
50554
57382
57494
30251
61863
91366
15396
47120
79156
30287
47717
79738
3908
43402
91269
60515
36509
33080
19105
98222
49094
14
60749
86316
30014
35475
3562
97890
28868
98367
76496
67926
54359
87424
8773
14674
84132
20197
88608
77099
70459
24689
78008
63297
47714
54877
39256
64317
49449
41194
16617
82240
10108
21109
9933
34421
17946
23131
68277
83663
30780
38130
66038
23519
11348
19325
22166
71611
31151
79608
20948
45047
6940
4054
45896
14917
26380
75579
12273
31666
15329
59637
37925
17287
16655
84984
11428
68465
44013
93498
30654
42215
35630
83517
42492
4991
47234
78677
91609
71876
54699
19127
44551
9174
5578
96875
99557
76981
17267
66734
11727
95657
9763
30682
45414
27164
70065
19777
38085
21774
39972
88098
33925
40862
77116
42358
27584
29016
66411
84061
56824
18541
81268
47009
60334
33234
9497
12212
49770
68037
24931
35411
58646
60299
25143
55850
10609
22555
8345
9268
68200
60207
79100
99130
30008
74904
30751
81613
29417
5298
93137
20060
5217
75319
84746
37131
91045
41553
49292
674
74988
19074
4558
47529
40737
75124
37783
84727
14688
37212
75473
49235
79031
7685
22307
91388
88587
25775
16406
97954
86511
55454
90873
9689
73629
74303
88854
40895
77285
56980
74238
99125
27970
22437
746
38013
94899
98036
93915
12289
49637
64169
27199
54452
181
26635
31859
85779
38363
79602
15251
8050
63203
36445
31936
46802
24506
24739
77582
77971
95677
90931
46443
56035
2678
98094
58554
50378
20843
33017
18060
94603
64675
80858
66419
32788
58151
5361
88212
49989
42442
10787
6523
73846
10653
67979
95963
92349
27674
42721
63794
28692
20792
33897
79401
54540
7245
52109
34146
70070
61078
82644
57801
64306
56012
88362
8251
17427
47346
11256
47420
6266
85045
52879
93828
84982
18641
54277
66120
88580
92988
79
18509
29826
46401
9779
18693
99543
21744
17604
10512
72275
99776
43790
45801
81178
84028
85666
41566
79474
51274
7034
78943
93491
70569
39625
64644
41409
54858
10626
8119
79923
38715
95463
41887
72211
45402
49229
67915
29115
92061
564
55498
85454
63911
30848
26750
45512
43411
77730
37090
20883
3820
20432
91322
58416
82206
60163
32242
52959
83253
10656
27122
6060
87603
91212
59164
90532
46451
48759
35674
51916
35956
33739
52368
68218
5126
71364
45991
17062
5956
96219
89348
95474
61058
94293
5033
20425
42025
13103
10918
53669
39670
32237
86358
35153
22496
15141
42974
94570
1232
21563
16304
12255
57641
26221
96071
80638
40164
56562
19107
49116
72685
73513
99938
32708
3229
30111
26991
84374
40620
5382
39884
44908
75135
32947
4901
82770
77560
42345
18876
46767
42535
5879
42799
58762
57363
79319
60384
9210
369
26736
50445
93683
90767
4049
97229
66331
41799
8269
83043
27664
79263
90062
32350
51667
57369
83357
99869
86584
96528
67862
95017
95360
41461
641
99702
92486
68379
2007
25974
4988
39874
53822
60740
83396
83991
58415
72432
90394
68893
15646
62539
48395
19881
29490
56849
71775
91290
76136
573
38542
44147
6596
32247
65960
57434
30597
14890
35525
43414
50902
12295
99642
96791
37580
30118
75870
93721
63440
14293
62933
13145
75231
81683
30385
11236
56718
86389
51248
34208
41668
80366
32110
88171
59362
16283
20659
19024
26751
88223
86462
30875
48227
2907
99448
81353
70859
48770
95632
68474
64944
5852
51566
24362
15427
66667
39037
23808
11667
90240
86319
737
64961
4839
23662
18231
27731
86269
71666
45300
70105
56361
62150
66504
18352
84193
31374
43563
30910
90281
21732
14847
54755
23545
52570
20003
76249
87816
34945
9055
52627
77289
96319
38566
20782
30934
47810
27651
81564
40741
59834
8340
94728
79871
67181
3495
29385
24460
67474
94132
47629
36269
46136
93217
99271
3155
45599
65103
32460
357
57181
13880
70805
94331
9867
42121
30105
75933
71166
92206
47642
98052
32710
59433
66752
28478
42222
23382
30579
57713
61013
66328
32290
20749
65425
70632
64739
71648
94874
34049
2924
45187
11941
51000
64855
39478
10389
17544
79538
11245
42511
75360
57606
93631
8904
17002
92707
5057
44824
44666
68695
5501
94980
94475
28138
97993
59201
1052
63453
50255
31053
97040
382
36793
61601
23039
3720
93258
37948
75987
97363
74180
46075
20492
92792
96981
84097
92855
88107
13767
5260
55535
98836
50910
52408
42697
64239
86507
65121
2175
8996
75746
53832
86554
88311
80760
56218
96884
68831
89773
43592
74526
37904
31195
51582
9690
81124
46165
42520
79777
94532
13468
39959
93633
81425
31957
37303
16715
21537
30240
47296
69795
78766
63545
1942
33414
35329
89804
81827
54641
27268
83674
52007
70164
87113
60884
20785
55459
99741
47062
19617
82579
11470
35193
73899
98788
70452
64898
77464
43529
73974
41863
69511
75815
46964
74418
87160
14616
55725
89918
32962
14140
14366
44092
60861
47619
83972
34068
86142
86529
20830
88382
6364
33198
69292
59427
24368
80831
46480
33123
10144
71625
21273
14843
77720
93960
29467
53000
66540
10128
52835
65485
18365
5779
99725
11817
42964
25113
93435
2836
77690
31391
94934
62030
46806
19020
23800
12325
35801
91401
60355
77469
20246
3294
80634
79545
97350
53575
755
36971
20910
84103
15530
23325
64052
73087
37618
32701
81407
80152
78090
92978
81421
85623
47632
8437
26732
53520
8939
34861
76306
19471
27416
29364
22503
7736
42193
65746
51592
93975
75729
52893
75073
45775
7996
10858
46640
9657
16641
53686
54924
15011
43923
13805
19057
85870
43403
77012
93773
87437
43972
35926
44329
44257
30752
21833
67305
36624
71473
39302
49104
32921
20906
48532
84860
6362
85916
7242
6708
81926
26356
6391
76604
38357
88309
76840
35171
53341
40002
43934
14249
63372
92469
27523
25761
62319
94546
64365
62883
44607
84120
57783
12767
48490
60748
45925
94261
67419
90313
83856
19529
67882
14792
16037
99766
38813
47584
4397
39729
59809
34923
18187
93500
16647
87717
38494
13801
69382
23186
89251
140
90464
50824
74435
756
9426
79880
57822
23011
6823
38650
2882
13073
21278
12076
40579
56082
52333
80053
95385
78646
42774
57352
29550
86537
58016
94346
12643
7136
44567
2803
56516
97635
50398
15218
35893
54247
15244
64862
76038
15728
35778
79344
77497
13456
80042
40026
89905
64429
30012
53441
74789
30824
33221
73702
56377
27667
94551
51689
50752
1741
11439
62590
68021
86359
3785
33247
5198
61453
52767
19434
75389
87490
87105
4469
55458
14914
88560
45918
28291
24112
32477
89978
92177
38463
69536
8667
67976
29280
42680
15832
6615
33947
96191
21589
8455
15682
22714
61576
20666
74688
27735
31433
45256
64671
54467
95369
75950
4557
244
21035
39979
4994
45022
62359
43671
99198
83903
92526
88873
67776
4108
54632
44262
69854
56592
49938
83973
28606
87125
69760
5006
3758
47547
72087
6531
26179
33328
16272
81699
75954
30238
57585
93466
47464
45519
74030
88
9477
81255
55583
47077
89316
78496
93407
61289
50877
52620
25631
15441
35126
94215
72178
75096
50215
11730
57962
59679
61563
13780
86523
2355
80002
82590
17875
7519
5154
85963
12108
56885
13352
66861
25086
45636
70046
20786
5482
20290
49380
66668
21893
79450
50219
97754
97448
33735
23961
82269
25195
60786
9146
69459
77438
18793
15412
71274
21454
99596
13602
27485
8511
89056
43432
38188
48444
69986
17936
66324
59096
52623
47627
1994
74752
72948
44955
73133
30262
69843
41440
55490
25948
38318
78305
98927
12454
68295
14172
7720
68209
57688
15958
39325
11778
68432
75516
37850
58201
98269
45411
71501
9813
1040
62370
47315
64643
21557
27422
19353
27457
28285
20741
15903
25975
23577
48334
84441
37351
60114
76066
41702
93223
23938
52555
37020
95319
4659
92729
26094
1624
27791
41405
72400
60607
25802
66154
62182
47911
70437
11563
23080
103
77117
3434
45795
98632
44725
1650
336
42175
31923
47858
88161
16925
37096
72114
48314
39337
49686
10286
63724
19659
27730
46318
9
53846
27610
11251
91275
18082
36480
44390
81756
97147
8729
16148
11556
86449
72687
93388
12306
63871
17865
34965
35571
91283
41732
34970
24583
54421
58723
55298
61901
80812
87262
98328
1326
33961
13301
83458
31641
94504
41929
62115
28833
49645
84029
30805
4747
35907
39446
53713
60992
14208
50238
95543
73632
91754
52259
32002
62647
98886
23413
86916
27505
86029
28082
76651
89797
11106
14047
9742
64100
78709
77812
54371
13173
30214
5494
36097
2740
46340
82651
30029
15332
25009
56727
19761
15825
29859
72748
40610
77239
45674
28170
32101
52625
76516
90225
59159
61390
43701
3657
95858
33624
34268
31460
70239
15445
35432
34644
68219
91446
63779
44243
4191
74876
60148
9862
52043
24169
45988
59065
37329
2071
16606
32478
35651
15351
82381
61205
26731
84499
34473
95120
71358
89162
152
36634
43927
74325
88130
94444
76771
74870
90518
45874
87739
59666
90583
80402
87145
14216
70930
58686
46474
9795
92609
30746
46951
4608
53158
68236
75274
16214
33619
33910
90699
3650
50315
19822
3000
48971
46506
65395
34621
39220
9788
13125
47992
2438
63343
42479
75496
87821
19666
36178
22832
30443
51124
64596
14768
60507
24463
31033
89757
94045
56626
61215
64975
80077
73020
37631
8306
79056
66119
85148
99247
86641
24869
42014
75608
21508
28256
85993
38027
43026
46109
27948
96031
29035
43220
32298
45201
44989
93372
96540
31193
37987
18010
78940
65325
16458
17520
90526
69602
68054
72843
89457
86108
99984
86030
75499
66141
79513
43900
47705
36927
4779
78861
72792
27612
78273
15565
10677
81187
53697
12477
39230
15452
6641
81434
97568
90493
47249
19152
91468
19462
40071
43882
9226
68563
81831
38117
95683
61740
80168
29060
70371
11539
68103
38196
58454
19798
20053
54732
94284
81419
11524
34086
39430
21264
88858
75555
61082
73019
72203
24868
55945
25610
50081
25522
82814
46420
15190
45266
7017
38731
45513
60695
72415
35507
30395
35284
1717
72900
61980
29354
86268
48928
20462
37669
75927
15154
83824
1773
70914
16608
99546
52888
32274
67045
64954
17638
42015
87249
342
32869
56604
56472
32036
89863
16070
65665
72527
32623
52890
55718
11062
42117
60196
4955
67357
31166
66968
73363
48428
77362
12016
34627
85995
48295
21965
77779
42543
87554
49150
79346
18348
73379
22840
31160
97287
69802
2158
17778
58804
13758
90997
67374
89827
43612
89292
49695
3601
44507
23172
86629
98667
30201
87986
65849
41313
99044
8176
22580
76495
59729
25139
40397
54747
98806
87235
60636
18396
37140
3356
48796
63173
81579
28296
30454
31069
78280
44755
12514
90261
58038
79501
58222
87433
64950
24735
30113
59203
90624
32179
37820
68998
60203
72262
39160
52016
48080
85994
15479
16649
49904
48274
77322
89061
78777
63889
42052
38559
19880
75038
4201
22429
86332
49491
50240
28657
75316
38673
70179
31266
77487
72239
95203
28577
66802
19522
21145
79572
97076
33404
15615
68007
68180
91334
23985
95425
82937
4319
28528
5816
14532
67707
71531
56208
97683
3973
72676
16319
65770
31368
6621
86792
8000
82893
32504
74075
17361
45859
92447
37287
49532
43477
92537
7007
8333
4566
91183
38916
58866
84561
87665
85872
47391
62559
90533
36049
94090
43717
94723
23146
85727
82695
219
99079
55337
53850
76146
70398
40461
83584
28081
5108
92425
84021
5251
80840
43518
22923
33761
3977
95661
11166
9150
98749
17171
15118
59881
6204
29142
35231
26960
27797
4268
41938
41496
71736
66292
82899
36277
11338
51526
53442
99170
26190
90201
14128
6393
29874
56139
71871
65921
34483
62135
21480
37814
24723
20026
46971
9232
29583
80466
21642
19848
13534
42409
27142
81204
44316
78158
7650
15859
59303
30260
54338
95774
20089
5299
91286
33179
65256
77990
43774
53911
66617
3417
54978
24360
8032
19787
94745
88947
70797
44355
8751
43582
12756
36091
31100
50320
32191
95307
13101
43265
84730
59529
20831
2123
63113
19442
46438
40583
16520
56677
53449
52585
11656
35596
24086
42687
82759
63808
59506
7537
12676
79246
12855
4293
86325
3427
34323
72576
6610
84326
25204
1317
33868
57147
80087
36342
66526
72977
36762
36034
92198
52087
26668
55079
47430
1600
21458
74042
19722
32724
89487
66485
24675
98564
58838
50401
57023
40615
92045
72289
35048
34282
61780
27326
16666
74483
32602
1105
45872
84612
2267
33690
93271
88510
76398
12172
56483
88217
93573
14712
13276
46005
45906
52041
72868
5294
3981
86951
83818
41112
12818
98665
10762
4539
57784
65799
33671
55698
43525
59890
89687
41650
3770
61029
399
5199
93675
6943
96776
95760
85943
66547
13003
11047
9551
16966
3346
14447
2700
92718
39951
58272
48132
52090
39765
52512
21900
79254
22758
39514
98617
36980
48126
86445
97029
62949
557
55170
45879
76908
27249
35365
40244
70365
40850
17591
97830
62156
93668
76192
53009
12981
6225
44000
12083
83760
72180
33024
3284
58775
32717
76147
96268
53826
49190
6197
2815
78388
75132
23100
82009
65552
70045
42420
63958
25705
4653
28268
61049
8765
86436
28092
86614
24813
68119
95922
28186
75635
62532
21577
363
32423
61644
44576
77819
95901
49176
12439
66016
30182
6032
12600
97684
20101
29203
34649
2763
76729
15824
9956
9118
38071
45436
28515
14819
20879
16685
96502
95230
60004
61771
53212
85285
97339
37363
33395
25222
28342
60989
80915
85919
78958
30400
75366
11441
37551
98414
79631
46583
73346
15278
43430
29818
26655
40580
63696
85184
31475
97557
84038
78693
80526
88698
14212
15087
79074
29125
25943
72304
60572
11737
80839
72060
61418
69418
85199
39630
27282
32309
36766
63530
13745
7288
91203
25876
72533
8872
22212
48301
6982
64966
51057
90099
99415
5763
37445
2642
19009
64094
55306
13305
33812
77425
66914
32235
21306
9692
34162
90942
86197
68312
61375
71288
29444
24536
68753
43737
42748
65003
29644
8893
11944
24258
79196
23365
15994
24141
49728
12073
562
32255
85834
62937
46081
94617
83484
44823
72326
23560
1775
30673
49168
47757
39624
98369
14635
5854
14435
76928
7486
45438
18334
89896
33051
43817
30948
33591
59876
7296
58940
18147
59132
33548
38603
81073
29129
65525
49055
51962
46834
48672
63439
30794
14881
56486
17137
77257
5628
91522
41793
64921
55708
5840
39135
74627
96587
98600
72093
77647
1662
62822
72192
69516
98092
22553
90430
48190
28046
44474
91164
70173
91856
6750
47962
63981
30919
70414
4759
54118
49082
44987
87638
59963
40890
98766
66738
60990
27032
22670
37860
9481
81761
43415
57926
47413
84371
64523
2518
43352
75532
45856
14378
48457
84104
58149
49612
31668
52227
41090
39264
70016
82004
37598
11932
26241
97364
64601
5205
10637
80717
21130
39708
29392
71875
58574
60332
18212
79687
53690
10603
29915
15661
95580
54547
88867
84240
91100
53347
52823
75650
58145
94372
9617
40676
93399
73396
33700
40261
90030
4078
12266
62442
65558
68527
45396
72160
46130
70728
81057
75904
65738
93465
82653
64658
30382
23291
25611
27883
4063
90276
22493
51218
23054
23723
14166
3557
49247
12617
5690
25844
13524
2256
26123
28412
58457
80455
28499
58388
88345
61724
74472
98459
84992
65571
89618
11160
65335
73262
60193
93763
26478
47044
1668
90007
62668
95390
60237
60844
17509
59753
50180
72082
90992
19230
7418
69270
61660
85437
91325
73915
14474
25746
75421
444
10404
70784
46141
12063
50693
29199
305
46833
77045
44454
93789
49682
38086
1150
77223
40062
85847
22404
65223
39969
58622
36070
51831
96954
96283
39083
48785
65470
67584
79820
39356
43843
88716
64931
12667
16490
65387
88196
67406
34472
69820
24824
49911
48982
27045
24260
95173
76972
7443
81557
35543
97841
69562
96729
20552
34217
42232
30891
84999
72731
59395
96765
1444
83351
1031
78715
22739
27869
7166
49076
79363
27339
45254
78543
42252
13270
88880
89170
19754
54819
8071
19065
39365
68041
58401
75533
13089
52383
97371
57113
74516
94857
18606
86627
49948
7454
5130
76433
31134
84624
9548
78469
62894
29945
74650
80799
44082
73145
79765
48777
25724
86414
13761
94425
72887
79301
9881
46186
28821
30583
4864
20681
24974
61585
44394
31815
66177
15885
33744
65585
65757
67192
97106
5446
66420
14160
19190
98303
33773
83716
51286
40348
94670
3741
50807
85479
71653
43022
6171
54006
31179
4841
48229
70997
6062
44806
4739
83562
62068
46040
13197
86299
48706
19976
70741
47048
40443
61001
45349
25472
9220
61821
5353
67806
93159
71259
78795
40217
40688
44746
73730
9843
16233
98746
50947
5850
20330
42339
24308
79975
56275
6811
96186
97276
49439
3300
59654
62239
44985
61747
69227
94181
66558
22446
90889
67482
70352
45313
21722
40947
80421
17685
66294
58105
9619
17773
89474
634
43367
48312
88355
85972
33384
76106
89304
71621
89915
88679
58685
86753
63561
9231
14370
32319
18462
85018
69375
85498
14534
22644
42126
93099
89049
20210
722
80553
15435
58992
83270
50623
73329
50256
3912
72307
91560
17252
83770
64581
56128
69672
44094
1484
35061
43286
98928
2674
29548
40532
13341
84863
87178
7295
68412
8678
53187
72890
9222
64556
75617
14580
94050
17193
21629
7832
57198
72853
85383
33680
90917
75974
27878
92921
95773
29970
78584
20159
42962
57163
60140
28884
98922
95817
78680
54295
35346
54268
47936
93561
55434
99871
81787
180
54046
3517
48671
90263
74713
59317
11071
48530
73969
54735
96159
46839
78412
59152
58606
20772
57397
86005
30711
1292
80362
48260
50191
2934
34373
31633
64618
12174
15743
81347
71721
70802
85713
21163
86731
54185
78870
57730
38258
12082
50461
49601
61607
18481
51943
37092
8714
77259
130
69527
63883
64592
636
85158
94534
3718
27874
92432
2619
28110
41011
3207
19568
28626
72827
96690
85710
1581
9310
78051
74462
49596
24815
84594
82987
90993
1873
25370
43453
81734
92679
62611
71692
24093
73931
39527
65580
59870
3338
87171
43341
50875
16751
69498
80376
92927
45169
29053
523
32821
29530
25044
15918
83004
35368
59789
15406
81766
45792
81889
93892
99527
17109
69139
28484
88466
42349
46332
46161
50153
37777
61028
90995
92766
69735
87331
60645
39062
59885
74112
3195
44344
1116
21816
63894
26708
28757
34240
46452
32922
21910
72755
31465
99983
13257
58323
81083
57914
45724
89536
80825
63848
1967
92192
95174
68537
70051
68174
3216
7522
64269
50678
6431
7327
95933
55549
20364
84482
89837
68399
98190
43782
65447
94577
46678
91398
25453
378
73246
14320
49187
70572
74115
9301
98471
87513
52475
76969
76230
22135
31532
98896
13843
39819
56682
96744
24590
90859
48311
48666
97917
43746
55408
35207
76341
66872
8410
27776
64166
74861
47400
79998
29183
84419
98340
97704
8800
96561
15838
11253
20115
74298
31628
16281
10402
84873
92173
57416
82331
91488
64937
22770
13367
59000
14871
47624
25900
65615
39679
97517
46311
89435
60098
47035
69128
50427
3327
93742
51054
93880
53706
6042
3061
92422
90376
71069
56917
8155
76127
56733
26449
90696
3337
14836
74807
12294
44490
56632
78647
79436
47787
49299
62044
64127
11881
85146
84065
32024
64399
74716
90876
94113
64852
12391
38585
68794
37791
59781
1551
52150
28391
20497
90265
44475
31056
92668
38643
73309
42899
61610
61032
37967
86965
90082
56384
67054
70463
83031
92986
99977
4628
98661
54056
81081
78519
38180
30350
56777
78164
88436
62037
22155
60666
16486
49742
36688
83796
54387
39041
7960
10254
45580
27451
64883
8297
50377
45035
76810
6230
84801
26544
97894
7909
14880
90097
38983
86637
26040
67135
70973
21371
21597
65086
72624
12815
38701
6669
95935
23681
11073
35654
35878
47357
65084
45317
41765
17233
42814
24427
26142
50984
42359
21450
68445
45861
68667
27004
65486
85227
19718
33720
29000
42726
12025
89112
56454
92818
36817
89924
697
60754
18142
92839
97567
9644
1794
76585
57794
18872
11022
94522
20309
60751
42406
75113
89297
8786
44028
14158
14546
5596
38660
81271
2800
64892
3124
76841
3916
60436
43966
64759
19901
18157
90091
71059
59202
26744
11212
6248
71524
44495
92614
42767
64649
59578
87574
40999
75623
74361
4312
45448
58164
51934
31057
95263
75993
13029
65388
11328
14335
73315
73025
24858
67358
5328
54866
74957
6232
73190
18914
97094
11538
33165
23509
90978
58722
3004
5669
90419
48191
32956
45114
72108
97670
58168
89153
87159
38703
15346
33171
70213
28982
18385
49667
25670
63189
3074
25651
25586
20952
33985
90249
24509
15848
39358
64283
21892
85941
96295
309
36951
56543
1940
30183
72538
3636
10844
23049
4882
52572
33687
82180
87868
12785
60796
22834
60266
79107
5703
14852
80975
29189
49477
37330
80754
65100
14308
98248
89395
21651
6861
48337
24426
69904
83580
45971
68658
82724
29531
285
74817
6376
52304
44108
63723
97028
11045
84923
24132
17726
75142
71726
97435
19092
95500
20556
78119
67753
69952
48339
53700
8236
40140
14894
74028
4066
51146
62414
94778
33342
3787
14879
15013
74389
50906
11599
3321
12556
49888
54075
10466
7420
74976
79836
3676
34879
72831
27800
55758
96585
40705
37457
89407
3599
70807
86466
18788
3703
26593
65693
61015
62903
69991
89175
31974
995
62524
24403
27334
60449
6128
81987
31779
59287
31522
90388
44982
41977
81810
36255
57981
82889
97717
19534
70695
32490
58380
92595
40428
84639
9495
18635
1144
75679
7483
94891
49151
70498
79549
95231
58537
3359
65595
94912
68097
2445
68444
24421
22751
38809
59528
11478
35423
62202
96029
45454
29113
75276
72464
13508
94364
87817
86794
10741
99814
30527
56719
62889
49136
84767
8059
59671
33636
33133
29229
61241
32294
68101
69633
24767
74609
74307
32524
69896
48056
85179
81668
36225
46354
93302
65090
29769
44648
63214
2848
61633
51860
74535
41163
21549
66325
81145
72834
50151
32572
79755
64336
27531
56984
57249
23992
96442
3683
57208
51019
49261
87177
62763
95849
54527
1217
72829
9479
50261
62795
82353
83138
43171
24080
57565
27857
6667
82413
98487
48911
76321
20171
79873
82582
52568
24478
65300
9435
90044
9931
28336
77719
20623
68742
31063
85899
15835
89981
62072
53461
16851
9019
71711
30254
20144
81751
30499
19425
95896
19682
31327
29011
55132
64656
77542
88600
40674
32614
21334
41712
42078
34272
29659
50999
49774
85906
35623
29750
98336
30307
78518
29051
62927
28249
84325
58365
60671
52073
88154
34789
87488
16350
13734
3150
28465
97620
54215
22223
96893
39364
78427
90157
87279
89628
12711
17621
23232
4295
67113
64298
5498
27680
28761
39282
12771
75866
29980
34577
1239
77320
54335
63715
12866
21325
44350
4154
84862
47078
97254
71251
88800
80850
24776
12721
39749
23034
184
90800
30860
16847
92484
87130
31722
3082
2455
20813
63320
55963
70966
89848
67825
91952
96986
66503
64735
75296
59035
59790
543
57607
91252
24514
98481
29794
98801
19636
27174
76250
36764
75356
60867
22235
20154
9581
62441
53568
64181
91935
60351
20962
11619
26004
74736
75162
45689
92012
86987
59501
13710
33641
6862
7995
62612
44371
12728
90734
64435
14965
20316
54047
83550
24945
85582
28895
12285
72214
91436
80032
6813
96028
2117
92776
9320
17542
59401
39266
7392
78625
67928
59704
59534
46177
43366
92868
58875
42311
75558
24902
19520
13807
13159
30050
74889
88582
93043
94598
42616
62737
13778
61750
26759
15069
57377
19501
87877
77351
61149
77033
75563
92331
47581
71306
86873
41612
84902
28433
63033
75447
6793
61537
30667
45531
82976
30455
35692
65303
33589
38979
80214
17793
23609
5588
94608
99728
56982
30252
38812
52037
90602
6050
97433
45374
68318
54517
76201
65607
56547
10365
14857
35489
59576
9926
53298
83875
90310
94420
64479
9602
84461
27850
46873
15633
88069
72494
63739
95807
43684
58681
29353
45228
40214
51025
96298
5013
3235
49105
50854
92094
40618
65804
27179
81943
36694
74421
36908
56786
28521
33231
32043
30561
53063
86734
1479
68577
46638
7704
75313
60327
61865
23538
52337
99106
35068
9444
25230
879
17682
62358
3999
65493
16868
76960
38197
40779
77505
31382
42080
60763
19236
25
38912
89372
75153
55800
60352
65471
68136
67784
45153
93575
66843
63458
76896
25455
21807
31051
34061
71237
58925
84052
27759
36389
23701
76993
16765
92104
64031
10424
12680
74034
92971
56550
67844
15547
63267
26163
89268
28384
22804
22882
22368
33596
48188
29447
56352
70684
61260
45430
75741
31440
14601
18318
9372
11632
36854
88761
66417
13116
1627
43063
85222
78948
1733
63551
9047
32374
93313
80050
61411
11198
13735
40707
40104
30997
13659
31082
35519
4577
33632
84701
51901
37032
54510
15380
44254
57992
80110
25166
83731
40987
88520
93163
56074
95899
2122
30304
14736
25913
27678
913
62740
84148
43301
43588
59382
93281
44387
18877
23583
92084
5958
46049
95598
45901
45948
88325
27294
40511
13086
37413
10972
40819
46660
91718
66454
36974
84283
41634
82036
92558
48439
43106
69935
8675
22605
37478
24993
96605
34149
48790
99065
35951
31412
60838
43019
50914
41254
95452
93354
33186
62581
29205
56864
31801
65535
79213
40255
41716
99902
49069
63971
14716
60113
47233
18711
52849
65779
44539
87808
40345
65174
8875
76617
20270
89879
2875
88612
62447
66705
3864
48372
2925
94159
70422
12695
46453
16414
21655
51975
9876
13082
11733
49685
88457
16421
75000
26979
50667
31234
68022
414
34739
79071
52748
40105
37737
9811
79057
85119
27983
88317
32591
43293
4030
67317
98934
82426
32489
43483
56921
10230
25645
26898
80635
39745
76714
96132
20926
94080
10200
63228
78110
98649
98246
28349
77452
22300
45177
72515
1079
7032
78187
79864
59476
35569
94960
94914
3106
82343
49107
21092
43645
45096
54668
98375
23626
21408
7621
12939
70111
96433
35752
6003
61239
75667
80251
15077
5128
64301
74220
83229
99765
97601
13017
38787
91819
32852
48406
89799
37985
71919
75420
80414
45888
4240
49673
43673
74088
57802
1594
66462
82942
68388
66218
27063
53740
21609
16049
2588
16843
26321
79218
27301
75377
80780
80554
8755
72826
53528
71857
6127
5357
36691
24831
76024
92659
93274
33653
50021
67126
69106
86984
79049
30170
65176
31847
5445
17775
49384
265
87357
46986
40378
65884
30340
1767
6011
110
43961
41307
97230
723
74208
35822
41345
2676
42158
36392
8231
61501
49876
8458
80889
59660
81104
41109
69781
91532
85798
73744
31991
94836
78897
42983
87699
70745
79383
64255
1964
56781
48039
53050
80888
24428
30977
65120
55033
2966
71319
20838
89480
11912
1945
28319
36388
83575
38062
47702
68730
14332
6273
10796
26118
61204
46118
79907
74813
35129
11107
4745
6768
34859
87043
37269
26115
49568
50415
51404
61579
61334
81626
26517
89039
58902
42798
92078
73458
99090
61039
66628
81336
13742
94317
38257
57121
45941
29571
94375
19991
31540
77934
85397
83132
81107
84027
50687
5098
40739
81607
46524
70722
41520
78533
92506
44678
84136
47054
24088
44627
60621
46711
63450
86408
46899
89424
633
28207
86795
95914
93553
684
61024
70607
82441
10850
94417
12134
39414
14428
45193
43348
30698
40923
44317
22061
92208
36592
46022
14391
13381
77853
485
175
52662
73157
31954
34973
72519
11133
78513
85809
20445
38015
50744
66805
59299
26200
31421
24060
97445
19441
73428
3247
84235
82218
11704
6285
77759
27811
46410
10443
4866
73628
17928
79582
82856
38050
53016
88958
90687
13578
91842
70375
83182
99878
65623
75705
34471
11448
51466
84312
48000
5083
59250
11606
16098
86968
75738
31830
10732
34972
30018
69387
85431
95080
56832
5948
43535
17549
50838
53676
48147
98948
69062
35167
26782
71051
67313
73718
39753
15078
11277
4160
33265
40398
89208
88090
43580
44261
30126
49510
95874
93536
15028
94373
250
31027
42310
5306
96011
58093
58379
93796
38411
85221
27916
41220
68706
38525
77957
59626
17557
6223
61655
53487
31642
45722
11570
53091
36373
45219
67012
48402
4222
28734
67777
14345
36148
97964
87368
14215
9084
28016
70396
51616
21335
15541
8086
70321
92090
73341
82200
21398
51414
22782
47999
35538
79272
33431
56094
79722
71017
71733
1554
10268
48420
90678
82446
22414
52009
52023
44636
83092
84645
80258
35076
16750
76897
75191
31402
34950
33758
69494
73486
79759
67953
14302
34683
26914
53747
73438
70525
23747
76414
502
71963
25840
24615
72878
53772
1791
67227
37465
77508
54249
21206
15036
63148
46249
85442
53329
19615
11548
75890
50441
29358
5531
82659
2196
76409
8958
46592
69396
97689
43059
35500
14248
6769
17647
48586
58674
93039
1405
56475
56670
36601
29865
31262
98819
26285
36788
66893
3408
42803
33433
98216
20609
59902
90674
68691
24618
39633
61193
59338
28830
26700
93623
40704
68946
70131
36832
78758
32848
2466
22412
16372
79594
50792
740
42836
23071
23754
75268
29700
21519
16778
16718
29066
6107
34418
11226
34097
98128
60322
56441
56586
49238
13460
45362
71273
26237
16433
59353
6272
14733
56424
20951
44560
73948
41085
58312
28927
18220
88444
96811
19383
94578
27661
21751
3352
44100
91810
62360
37595
34115
95566
15490
57934
56511
3743
89504
65064
39422
8491
22228
10421
50755
59057
62455
43532
82178
61304
578
34634
12404
1200
6041
31646
76334
55780
36155
74550
62640
62481
87284
91030
62555
64012
36073
31349
92985
78433
792
38786
98321
76918
51838
41135
17836
16361
9775
35920
73827
771
52744
20251
27997
59971
48698
2366
61596
91854
77353
74169
50816
89065
43885
79360
92751
25054
31419
18
40418
14445
53659
27591
22244
74163
67808
34777
53583
31044
22118
38644
60676
70309
12900
91042
28999
65663
46223
89967
91342
3715
80238
74878
80396
78878
46087
19397
2772
60209
84599
64691
59464
39886
32955
47483
55004
1786
18182
3641
39830
99788
59813
95122
6594
46515
62930
47401
67651
27978
63402
40866
13763
1147
42049
53495
34616
66131
87194
85957
33238
46396
42707
57079
30738
64905
52311
34258
2006
87091
59756
94067
36327
10
93166
4031
90098
47196
43135
21375
36345
46264
84403
94452
55028
53950
25785
79970
77554
1451
16542
30696
67973
60397
55693
6671
90110
28829
56342
90601
39971
42322
8720
62911
88368
47230
28080
74854
54242
21640
78075
21592
97665
81091
52794
28644
56907
83949
50297
1677
90658
60454
3700
31554
31041
26692
41204
14277
78493
42699
26892
17532
73381
65652
28453
51114
26763
70361
76293
51043
54831
47780
57644
30872
71750
99673
84181
23793
44036
38628
4582
90764
54418
10045
87676
3042
63901
51499
22543
98260
29266
33110
85935
73699
80347
73633
12958
36481
33350
48070
4999
1505
40640
95542
31643
5691
39605
57871
44668
51617
63869
96110
21951
51753
5253
76954
40706
35799
80912
79776
14722
87188
86234
68723
83966
30938
32391
56280
76198
91805
11533
97796
62170
66763
95484
17901
36903
37208
64084
91014
13951
88764
22756
90949
60149
75255
66002
58837
26780
99224
32567
86153
48405
77611
85513
98971
40848
28564
87610
90643
90536
62515
68566
69814
29601
9153
77865
97924
34603
17293
36565
40044
76171
717
55039
49887
70516
27345
54946
30578
99417
47838
18539
1208
18346
91146
53586
25525
40357
778
22294
4497
94666
12781
35710
12388
6289
79794
51971
92356
83534
727
85539
82045
64056
35108
61906
6514
22447
52684
7766
61909
18538
52717
88242
84616
41565
91992
43780
43117
71134
71537
2801
74273
64810
37014
6786
54981
53943
77466
35832
12723
85745
9447
76026
98815
54879
57037
76274
52114
51235
59006
36116
87784
71001
58572
66364
52025
85656
54231
29026
22897
44053
29518
86093
11333
46255
29015
68115
34869
5644
83564
97452
7449
27198
57309
21271
93115
52425
99276
16824
4895
13140
74322
33241
58788
14804
62561
50423
24924
92390
97587
83847
64744
28834
55398
1285
60497
49152
62680
78240
45740
15302
88060
95215
22951
48155
1152
16819
29155
66901
85968
46836
41572
24024
56826
12229
68626
96795
47645
74076
95804
65112
44703
46159
34837
94846
91973
2347
61360
74096
95827
3972
92667
80333
49035
88640
57640
41195
59473
25241
1055
82291
19748
93279
70364
1431
3839
10046
46274
39740
57101
62437
929
46357
30900
15117
61935
13085
90944
94600
82267
63272
51434
79821
35765
6326
25934
9087
42760
57421
44137
51591
38600
44136
60313
36674
10095
94120
68211
96312
15357
93695
24040
21382
33846
56482
4182
63055
58991
38602
61362
61446
20320
98450
49382
32975
87345
57552
80355
49319
73176
53596
79068
7814
5030
47867
9506
35749
44995
93082
25294
77008
68736
85317
73580
96435
10782
62464
91070
70931
72328
87457
25335
8007
32418
43210
20075
61088
89529
49225
6908
39020
43987
47013
68457
51316
59426
10090
65204
30509
1233
30139
67920
38612
1566
59339
23817
38339
64288
8180
83754
75660
20638
51705
36308
5928
5941
4748
32996
21948
97227
26716
96808
7986
92232
88410
65006
47912
27938
62923
70987
41322
92389
57941
82451
91312
95313
83624
23278
67765
64666
56800
15520
40627
59369
87077
3929
38194
59701
72402
60025
82898
62206
62159
97816
68268
86571
9177
65547
99796
92577
43132
30468
35345
8588
85665
99461
69815
71313
81922
51421
18923
86291
16156
25043
91023
70561
91530
20535
28180
88493
28
87241
21297
26910
41454
39262
8914
15669
47716
79176
13509
91814
96777
26493
64254
21311
93755
16560
99315
37436
52490
44933
26417
19091
66678
69696
33373
54378
57623
68363
51347
11456
86868
33837
17225
47068
21418
87611
30069
43809
22121
71806
76356
9717
34715
61562
27652
24749
3831
57722
53051
25765
48062
62328
21572
57215
26363
1053
78447
88856
91619
94091
23933
84933
78180
71309
11768
65361
50699
51951
4012
4029
65219
31227
29748
22520
60453
14120
71754
59697
99693
10278
97337
93177
98068
30226
71549
24854
18668
77150
31464
82688
28142
30709
52167
13148
93634
50051
99726
91818
64808
33043
36958
42705
26319
66427
66502
90297
23226
32240
79347
66198
95274
79971
91680
96034
57411
23470
5204
66251
30007
37778
49592
41905
62762
82017
4622
1913
2833
40072
55997
54135
56819
77722
57601
27039
49693
63006
3634
29094
54712
41443
75544
9950
37091
24694
40101
36564
62961
76009
80436
7586
31396
11596
92889
65714
51132
26816
6280
35747
11777
20417
14258
75932
5526
32103
94238
68933
75168
91719
34239
18464
15658
97159
3677
59429
2085
25079
72694
66046
65041
91808
34390
10322
14349
17257
28118
55974
81879
50869
35073
17888
96768
84737
43548
72424
19183
86335
81716
89783
71928
50576
93321
65380
39473
39045
98783
62272
56732
11985
8256
1495
58841
56910
92014
78933
5267
7059
11066
23508
71629
81350
41764
61486
67041
54180
88521
86497
15100
90521
14390
70104
76643
74243
18055
70796
81539
53891
15031
89708
73950
56563
34708
54985
28513
68812
12714
61630
54018
34092
80471
30298
29985
45358
56243
10608
51778
39778
3773
97391
61493
2831
16466
32144
56776
32696
6495
4728
2843
28042
22219
1585
43614
86556
25736
75099
87743
63663
85496
178
34718
72611
36690
19295
91525
49045
51537
21407
47173
67866
63470
29613
91759
78163
27501
85522
35166
82054
92962
95058
39214
71037
86079
80957
67677
53538
56573
91822
85740
47410
39650
35035
92624
11380
92488
13683
8198
43078
2068
1270
87512
40899
75311
56145
31767
76914
48677
73996
18855
90556
78945
98400
35823
42481
39777
96350
22375
67890
29552
63963
99838
61894
51338
7585
89287
17431
62024
80958
295
1145
5095
56151
82226
93432
79518
5117
97111
29679
10833
47582
8096
45235
76377
46751
76949
54963
16823
2933
51409
35600
16769
4961
1673
1567
78742
83702
13160
77385
87042
81461
8401
13806
46619
9074
97653
31631
24658
28542
92728
90001
58867
67149
93444
82608
7563
47964
99830
7300
70846
39928
55785
79952
14214
81186
39877
15946
36692
93743
80495
85717
3379
52313
57543
13500
93287
84889
62312
58345
59764
366
20118
51797
23102
12302
14022
95222
78829
15701
77980
50783
27323
34820
55301
71411
23910
9856
54898
49412
90811
409
6848
6163
28796
17224
41227
47876
91485
65768
69231
34527
12156
52127
34984
51738
31879
10888
90471
99279
93126
71462
28714
99411
63625
27926
23573
4345
74947
69029
59029
38694
46323
30278
86326
55919
81084
93850
36957
16387
66964
13130
50042
29475
22428
41855
11349
55183
77367
5390
10142
58613
83572
51184
63235
93904
69180
14948
86816
3306
24821
81538
61249
90448
38606
71267
83283
77364
18853
79807
26097
74776
41474
19854
61264
93283
32098
96829
32496
20979
97835
22575
41782
73146
31427
37479
77145
95593
76211
81245
23918
49366
8910
54867
22544
78968
63490
72898
83128
81115
32731
95997
64854
74528
18264
16567
25159
24695
25131
99923
59957
4288
86033
31268
20125
80555
54320
97471
71035
88511
11000
56652
48922
79887
41044
95127
88370
3861
71971
71067
68104
32697
22074
70287
26685
32938
44041
25264
9607
65948
48910
56998
72983
78675
13954
92689
55206
21506
7491
70025
54703
61247
51266
91521
11629
79947
49350
82984
64624
614
35072
98156
24995
84201
9569
40145
13658
28278
99218
37574
81723
78707
32236
2747
20267
82685
98318
30231
75678
13218
86785
21738
80848
64408
38868
56552
24771
92730
76011
48583
5849
31292
41464
90039
16653
38386
77238
47542
74459
1723
19840
25301
6459
58140
33032
93885
68674
8224
87403
73695
19967
31697
94576
8354
82569
15503
49186
72130
55275
22060
98669
98019
86796
1139
31639
58729
61452
25821
77396
43401
71905
79781
90078
42716
9193
6753
25779
71384
55375
74207
46466
77300
80548
43738
71203
66875
65267
74161
33919
35043
20573
37067
94871
99413
64430
85481
65476
90998
84478
59604
12247
29821
2106
44787
37999
39309
81669
32466
64413
76733
33237
34018
85113
3316
13153
9565
81221
23218
94101
52367
34332
30768
37977
7528
35590
90172
73407
18099
78181
57361
8305
44506
65233
90328
42786
73770
43796
62715
11930
63756
25797
76716
2195
8440
2489
33834
59748
10102
86080
75163
92281
54502
5292
63771
15171
7207
12957
32826
53578
13264
70986
68573
81313
85041
31526
73144
27455
23633
24430
28958
85312
65646
86722
38262
46535
2501
94335
79583
25282
41545
34067
14019
47744
4441
97154
67422
25503
17644
27445
54306
68322
33659
52103
10091
77764
21241
99650
56340
94310
46732
72788
73024
85019
58693
45157
94663
86203
44113
50575
88102
46702
18169
73721
62600
3626
49500
44677
17606
28750
58963
18434
19701
73626
22103
49998
62357
81045
51802
45429
15890
56031
27289
4309
4192
67986
61608
55982
85422
30868
84459
69273
59635
63090
85635
7487
41483
87303
9920
93963
64584
94339
51793
44974
53157
68025
49305
2365
77857
85770
87987
1811
5907
90092
88970
56233
10774
65517
23762
32901
61742
39937
5071
58138
29817
47941
8572
19769
74019
73186
73156
11836
13946
14164
9213
43297
65641
39501
4159
6430
14073
49741
41852
59428
49939
28753
88609
3877
6354
98583
73576
87740
71613
4289
31798
28027
2486
95705
38126
22507
82508
35225
98299
44799
40184
81957
23420
98762
77659
65978
79585
96372
38972
10306
765
80953
2996
35273
6288
76544
38051
74681
16743
20300
86640
36033
25778
50264
54537
17445
60659
29250
41003
37250
4213
78501
43
98031
72929
78202
18336
44486
87624
88757
51303
36528
46559
99544
57731
66166
13419
92000
71938
79771
88782
4499
6865
89362
58113
32241
9513
34207
82461
77697
37981
73520
11178
59307
56382
14851
11093
75766
79276
58029
89700
8799
37540
96058
24354
9296
13183
44818
84865
46816
79481
52591
58493
33764
25490
22312
37384
53283
80769
83323
74625
67102
61450
37611
88614
69149
2358
15621
67044
69891
39606
88637
18479
78558
87711
65864
14802
55425
5063
88722
7050
71781
99365
75824
40743
338
60463
14439
39529
32229
24018
51003
16358
58770
15072
4458
33022
61748
23114
12342
42109
88691
81191
21571
56371
62466
60326
45998
27995
77875
87291
83453
80967
70071
3925
7496
96882
67129
70267
49630
57988
50251
27823
50036
72031
86298
89622
7247
62266
49719
70241
24951
60395
71880
31702
60202
83423
21743
53266
71900
56479
26897
2199
88180
33292
71855
94492
82706
2811
15755
84783
7105
22621
43306
1290
25656
70828
38664
22456
8170
93462
13689
39077
2702
58492
60862
68502
20
50577
13802
47608
32355
51384
13846
52827
75605
5383
89240
38442
27571
53871
56278
20190
11809
49913
58139
85232
52094
60482
94736
1408
85358
69274
90730
17842
64751
44884
87591
85621
18624
55185
14245
82207
37415
51655
50542
69326
66314
60421
93851
79863
41153
32725
94183
64477
32047
1898
46580
59488
34567
29710
56979
29766
58018
72340
6097
32749
55211
7607
50749
70348
14310
1189
72236
84376
71638
61449
37447
24652
88829
62421
25181
61133
39977
3021
29126
51257
92407
88686
13095
89630
95578
52295
96266
80107
93524
21050
75827
41199
8863
35438
4964
45342
82861
60707
31110
56349
28028
22638
16923
88724
50855
48251
63318
34535
15099
29357
67020
73917
62689
23408
13006
62628
20335
95409
54559
1465
25539
23332
13947
74841
84842
4820
8099
84812
94662
51543
13405
30000
49706
72338
35635
82375
94079
100
62393
83173
50724
92622
92940
45004
92836
42085
96949
88909
18387
45459
78893
86899
46182
63596
12220
59106
16038
51754
25965
66109
80429
84328
85883
97431
80974
89186
88980
30067
12780
35672
19528
85470
58054
80443
98610
63761
52894
40585
754
79159
29599
55141
95320
30940
1553
25025
74803
73112
26591
52321
16066
77043
8181
60560
19096
417
99610
3139
58188
85799
20917
33082
6082
18981
15163
98660
37667
51233
55040
47549
64548
59744
64205
63533
7800
83802
93696
17724
4402
76705
82314
95638
97609
73130
51697
55276
37579
26130
1221
96622
21348
43454
5439
88475
59716
57844
9173
54457
18858
20720
78267
60864
41272
16397
5687
40232
57457
54797
28440
14101
77253
16497
31221
94509
31096
6482
11815
50509
48142
43176
2911
60155
41121
85175
79892
86115
43384
67947
98012
79929
46278
30834
60354
54541
32417
59988
24181
76089
99981
39424
4893
25313
65455
94123
65828
66656
97150
51221
29186
97372
76447
52583
59308
36607
4574
52791
53913
97663
12524
69501
64460
6844
39010
70291
77424
54298
61025
64938
12642
24645
83093
42648
81611
24420
77379
40129
90902
17175
83513
54934
52723
60924
5335
57648
50173
29436
58405
78116
48923
36976
4528
94651
41568
2252
12512
26420
38263
58433
27129
47490
75847
19258
25140
70873
32444
87998
95083
41218
35468
63427
55921
88662
43204
2039
4929
65982
98626
92942
37452
90662
53666
56960
8606
12606
78963
5377
33875
34745
46045
95028
35541
97724
6772
29024
78912
46367
59306
95088
45857
7052
56081
47060
3111
12258
653
15814
31488
20713
71221
62402
9307
60955
18825
8513
37612
11883
73370
68348
15662
23313
52711
93955
57082
83329
15294
96569
77851
45549
21432
78422
8929
73260
54416
59083
76213
70587
6112
46433
65970
49420
89429
81401
49901
38125
10170
96719
23344
7319
45546
38805
16593
92860
78160
6203
98376
74245
99167
147
36681
34452
16976
3698
22269
9620
94614
44015
46387
97581
74360
42620
29612
68080
4199
64729
59034
6912
14550
61300
20378
26767
61710
48773
37214
3381
62824
60222
92316
29099
30612
59165
58652
72176
90844
92108
14055
49526
89624
13531
53332
93908
72763
44342
65113
13005
86814
91270
3982
62310
41885
36940
52019
53024
72867
69090
3722
15014
35093
80860
38296
56180
48751
20014
76050
86372
75344
29668
3754
73037
8033
57034
72345
49649
68461
45824
71410
85250
24552
34052
85692
60494
18875
7992
33062
84642
4977
21934
54749
97208
31678
57016
44468
40355
86582
64217
52755
89120
38120
40113
66013
50676
426
47783
39651
49880
61075
9029
92996
27235
73783
62545
70823
68866
54390
60403
57639
47307
76173
71022
96663
46308
51626
32341
24234
43459
4630
8945
78998
43841
82197
46261
21855
49014
53780
77599
31578
43682
32487
28765
37686
37725
1953
31945
79224
13070
98402
7856
45053
73530
9039
45445
55151
3523
11334
46006
87968
56448
25020
69458
94355
60586
90753
91911
63503
4325
38305
15997
12176
94306
39665
31276
19999
49478
37804
28503
15116
73809
33109
34995
75471
23857
99219
12748
82202
46168
89402
40069
17957
95959
92261
47502
66005
77849
79292
97014
89236
38978
77694
34547
55066
13865
73853
94777
8011
39189
64068
62552
75259
24377
52051
56042
7495
7775
49889
42696
1752
92562
58896
76893
37571
81457
12670
45408
43991
73565
66637
1397
61879
41219
50853
78541
98566
54132
47411
88388
85529
89317
79653
15231
94214
49512
69043
75935
30966
5244
66284
18907
25505
77011
16849
61835
63677
27596
73263
51851
63114
10295
92695
76135
71445
76922
90221
2856
62489
29488
85516
1407
66736
93876
14288
7312
15690
20394
4701
12612
34381
47695
73435
72363
57593
51069
78437
55935
68539
72268
16396
72672
82028
32134
12579
61089
90721
69707
39091
23922
94521
77448
29589
20523
85063
81215
8535
84904
62672
74122
72001
63263
39798
13267
50466
77382
10513
59600
63697
40504
12709
24138
41588
48931
37148
64257
81623
10532
94613
84533
56226
22753
83536
27159
59458
95476
62637
9252
82708
56687
82606
86227
58588
134
5896
67448
22554
66697
71103
48988
1813
74188
13009
98613
91875
36108
32285
56820
76558
28600
95660
34629
1561
72562
21042
98568
5438
8420
84350
53041
11505
97360
61086
25891
22251
8970
22233
437
72200
77610
78302
35484
7394
30310
49763
90129
62373
9668
47605
4854
83012
7315
19898
75569
4131
99638
17357
47390
53404
73901
69168
17087
48655
54082
70523
98474
37539
26730
8900
46696
8270
22082
69608
14961
89987
71111
4793
41540
55925
89129
73910
92648
22419
68329
57853
4878
22964
52864
54589
75708
85759
32343
55603
41869
30637
79439
10243
68056
99241
54251
33304
27057
23596
50129
52152
43733
54328
63804
9037
40521
99387
22867
5352
57996
38705
45929
28304
76881
38325
64578
8217
82153
15446
89852
37745
6502
84412
75644
18568
20745
74206
27763
27085
61495
52867
32166
81132
54062
38843
37844
22397
96396
15827
67239
39242
96852
18813
35425
92734
68617
13690
14974
19937
2958
17240
75790
6959
19543
58859
75449
7662
49924
22253
94241
58579
10701
82150
57430
5856
66400
355
89094
14270
7196
13964
75928
62200
63623
99347
40584
89142
79421
94693
31653
46700
30519
54400
25048
76956
84972
6419
9550
51245
61361
42134
26083
19347
18946
52119
60200
18819
48867
81013
35709
50818
41882
78147
63399
18537
80393
41914
15629
21435
30832
8225
48398
38409
69316
84480
9154
31939
6884
81337
95163
72072
2131
9804
89438
64725
95007
27333
96831
40595
61064
43999
86015
54700
68749
24324
99652
75647
39181
38297
39269
49700
77347
7286
13169
8188
71299
54342
4390
52657
658
92114
87871
10836
82390
55791
49263
28603
15015
75580
10742
2014
68283
23606
40937
99979
40649
74911
7615
33780
33838
90896
68408
48936
73327
26683
30041
75212
87153
847
43883
5224
96864
22237
10392
96905
40005
37499
13838
41066
22274
95269
4726
76794
25711
56179
64370
70592
50725
64811
17012
90415
26146
50831
28810
76107
55932
16841
68113
99816
50271
22872
51459
42918
73911
96632
24997
31993
25115
6682
97376
6637
37785
24546
13701
85459
10538
49423
43005
30974
75611
81840
97419
14671
97625
61405
26868
31342
22434
41787
37509
45386
61145
2695
93317
1883
87732
44899
99666
31228
86013
45406
1117
63699
93869
4789
27312
42566
6079
44319
11447
91025
95962
69862
93422
46637
93988
41383
62595
36235
2988
83935
32084
17069
29929
95043
60276
9984
8234
6689
31115
87253
50525
89872
69758
4462
53615
96822
67819
13092
84349
79147
99310
78107
64506
41333
82027
39936
62534
26049
48635
55801
1878
64785
17000
36246
54446
17299
91451
5202
67736
92151
88750
35103
85417
87966
34792
902
12194
98498
87991
39082
50629
72279
68438
84961
72165
26336
23803
24351
95446
6294
6317
86671
33107
53567
35044
4303
30650
88261
18811
18861
43050
88478
93182
90670
90497
68161
23307
62874
23037
80705
13114
13648
94273
57398
34228
36441
45044
77074
59875
36295
75562
67234
91335
70168
30313
10139
80343
13760
61823
11684
59494
15558
85062
13432
44393
92643
74228
77522
87886
95766
92294
20315
28338
96727
1930
78123
32868
21625
22077
37434
65932
74834
82255
16022
95330
75907
81910
52120
12170
26161
89143
63250
76371
29935
90021
10932
41485
70451
53380
86368
60687
74583
84194
54152
38991
77113
24731
89361
9909
54425
41491
53373
40169
86456
39560
29275
66508
6910
55816
26011
56945
76589
23946
71515
14815
92664
83535
62704
33468
70887
85010
98968
66602
65504
80545
16551
18512
26684
34801
99285
99307
8526
67566
10536
82663
56290
86758
4513
16231
66849
31905
59098
4732
80066
5658
48974
18180
56589
44283
83809
24950
87570
28396
67486
95235
31778
27482
63961
68538
31675
19581
84668
22637
17501
67400
60286
95166
6832
52739
17239
57588
70333
20860
75239
87839
69212
15023
84267
81066
48521
31706
89928
46909
75005
12816
65418
5488
16591
81954
20099
1843
50634
80665
93838
70226
94426
61649
92886
28634
88449
60541
50764
28858
59348
21457
32091
96128
74949
61919
15569
90318
6997
48066
54803
44087
96285
47276
94869
59271
82981
66280
8392
97358
21726
92257
3204
13120
46818
46655
85654
98194
21000
75015
87464
88391
31764
72709
85905
69472
84284
18765
99137
43035
97185
75882
73203
93946
82284
42280
31320
69060
79906
59947
70186
23964
14610
59998
17234
38014
7908
1070
37936
86158
53446
3771
22917
10859
24684
35070
41747
7948
19897
52348
97639
93386
58199
24969
16874
51310
45633
71889
36242
9648
29428
54885
61434
64184
33290
28969
8252
95210
26636
29445
93637
19786
16752
95322
62294
79677
59645
75732
94163
68804
12504
69228
34179
5749
95545
22039
17645
73988
28277
94342
94643
65568
12794
98282
87801
49559
37888
93505
53838
3911
82938
79945
20313
33453
84229
51492
56529
40366
29643
62982
83502
61359
73912
42827
13415
98103
24133
12109
66793
34914
88256
80795
39293
98844
83326
16987
89021
84859
58608
93294
41630
6752
39831
37601
11396
93050
79724
88715
68506
80225
30136
78314
44449
60475
36114
41275
72944
49787
83728
87060
18565
60128
40416
45978
80834
52872
41736
27989
89556
83314
91082
43463
76422
77327
60819
84092
46073
40847
23871
51389
90492
97719
82478
37865
39393
76937
64192
39515
18763
23994
64114
22125
83897
7712
24202
91246
71275
29141
11942
52261
34732
20862
40126
43861
90326
76234
41401
92365
96239
70968
63414
96324
11868
49844
4946
5581
2877
21947
98707
97820
30688
42278
99406
4501
33287
30427
9075
62401
35384
93400
55077
90233
32225
2409
39912
74571
91101
43760
70057
55084
37589
99851
11780
36487
98594
40586
86219
52466
43816
14752
36510
75365
87115
73980
49081
29082
66710
11560
80683
35248
3742
95386
53219
40854
19108
46097
31701
83078
61755
64034
43233
98830
91929
25362
32874
26106
17772
63886
10522
56577
64796
99027
19120
1644
70151
94075
75554
74584
62549
90766
76397
44199
86179
67112
70957
76854
35962
74928
21209
87751
75315
31950
53783
20544
78895
21476
67859
34021
91864
54121
89337
81422
69975
626
55522
98333
42612
34082
93578
59241
9354
1002
3635
72170
73688
74619
41833
58980
72124
7574
72196
98868
9999
14599
88529
90383
61048
81486
24727
54677
67669
36134
81102
41821
60848
71883
21607
95961
23753
18621
95787
36773
14766
51294
86060
76470
81379
24087
14488
72146
82247
48469
10968
91367
45492
66064
87582
35039
78574
41696
65068
80183
8295
96612
7044
70641
43564
46574
14717
53306
377
92796
31283
81925
71071
4322
62928
44038
42017
4401
96010
9964
69410
88134
82234
85162
61654
20982
83147
22991
80619
33516
20559
61831
8330
80358
92656
34119
23363
55579
45966
13279
23820
86278
60419
88615
90472
91143
21394
91443
72375
58633
10812
97971
76177
80474
61956
4718
33424
9887
83317
85017
72210
30128
1247
83988
41562
92075
71158
16687
58142
6392
37391
89736
3271
54165
71969
35154
47795
14788
87752
12334
41385
16793
51443
85663
93458
49414
17007
2826
3239
82242
20654
48499
58298
483
5380
19668
80556
52803
50747
89225
20725
76263
96264
42141
26999
77434
23661
54590
86783
23377
5454
88756
33069
73977
79193
86264
8670
67708
82422
83324
18918
8551
19032
20018
22978
7366
85978
40771
27546
40893
19206
76550
57246
76442
72261
33177
26246
58894
17927
66433
43107
97502
72257
15608
32993
8620
35230
26100
81582
49582
56476
27593
30823
49691
38482
832
22533
44477
82597
55859
24819
86553
22749
96570
88502
41769
34366
10754
84503
52351
49861
75826
4105
13728
16136
89218
47194
7303
99191
41039
26481
33155
44307
48197
74159
22197
16764
94786
3224
16730
30005
87127
79007
4468
50922
98940
90154
82187
87952
27581
8627
38156
95535
28430
16083
85344
94708
67559
62082
44862
92239
58525
89166
39445
47930
66801
40098
99289
90113
53807
92429
58150
67785
30623
86612
98466
63630
96429
6046
38023
4641
42451
65215
5556
51568
75323
34589
12764
52224
45242
71196
58656
34931
42298
61888
20349
33209
67547
11536
50778
51064
8906
49661
16305
91404
20662
15901
98388
53399
10780
1218
16221
86962
45993
57759
67145
91760
93430
66283
37634
64176
20331
76536
10499
54670
73047
80546
16315
73574
18660
44383
98050
29442
68456
27700
76351
4688
83814
47759
25978
52523
27147
53240
91887
48456
46285
70515
34693
26660
55715
14647
27083
97948
4870
9194
8774
73716
98522
9303
3031
7818
76071
9245
3723
42328
15528
48177
49922
35505
24222
87007
9142
33708
82144
92230
33376
24987
94200
20733
77911
98981
58814
58396
24473
47356
20010
87483
39851
2532
61180
40931
98510
83192
51431
82603
75855
93288
82828
95741
42510
76858
55376
59234
54588
77668
50785
25375
54603
46220
43009
55099
53333
7509
72697
38374
41318
33599
24323
77624
71797
73354
86247
92430
13079
47544
14930
32982
83984
17048
75733
21016
38503
95082
95419
90741
55493
28504
61143
15227
17576
18217
47042
53737
28204
52329
91915
40284
4667
74934
19928
66898
28322
90637
34193
56774
71338
3666
26715
3490
92825
77152
19771
75570
30398
73129
25612
93251
48171
64593
97442
73610
35010
66775
85271
59461
49378
52354
72089
82722
33039
144
65162
51020
87499
20257
89123
97325
41053
63155
73579
12195
27344
75308
96581
52487
5947
19878
49894
21391
57493
4690
79593
35506
99042
47614
38728
8965
19394
82945
8463
9884
84486
23083
47438
69614
41671
73192
62111
13678
31359
29711
49249
75290
1392
6644
83751
72952
86211
77597
21194
1429
69117
93839
74391
22871
66159
24309
57570
95394
9275
35308
57074
97803
26048
95930
73429
67828
23695
29894
59126
8510
81042
36088
44074
48544
6037
93787
48909
89388
10502
81588
9461
36937
94561
3669
32573
88202
14283
4887
73191
60729
96647
89509
99594
98998
48509
94478
25114
37653
45972
67320
16867
17386
12686
52473
20476
17297
56886
46934
90547
54865
21562
66117
63620
57615
49335
98457
52026
23431
44335
17657
77501
57069
9991
33639
69346
80639
27752
86893
33321
69349
42562
93813
1231
15539
3544
24369
65491
65294
54096
92596
56713
21499
6886
5070
72107
93078
78772
84695
2245
90474
37065
4363
91816
16111
21583
74449
54795
5458
72945
99403
18353
51419
25300
864
63129
81638
63873
13609
13340
63014
1205
28192
44315
89871
67356
79024
70816
75043
20221
3085
72437
29698
91455
42663
90339
52158
5634
17335
52664
35738
5203
88126
58204
21723
47177
73223
69953
24371
71882
50793
88896
21393
16109
39687
69191
78216
86825
4706
55717
82337
21166
12086
96998
49535
19737
66464
93704
14386
7042
63893
42188
60808
58548
59982
60827
53087
57432
40163
99443
9331
33779
5327
59368
98612
23816
54856
40683
56608
46029
48256
36689
71316
36300
93296
11681
43663
8761
84944
50779
87806
40692
12696
54507
44821
30497
33968
71256
76653
84600
32679
25347
95754
3603
66108
87731
7838
58580
95751
40162
92187
53755
44885
33014
17545
40346
9807
50500
92106
11150
71028
56503
34464
33365
70132
53307
58741
24338
61116
87643
99455
27480
86191
90397
29276
33397
82248
19135
33953
23956
10346
83273
11769
20439
97249
29196
72223
89877
10356
7463
77974
83787
33326
55966
55508
8019
95673
20545
4646
34467
27573
30457
16468
97488
27929
71391
97660
30837
42775
98575
53931
6377
8956
13688
29587
49393
33581
45001
55763
58680
2902
74685
11309
57491
47317
9640
8201
7040
89082
57894
88989
92253
65729
75145
23402
55979
81956
37674
40751
85528
63097
43428
38735
17903
55399
39017
69538
67109
71389
71436
15593
97615
49121
84246
85757
58975
87854
22195
79139
73174
86879
5746
16961
37171
47126
73035
99880
33294
46924
39151
20017
40354
35371
32404
96644
11895
82154
39916
63980
30820
48141
98374
9686
21709
60094
6920
63897
83111
8702
9910
40876
63772
3926
50147
29287
57495
51293
41004
80142
28794
34751
84405
64071
49995
20768
36664
61102
92574
89277
47520
40951
13522
98561
49317
69010
36430
57160
90509
37905
79336
60974
32385
42896
83782
51049
87608
81921
60443
17152
59527
6575
64439
87956
75773
12002
51197
6407
48427
74385
43731
8060
2320
47827
85911
50694
12199
28287
85458
61702
64861
74213
52567
40023
39626
49591
94502
96548
4239
49762
75023
52250
83348
16722
14902
56092
6510
83189
51075
37550
43829
83878
23283
45068
72838
40358
34759
89966
85082
68814
849
66781
17379
86222
11457
89810
65631
20070
67787
62655
16183
79460
54833
59568
82768
48576
13106
81896
87110
79739
32519
21475
68578
11050
83945
11219
49120
37377
48825
71164
8313
22392
65929
7447
88249
79443
41851
45131
85614
96533
96880
59402
24433
2244
26224
96611
12631
32898
90938
12611
20495
28712
10037
15202
57429
41987
98505
78591
93849
81528
11030
66476
56263
97015
457
68144
40602
84848
16876
13410
81913
70832
88844
87858
35074
23072
3383
58974
44661
90611
48873
18285
79013
12546
73714
69552
69208
55807
21839
44840
23840
79954
98071
84172
59663
43142
85862
8851
25030
53427
52502
28128
49134
40641
56835
58102
86533
18695
88272
79852
80386
69085
13388
48345
91211
68503
13774
33020
9090
65495
3314
51034
71023
40262
32899
15711
62395
10112
64633
21543
47703
62785
27279
50048
73178
81341
9596
59314
62734
58702
97489
86105
57573
9028
16604
8613
81048
6763
63038
48517
88803
62216
11652
41469
56052
3800
23779
42176
63390
19039
75861
28749
58651
23124
41174
56419
27696
69582
23906
50595
88117
26568
92575
99600
3572
86036
18857
8790
13945
13530
19535
81365
94967
1140
35220
35089
89654
28358
49158
88020
42864
96718
77731
53781
15668
89196
61796
24089
27699
68855
87750
24155
82969
25715
49734
95910
60480
90170
43312
82466
74853
54753
83169
83047
98704
42100
55125
9360
74155
41731
33385
10974
51343
42788
61737
19744
16270
84894
10132
92554
53337
31872
8726
56760
30719
14886
19741
96817
63592
14977
44195
6699
84995
9472
85074
11312
38828
59153
86440
62922
89986
84515
14672
46653
79018
67801
42670
14136
69456
5121
21350
99584
7688
59439
66757
99390
83210
29472
97458
35040
94051
94199
10001
97057
73507
7637
39350
13785
86
3001
66031
85399
63676
62438
50030
78400
39482
3494
57442
28820
854
93814
58089
62847
68237
36763
62100
5034
75112
61182
42270
52841
3076
41776
77233
74832
1663
21656
24825
80938
68971
9421
39654
51706
36544
39955
31272
92747
22083
48699
70679
96390
59033
39457
36013
75032
68710
88401
86648
33463
44727
3768
26835
86471
25697
73217
47585
98253
26435
53733
72802
81304
14553
49683
12301
98160
24930
55934
18450
80021
47940
92993
59879
89849
75197
78585
99123
72126
67105
2450
7978
25033
81743
44001
98959
45094
46613
51156
45743
74998
65441
64447
98063
646
57072
80648
8046
79161
50862
93836
11471
84382
97956
3690
8282
27692
71496
3549
86327
82301
236
66429
27348
49927
70564
54805
24795
51355
98007
63926
55287
25636
17813
99382
21819
43515
21788
35050
99773
88210
79392
11200
86575
46666
75267
24295
40087
93998
60923
28420
97913
47366
58684
98743
48601
31170
24623
75156
36693
19392
11812
41406
94950
20708
9827
35770
44310
62265
38759
30002
2813
57385
17040
13917
48805
8068
87339
36987
67512
64588
87895
10822
31514
19110
15243
49017
63964
13520
33556
58039
31165
77954
1944
42626
78911
84107
47678
66333
50114
98945
7536
88228
16273
5524
61317
1365
57925
49228
25852
15584
70548
97974
14404
7284
78134
57424
71157
68241
94727
23615
16812
91620
13597
34594
99153
88039
65832
10829
77460
87018
74039
25970
925
56298
9965
55109
30515
3058
67686
98969
7098
67241
76540
48734
65687
19446
79073
56637
49243
20499
82640
87594
96584
14501
54163
44561
53429
68965
22265
35985
13601
47871
76823
14275
74917
91701
44748
6461
81410
75891
52964
27160
22183
77328
34344
46560
40763
60258
5213
31446
59483
67898
52495
72343
1521
11716
80321
2209
36906
70969
29988
87449
74497
84231
40714
41372
27992
43773
38471
95381
17876
71740
54582
71308
51370
58133
34322
61387
12157
16584
24595
81512
77232
44889
26753
33478
29239
27215
6642
50642
38774
74773
78686
66115
71755
14585
56837
54158
14089
52955
5939
27449
66672
50929
14696
35733
43347
86976
96999
63137
47596
25523
4116
70219
25915
43303
76232
2666
55369
78570
49191
25430
96382
99146
98187
67196
19731
63493
1576
96197
39400
62567
41086
54176
39766
45983
85645
79047
73627
77160
73436
99811
66106
71833
18714
77626
22955
26853
54233
98140
9666
90316
29110
10079
63733
59495
87419
5362
2625
50361
33770
33497
93612
38950
50557
67759
68193
79343
58908
46492
88977
72439
60609
36521
83870
33884
84108
29346
1509
21635
61632
47141
12242
96206
70341
12548
3025
21392
39613
67426
18375
2858
3448
46882
53423
17583
70616
61626
5695
72644
24856
96087
59993
67378
40312
22967
44435
80468
8407
85844
24241
28152
10887
29452
544
96602
33663
47023
62695
11489
90416
23155
75441
78342
76559
89789
12704
99445
36966
30764
57756
96668
139
53344
22365
3547
94325
40170
67477
98411
56715
87120
77715
35144
57509
43892
99809
40874
25486
39346
23971
47334
20788
79889
33318
9407
43519
34244
43475
48755
61788
17925
2512
27895
77017
27061
89083
45537
59706
97221
71281
85277
30954
12491
15966
37047
51728
76605
49067
37192
97677
53496
51933
39793
98034
90222
68198
15093
57792
26140
13323
28845
45252
78465
8803
62714
5469
7969
89235
50614
9170
82840
98456
49521
89971
84142
4103
43956
97986
94445
13655
24899
69616
87759
62753
67466
92378
74029
53287
79890
22165
80339
31613
70580
4676
54769
85016
96868
15169
35386
94854
22728
84315
44427
60234
91987
10792
38653
3067
49807
75943
28176
21307
50022
37239
32985
1669
93917
43251
16840
46192
1050
63147
43145
2152
277
47168
22346
25547
36414
26008
40974
48308
2822
45632
89602
62396
3265
13407
42348
15229
74850
69343
14380
83256
49709
25184
17149
70444
16996
51621
59012
25029
19084
67995
5086
91871
69145
71301
14088
32332
87720
92881
97546
98316
72444
34367
42959
64690
58264
1692
71702
54127
47617
35279
15868
33595
82429
38186
75542
19058
27695
53670
1298
25679
63093
4047
47704
73265
32348
23317
17755
67628
86427
81199
17254
22468
28768
55315
1924
97698
45495
39087
14742
43065
11613
32329
85551
91231
50276
69377
54156
45637
673
9221
44392
70526
14571
74822
24143
44575
63820
83605
15029
6534
7028
56958
83432
76537
67615
18163
81553
40251
26112
78203
51997
20353
64830
11732
60250
36310
44246
20082
62943
93131
71805
21260
87395
38900
6444
30315
36335
86989
34428
93236
26253
50270
91741
37891
81808
17189
22780
71208
41441
29663
42666
23514
87973
13552
41527
49978
77948
94330
51692
85784
2756
47373
16061
84891
10534
51472
80894
70423
60762
59819
46738
46266
85169
50275
95229
15925
97460
31103
20436
58000
66899
38538
16535
68635
36198
78476
7731
25924
76621
40411
21585
7511
51789
78472
71280
68805
15477
60082
8307
5449
60068
90806
12114
40837
55872
67469
48250
60439
51524
59340
15439
24938
4874
80721
71744
57441
1904
26031
28177
6470
19133
33406
14000
51170
44538
71451
70790
48145
10106
61413
37223
16931
99277
94758
78880
27478
18001
83920
44291
35049
2788
32870
51725
65682
85048
19235
11137
46761
11397
42190
77418
53085
62084
41411
81993
30691
26102
14685
24805
10864
90936
8695
48603
28948
71290
93233
413
42951
42179
19083
85934
31275
49404
23691
64378
25507
3009
8819
37207
62706
14046
34448
88322
87310
50635
32214
3285
84158
9167
49294
83680
91880
39681
83099
34134
23689
45943
9363
51402
98993
75831
43839
73081
40269
70133
80020
79026
24326
37343
82410
35830
25563
20502
10506
1201
11131
8743
26242
9939
42454
56149
76782
56602
10770
8806
87004
29265
37085
98397
26466
6885
72523
17249
57698
24541
66509
24200
17571
34151
47305
45217
61274
55628
35493
10227
4141
11014
60578
76778
39194
65846
88236
18530
62920
17690
46690
77748
33151
39540
27528
24107
83127
38401
63982
16478
81323
78717
56989
81026
2904
43864
17129
35682
57634
98001
75393
71716
74888
85845
31369
67511
62769
58012
8993
60325
17665
48627
43199
16235
99358
47496
30056
30115
27550
16133
31768
41638
81498
1118
10505
65903
89173
28919
62556
4219
6222
47765
62032
56939
49170
9780
85747
4190
42242
56619
63488
77544
16219
33280
52067
20566
41261
31894
88139
14038
4364
45909
50691
16891
10860
52121
41971
16312
66803
89558
3213
82393
105
749
91076
13685
5774
83506
91613
42402
3245
59336
35872
87138
37917
38457
11856
10411
1562
7649
23863
43905
96051
45321
16902
74064
59786
7119
21876
32506
11116
77612
85142
52280
79452
1328
26503
16808
55256
70642
92130
49145
43219
96404
18430
35473
57357
26512
39817
27489
6305
73617
36393
7424
54462
84472
43656
55140
86107
69427
25622
6436
33380
38608
17457
96650
26807
28043
14341
39903
79323
74404
71742
34581
95907
5640
9796
52619
33329
59514
14959
19178
49355
56416
24799
40109
62125
63474
95054
44996
85815
8728
60391
22928
31035
34550
33927
70073
12505
97935
18192
17929
25807
35515
12850
78985
58014
50280
23061
86235
39821
51727
27521
15170
35391
73481
319
73026
36006
98751
86998
71664
57077
7072
97522
21337
88387
81659
16554
31038
10689
22421
10794
97912
59910
66267
51398
1855
92849
14995
40843
79289
37990
26831
83341
89669
40343
6239
71294
18211
17406
26280
75287
62774
90390
98938
63381
77498
20491
5089
93566
61034
17281
21782
46288
16476
29299
8817
7232
11453
2701
96530
44735
35390
11702
44902
1860
60805
97985
52080
4972
61834
18380
98854
41457
76235
64951
58343
45916
21192
52035
34636
74111
44301
27040
75875
58219
20767
51153
57458
5228
20603
4238
43629
38316
24860
99801
7102
47555
82374
12308
76204
43726
39070
33518
96134
76690
60181
19939
16337
3783
74906
5247
28393
41225
89692
67365
40203
35716
3838
88000
59144
80723
22788
30633
15753
47788
66729
79517
34562
77723
10187
46555
94099
19136
14765
8308
1295
90361
69968
1719
38565
8191
35915
2497
56095
97938
87818
29435
2609
79473
53467
81052
81674
41949
81641
71834
66410
44882
48716
90467
80297
75702
96555
81112
94482
32093
57555
62786
41921
30783
53469
95675
47461
37203
6739
13465
32145
33191
54592
13445
24152
29457
46293
49717
4350
63195
90342
62141
11650
58098
44617
25541
37963
63598
47169
26604
17306
20253
46115
98851
1206
78170
21858
3367
22328
18694
96600
33752
75522
47270
47719
76247
64531
85980
73311
99058
88468
5828
98603
79911
7203
95150
49881
21088
16480
45915
21630
12632
62171
25414
40922
36746
22255
84343
38737
99354
30430
2453
88813
38407
62662
71212
13794
96052
64681
63774
68970
49051
61813
87881
86354
25399
79112
32902
12121
80583
6745
61779
81688
43647
21830
10779
24715
83058
67872
35164
89584
70432
97861
18491
47835
37799
31657
65781
33202
15982
3734
76902
30715
27643
83566
81646
71393
88007
94507
12741
79144
14035
56763
26071
27140
53493
3123
53698
91475
40240
90311
67655
52722
26095
82014
33515
99163
69887
97645
39456
95117
38340
78141
44837
2493
74387
70128
10767
7695
43091
13031
97124
55631
7676
13097
51484
9877
7500
61053
48973
27090
3717
57820
37831
55472
2611
98230
69544
16519
23000
27506
97883
5629
18766
72544
39559
93862
55473
60305
40934
84596
98827
19159
60895
69607
93453
74460
30362
84824
16746
7415
44831
85
32594
40074
70426
27352
4980
26064
15487
54996
87248
81610
61035
43505
38923
27819
46149
84637
93629
18233
95437
65854
40696
45656
44102
69594
39155
68604
15256
35646
53593
40828
48383
91469
6717
42060
45758
79680
99263
36128
44579
59815
51306
23081
51250
23141
97662
8054
86346
2449
35401
14420
5290
36055
88710
812
46730
95362
38355
63301
97610
62388
98469
45765
41839
20954
89305
5249
82066
85570
63527
26219
124
18504
78800
37975
95236
4120
68791
3114
29114
19788
88371
74120
56396
83214
79135
79038
80764
24160
20787
7422
71567
49463
20983
45615
49074
86117
21750
99819
32628
11201
30718
3512
54581
65821
94078
34192
58710
39180
31721
33824
79414
69517
80196
61544
59937
15802
83934
23418
36391
86866
3069
22184
28346
33891
95078
89943
5847
25988
23818
49001
44609
35340
43602
81703
49808
39552
90295
94976
26526
36190
96813
14572
30197
65898
50628
79188
65123
63471
78446
99312
95220
39357
52269
41790
73635
37683
35017
76165
48436
61931
11752
58847
52240
4809
5207
8663
11242
67225
17273
55806
46084
92191
2259
86763
2069
26654
92693
23120
56578
18345
9502
2916
48610
8864
83227
3764
44813
95909
63680
89780
21146
55173
96204
32112
84301
18335
88361
58785
99444
11798
52548
72775
69089
8895
87123
20517
36705
77820
26584
13657
65354
86768
85173
2787
20483
20266
51837
86720
45755
11850
85927
57127
90144
58452
11227
7943
44403
68975
17337
23612
43168
14173
71769
37196
83405
47479
13792
85028
48942
53921
64775
57122
78139
73819
94463
33635
39108
69074
79455
61908
95327
28234
464
29657
35934
79884
67689
56032
22024
78506
68690
95302
86635
61876
63913
23831
66475
15298
51321
67186
95710
57933
30874
79039
82140
71225
91668
96897
30416
32619
24461
17864
28618
94198
77718
55394
82259
92373
34128
91552
55495
7935
79746
23302
13620
92864
51675
22896
42839
60213
91747
15239
88547
45643
23446
74800
24940
80109
38745
16583
84571
74826
67657
59324
70191
94831
86178
37339
39966
91997
37393
42490
40259
36567
19406
81509
31413
43425
29966
48623
249
41627
88769
50237
76970
29522
90660
87172
24875
80601
3553
38095
78801
26537
64206
31665
11711
93947
45785
47453
52930
47370
22378
49666
70478
83963
3619
45805
4960
52341
91073
78274
61441
15750
9144
30210
4852
54748
33830
60934
91090
20347
21720
34549
91764
1389
94255
12139
33454
24977
58634
93309
29969
87390
55235
87400
45107
92300
9180
2868
33023
18831
13523
62698
90202
86621
70651
17560
49435
8478
37328
51362
15908
31652
51340
46762
76488
82802
78889
73434
293
9468
48812
83245
60375
29172
37880
62187
49556
16798
49389
98685
52403
74021
74769
56394
77164
58446
27428
6718
94481
8922
39069
64308
38729
11077
94968
11540
31014
93037
58381
31550
2182
30800
38713
5240
78319
99571
86423
98692
23887
19845
49968
32173
18929
82427
57207
67002
82804
65677
57265
42790
75804
27285
26058
56412
55046
33148
95832
52635
42329
66171
69195
88575
56272
40316
81325
19073
83057
14595
83810
29091
71980
6028
6992
88450
28408
5318
49328
80700
11833
46158
10205
76860
34821
21632
56649
17853
76220
69886
17207
25032
98986
25971
14054
37074
2886
22805
36675
47086
26132
93384
43569
78406
91345
96609
87809
66613
49002
61357
28637
98578
32543
86070
92001
64694
52030
69669
83910
85233
22603
83826
62175
41512
89952
94396
50386
80730
37111
53148
80450
22747
66919
56743
65076
56844
80166
86270
95946
83064
21791
50663
55403
40447
49479
89926
35941
30425
38484
75381
24130
27765
77877
72557
92912
98789
11760
67962
56423
64267
97241
52104
47565
26342
66699
57795
8656
85098
87435
10305
76120
59103
78811
85762
95464
61183
19739
55981
33986
18633
51650
82585
85940
93002
98266
75718
73769
30788
70903
84454
87051
26558
79846
73199
7555
93888
34253
63401
29916
29820
15205
18829
25722
69087
20850
79937
22400
50600
7143
20703
69713
24929
90427
18895
24611
83152
8753
99176
76441
41082
91513
25344
42112
10302
71488
77435
33264
33882
38210
95572
60173
48616
36021
68290
46245
39312
82902
21320
8301
25290
81824
66577
1412
83368
14893
45657
81438
5020
85415
18452
61444
23849
91198
62538
16429
14117
84255
66355
89693
28746
37306
41050
1643
38402
66865
9255
72327
54557
30628
11664
67159
83956
97451
60474
29375
19338
214
64763
47537
54905
90266
88200
1420
59015
67518
38982
6660
25383
37195
92160
5612
64303
26908
97209
76802
6513
78343
68187
94811
48607
10297
39384
12367
49578
51104
79281
60189
60968
49587
79981
68536
67340
63158
19271
79451
50033
96046
54395
90466
67322
63852
41001
87422
52713
27092
88822
50731
6798
18463
52589
87518
59270
86334
56450
51893
78641
62237
65807
13312
76539
82141
86715
6749
46270
59525
88987
92743
68560
64177
34797
36121
21293
41156
73660
66003
56152
89044
62066
69810
69965
46699
75383
26169
5702
88991
19590
67533
45559
89282
70167
81592
22173
14903
47976
86558
7186
39257
58692
4810
3667
36169
31573
52377
36812
26199
73619
29558
87039
37123
82238
62826
88625
78316
34440
85373
88109
9922
79231
88199
1123
42124
54990
72750
60174
12065
77520
53970
57100
45768
54153
30086
70630
67959
44151
6132
35296
40897
22220
78997
99853
94515
5744
22643
94419
74352
1520
16173
28882
68611
65141
29517
19601
79287
4292
6191
71177
88269
2263
57448
4616
94232
10189
79514
36094
59327
27186
2560
47487
45516
75530
18070
58897
70740
59573
91972
53319
30356
5200
64565
65168
27587
43100
55643
15361
80496
17996
79665
37516
97652
86919
47191
58141
94231
84116
42725
60146
94940
36112
35198
62808
98261
49103
59782
87214
83637
13559
32565
73421
63558
63635
45899
768
84574
94451
69651
52344
51011
22598
51226
44753
45433
70690
65659
79539
8286
7294
30190
18011
95195
32398
12619
72342
96707
25336
41327
11102
4118
48373
89278
73532
35713
93423
25388
72692
14368
79121
67837
35842
18738
5887
35932
78840
49309
59373
32556
23955
82927
80623
3871
82978
71746
73640
66062
88843
23798
79672
95651
65266
33270
55737
9623
37475
6827
46642
61222
8462
28695
35909
62461
85610
64438
28698
16411
52757
7571
70723
1803
27152
3766
83970
81629
98737
13394
75184
82975
11384
84757
45231
88645
21295
13476
65437
64711
29932
90264
31651
64047
22536
76216
16913
68619
15796
1238
37559
15488
40553
70206
24904
68398
80685
19756
24996
47519
41564
90410
16771
24398
17107
2939
22658
54370
55756
8384
79405
5978
64213
34971
22524
11925
31984
60940
88205
39028
96493
12175
38736
50621
30784
49433
72163
5193
85345
85853
82099
26043
59825
30341
84448
48709
78382
72475
45886
96508
98829
43849
64297
45653
46090
63702
49720
24227
85588
28108
18016
93493
32629
37302
29497
51923
50390
24736
79507
40752
86536
13695
67380
4654
99581
40148
88133
48681
65306
15167
55616
10074
91912
53135
25111
76169
99538
73803
10802
96454
19539
3791
44128
22784
53322
18218
56805
92482
15834
98460
27858
42378
38116
31559
62778
1583
30727
47421
77062
80009
875
37005
97757
64903
35540
45382
29793
25179
49233
74612
71116
85349
73423
40195
25007
60527
85248
54205
29546
28365
39614
97629
22916
83549
82560
99654
65063
99695
30614
21938
29153
65825
78300
9172
97801
94640
21721
88271
51530
60516
93595
51396
77500
27961
68766
32672
12630
50822
53296
17158
70998
7508
12972
11631
39991
66010
44508
61628
78364
20326
56017
51307
44442
79809
49428
92957
40545
20572
65150
19790
80292
74887
19508
91348
69099
2523
6357
87300
93175
19474
93935
88834
59734
46866
16158
10160
67637
60493
98966
43755
13965
86302
87788
42344
15927
88326
66479
69313
8717
98435
35855
30776
21379
13716
96130
34694
99895
90831
10307
96459
28505
22693
15315
29721
62690
87316
25969
80
34619
41780
94933
51841
70562
2125
5409
11928
13674
71482
11874
57272
30343
98428
72132
59831
15879
61886
74941
82037
1391
87641
67163
85657
78484
69210
84718
83461
59008
72445
98907
5444
5716
41944
59298
73093
33813
78799
93140
81055
50309
44359
92282
36621
65228
84530
30806
76685
15399
45533
21935
42703
95537
12264
26592
68158
59240
28915
64461
58966
96067
95733
64476
53843
49110
46778
66627
43275
4704
97258
91130
54624
47660
21832
6551
70441
55021
22712
7172
76310
11291
93299
92767
31547
29096
41201
95094
30305
45764
84102
34509
83948
20675
3587
42563
16189
27418
13355
31397
22736
34793
71628
77029
85802
46652
62184
26663
54512
25488
1184
91634
89423
24861
83660
31724
70502
51481
45917
23687
99481
19345
52493
35859
84921
46381
39373
56655
79601
74500
81038
80944
45029
5223
83216
97701
86501
5940
27706
15934
60841
2223
56346
50685
34503
2838
97666
16384
25720
59733
6935
75666
34540
48746
11933
82746
1336
53454
97068
29577
9713
83109
558
46731
99349
26956
3341
56810
19505
51913
29801
58953
51886
44177
52639
41660
73154
31047
33583
76683
15436
459
54629
99896
98196
57292
81640
97571
74798
19680
70556
54804
47845
54355
89076
50958
876
24035
55060
54516
17907
49575
93640
59088
11945
84251
62088
17223
55695
66963
27077
92046
76270
86051
23308
83552
62316
65946
1861
9251
12622
33286
41927
4072
75435
59181
54228
44853
65889
67694
49727
28853
30697
25784
23397
32806
99392
70992
57889
80855
95160
68084
526
54131
34387
49401
69752
53858
37605
43689
81310
89811
92711
89900
42104
18966
67220
48202
88290
67684
75958
47489
70602
74296
30335
89506
93658
29952
84524
15606
38465
40377
21462
5386
46019
11272
81236
98817
54020
15320
75887
10029
30859
93110
51680
97821
74044
61847
87678
9217
88208
72016
9459
84195
82538
27102
93130
5107
20238
66827
90816
59073
63201
1796
69178
79416
20567
75981
79116
47288
22200
68955
57433
88447
14950
38338
32775
51612
98220
27671
71908
26279
99710
73345
49698
74981
52216
18005
24115
16569
13098
14065
50402
91427
40617
64537
59918
18526
16810
81534
47924
16008
20664
73096
17441
19185
28379
1921
66214
57733
64756
35422
80771
88059
89623
68464
45717
45156
86336
69432
5311
61219
56548
512
45671
52292
48795
55064
44881
28575
76732
49803
70902
10752
12261
39641
23731
48460
91893
64625
56790
33707
77874
38499
67792
87679
93170
8644
78415
78010
15040
80267
28074
76721
41573
25418
89241
9267
51325
67037
59616
45490
30452
97823
13358
57221
40758
26215
154
85196
27898
16586
27212
75646
36977
94683
55382
16944
599
718
87593
51533
5385
75455
92589
16114
37529
25164
13320
55290
83714
40121
59364
49832
18433
55618
13144
41096
45320
78169
75670
56992
51269
68572
97194
37800
70369
76957
8153
35016
92503
7730
10250
50473
36268
42483
78199
68127
42717
75170
3672
20472
79032
78825
87024
57631
49072
51323
74943
64867
90899
13616
65813
14944
25177
52476
28376
32410
88789
490
36402
66309
76834
49546
99399
20356
92746
77100
16527
66844
10124
19293
97694
45871
3347
36652
22122
22990
35580
32372
48032
28667
23149
23861
77652
12339
98109
4611
35226
29148
91217
69229
98918
24253
31108
15726
24680
6734
44632
30271
24116
22611
72662
26480
15220
69207
96688
75884
2262
70101
76458
55379
77287
14405
97438
64753
44887
6773
17680
10647
11972
62797
28511
62405
42866
798
56799
7635
70250
37501
52616
23245
12598
64104
45829
18045
11692
70220
77927
58470
82280
63431
93350
12625
4661
67359
60725
49386
74261
15276
54427
57994
75886
89067
44198
80524
50424
65911
99541
78894
19745
67558
11401
44585
32258
41178
99462
11714
17138
69925
80866
57888
52770
94108
21990
40219
75098
77966
63462
53201
91037
44107
54179
18542
21336
42809
85382
27150
41654
85743
31031
61138
13201
16780
26063
6535
1490
76863
35389
14813
734
37740
8611
63809
77317
69913
85807
8067
47576
73238
85544
22593
74047
54330
60705
24832
16563
94819
86407
73991
35758
85323
95432
75520
55530
2344
23969
3419
88514
41529
86250
87539
54524
25863
13781
19925
77656
54499
7036
93129
94823
76412
78657
84946
25904
51787
17700
71946
29052
95167
4620
46051
2442
75585
60638
42541
35867
69728
16355
74642
64208
39404
79967
65118
19935
25918
57655
88489
30042
47419
60522
15179
81914
71602
84153
2706
40840
72537
1795
3505
63624
96929
10730
40619
10478
15478
13083
87468
72030
88810
75651
7739
19907
51609
39308
28689
82933
75045
50393
3370
53460
37173
77298
15985
90324
42317
71401
50006
4243
66311
69736
21028
4445
99433
33419
11900
41675
3332
44577
86532
5018
56908
44848
39787
2521
3844
93605
96265
92809
22004
54845
68099
91927
92476
69783
17967
11845
43559
69100
76
11986
93180
27131
99745
25825
93481
51957
40412
71810
27954
33136
74368
40246
74420
58134
76067
23091
97027
84458
3208
93978
76269
39475
66065
790
47741
93269
95459
31400
92007
63246
87056
96780
18234
17114
50708
55813
83901
4673
26867
44763
20520
38556
21911
97425
10720
56062
81839
45875
64101
99017
48786
23171
33084
84782
5417
79437
23709
88014
42965
16290
91540
17742
27686
56643
72693
80154
39335
94164
65733
50045
93380
80578
79751
41100
8506
62059
18836
26295
5208
803
39639
27297
11125
49776
95877
18859
34116
70493
8268
51631
5112
58995
53982
55764
63775
45570
23665
25999
37271
27615
80720
43709
18795
29782
91151
34660
13814
91410
59060
81596
91626
82105
18356
68806
43314
99658
8553
18844
63706
77135
73323
40191
42826
32739
42528
18087
14597
31197
42675
47341
12812
46329
53025
18878
14071
70329
259
9165
50031
17569
35377
30657
96692
63757
24065
8473
3439
92935
59174
31246
82406
24311
47161
21256
17912
44591
81061
92606
22505
22675
80157
64586
78024
9358
10588
6034
14242
63394
54236
8359
27362
69067
31405
32927
59509
51747
66487
96589
15469
64397
40415
61399
73763
81822
87635
37510
4448
8548
95960
89365
68364
84523
39201
85520
93826
55922
98627
85254
48524
54853
30189
25820
36289
14713
37059
33085
75663
97496
69306
44220
24474
28284
57574
32321
53206
27338
64270
14606
82101
73408
25684
92904
50739
24301
14289
48455
56245
84079
19312
82626
25870
33445
85774
55517
99026
99533
88913
14634
27682
46648
90002
17326
25743
58162
11872
3815
33233
59452
32643
34123
29326
71579
77373
49391
45038
77744
1086
52972
57929
91314
35723
18357
88912
73127
73768
79219
79291
2985
36879
61619
96818
79802
8645
11735
35818
2855
2673
47359
97484
6257
12525
35265
86195
58862
656
87504
83097
2127
9816
60709
69426
24490
11233
61342
22807
81737
50286
96977
22700
10350
80139
86021
46327
47877
8008
25681
25091
31856
49940
21169
70387
63160
21128
14187
62992
92907
67337
24312
89893
16622
22864
9334
63252
33676
29847
87415
37134
33344
23241
54210
82698
23191
66082
11891
93348
75415
9419
9340
50645
44460
8558
17894
1359
99029
27660
42320
51991
22563
78899
65158
31142
14048
94267
45372
10077
93702
86861
30953
59399
31383
52092
3812
27417
28699
14097
92999
89138
3865
35760
8836
47277
7350
45404
38589
7068
51912
94029
18947
30165
77314
60898
87277
11070
41150
84856
67402
48639
14583
42374
13997
51280
87908
42165
68179
76829
39095
23649
48611
76049
82421
3902
29120
89990
40555
3036
55504
917
69084
49794
34661
23565
53949
58786
85424
68017
38005
13955
8136
66798
605
1530
55456
36876
36724
69547
97736
92684
95613
91829
20465
112
20676
95187
24062
54266
58051
52552
68033
64882
90296
95825
66930
35655
26619
76859
91730
74640
24915
62964
96687
3228
85385
58108
32351
20363
11947
64501
22691
23440
14883
89215
10256
27120
5995
98407
74143
79613
73638
95087
85241
94147
98029
81691
9715
58063
46091
81250
42092
36861
66882
94275
75404
32814
33561
41175
21108
99089
18627
44679
721
22957
48615
6420
93243
15812
33712
49341
75715
90870
21955
21404
49577
13903
33952
49324
40122
56951
31867
40633
21040
96047
22283
66821
25577
26122
49278
4478
24669
96628
51296
55241
20946
65969
34044
90962
21521
81056
98995
64933
86225
68992
18190
24761
44470
72141
13737
30652
11882
81176
96040
35835
70694
25427
84651
96439
29002
41255
85491
57979
43870
49034
17358
68394
22450
13898
89605
33306
35680
59385
71453
1731
73287
91637
8342
12246
99022
33458
51139
13532
31293
67201
19455
87195
32199
31294
70033
28091
94431
18436
37759
87799
15904
2828
5155
66291
19203
91597
49690
6565
4127
14632
92027
61062
66704
63939
56903
97429
33517
69816
10021
89233
66544
998
55032
6558
96814
78077
21680
92143
45806
47388
92260
39299
82278
93070
20671
91491
6322
93766
72483
81705
9708
45119
84442
19618
45985
3394
850
56101
48932
28666
13501
65937
78915
69733
36709
72894
64999
18582
80072
62271
85601
78631
83705
86884
98362
21880
88437
22769
3322
43187
86966
39351
37278
68166
64240
61451
84241
73822
64925
25442
18343
15998
32195
34287
10193
2618
8324
29165
42830
29177
34160
33195
57662
18772
36918
55939
19344
30388
82765
98996
6911
46879
39532
62885
85619
13211
49061
89415
14510
78109
98705
71799
96347
64733
84402
55265
95497
19573
70086
54673
22395
8148
12536
13161
80829
29437
56284
13599
74008
16023
3470
57982
1349
19401
42009
9735
42455
26701
85699
30906
75105
44025
24140
50975
6988
48105
94387
15265
49138
62807
24493
79374
56327
56744
92096
30366
22600
19234
59320
25047
89551
87033
24290
99136
33879
20087
81695
57056
99304
67993
52102
2005
23127
30211
82345
31730
27714
41923
18845
59755
33532
58368
33839
89155
5946
85945
53682
79598
48703
53841
12029
74659
27871
83969
30758
10515
45919
4321
75510
33006
48045
50159
92717
91596
35347
19585
97866
46874
46794
26625
67428
64598
24533
99466
96267
31611
61407
79420
43097
40698
85596
99599
52905
47800
18896
47973
80213
82700
19287
3905
13518
12458
606
50833
95772
22242
61090
81633
21603
74891
39297
9828
77128
10965
30004
9891
83507
96485
5246
87309
7291
16011
32196
64728
34365
75856
17492
63232
60767
3922
39609
60118
83697
39279
76423
49459
58157
35445
35335
58116
70536
90955
71547
38776
72990
77721
91661
81381
66025
52096
91403
45216
26982
41301
47180
83497
12891
88681
18090
3244
71214
30329
34773
7805
17080
6633
29856
48904
60231
50135
13912
94341
86929
14569
8860
79527
10793
88684
93075
58169
96743
85767
42508
44795
58101
71757
76148
27560
70176
43742
90462
1370
62436
12880
35556
94882
1742
6179
56057
12952
20459
47868
1126
80244
3789
44758
20970
69848
95067
70278
59497
58895
54544
17381
35217
21800
12087
3374
83932
70865
70012
33736
98523
99484
23244
74318
88041
99346
86384
14966
4036
94095
80558
91423
89477
22614
80801
6070
82470
158
72907
60477
84475
92854
49570
12007
89946
1499
11816
77153
55657
82917
72227
66948
262
32538
10976
852
81238
75475
91467
59536
82038
85952
37179
87506
10362
78930
64715
2458
47842
36699
19480
67144
78736
12566
72489
45425
98107
11351
68194
86320
66806
82612
13330
36427
40729
76036
17210
32450
6971
54796
35348
66957
74190
44458
96456
52716
80561
49161
51102
99616
46784
17123
84611
73873
92287
78610
85212
31772
16859
47451
18648
37163
74237
8984
24820
39105
4867
29013
84297
7953
77377
71272
51610
89941
38888
95084
97910
52342
31060
73049
53268
61620
88533
6934
44819
31814
14041
8568
82882
93679
15322
6835
20272
37259
77866
46670
82853
38803
53183
32776
67309
14025
81148
97527
41265
94060
8280
41978
66551
40193
66008
69457
2134
46955
16721
32175
78700
67347
67880
78398
74035
71774
81606
7850
39579
95040
87391
66649
38259
44827
51930
32403
37691
61900
8959
8247
79832
83059
27725
83808
7140
20744
62679
82239
44676
25285
3887
85748
34003
30987
92169
75791
31154
6652
69528
62408
66563
38394
53036
59175
14130
92852
64885
98970
3196
90629
63581
57923
62856
93109
65514
75458
94973
80784
31137
61588
1174
53459
58178
98108
29402
27274
23769
71104
75200
71464
60144
38652
31003
39315
64880
95288
52575
77807
25693
36935
85224
13876
63314
60270
16558
74644
33451
36881
25363
27154
59185
41007
88874
11958
57285
47928
46875
49551
51108
62302
41708
59220
31546
30217
48044
98604
18767
82357
54606
89936
30858
76831
48186
67211
2995
57561
10956
85128
34671
98380
25378
22709
68712
31647
90633
39879
8109
64280
63876
5921
40004
5250
21138
52123
55916
17301
68494
9665
78577
38092
47447
88334
59641
64487
13064
95238
95699
9737
88420
24758
72306
91785
1829
72202
1004
30915
75059
54692
55909
62418
19747
74380
41645
69055
42059
76508
97744
13970
49746
10705
73896
8190
92984
73254
80395
67766
5966
64528
86546
64321
50162
13495
52075
61636
56219
76420
94026
77483
91253
3241
41248
20149
11644
55841
7080
62984
42517
68164
596
78530
98651
16261
74698
46344
36007
94906
22422
58725
78936
55667
85860
86660
38785
54405
88570
67900
21116
18551
76697
8692
86118
38093
38969
81256
16811
71045
26894
38069
51195
81082
23892
65783
58927
89850
13249
98786
68479
11155
9547
42089
60329
19648
2353
67711
86352
27201
31518
46908
13607
90907
18053
24022
63541
17882
72806
28916
12296
35338
41193
29544
7363
52370
11299
53550
68743
77336
1081
15568
27406
33984
33379
80716
98164
45707
94549
40373
52538
15602
3769
32357
99093
76924
43058
48642
38847
40494
5388
10648
17553
12590
96287
63614
28539
77154
65591
62010
82766
64035
69101
64579
71715
6871
10938
56183
45088
67028
72586
44042
68133
3301
50014
310
98574
20301
99731
44045
27808
15365
83398
54479
66088
15419
61686
96908
61825
9875
55506
31949
78986
16246
21973
75795
23506
33675
15379
97311
96016
80725
79322
91144
33874
32665
12520
54807
47285
80956
83734
1001
3520
65234
40220
15034
62136
25253
24137
8980
42093
86208
90814
6487
23888
93237
53215
35516
81374
45711
89022
96284
74610
94560
34168
42914
19112
10171
86718
68853
36265
90052
32130
45183
51038
63174
94158
89902
30739
44164
16320
64148
49310
99440
71257
4766
47849
83184
39136
71431
60693
85052
65537
40607
13546
18744
94365
80434
15404
27055
664
34937
68189
81813
54739
25941
61114
11419
92240
1535
68562
29816
32891
5329
76466
7345
66629
90945
58538
30690
23676
65178
67052
21746
17915
91445
32735
80868
49982
85793
60232
86054
87587
53691
29621
95151
50813
57597
47980
71106
33618
74362
90836
88067
80656
96958
4332
89404
59212
53221
39169
79419
85752
84309
58215
63595
43719
21486
51594
76481
60943
34384
11391
60370
74523
7419
49708
25660
75805
50107
97217
45515
36930
3648
21488
98214
91728
83998
94076
4122
14656
91767
9096
86743
92903
72597
19672
94803
63128
98324
93093
32049
24352
39116
59772
94979
76051
92405
24649
43167
12826
84409
41823
68111
13928
24959
38511
18384
10033
36661
77441
8653
93660
70360
31496
73644
61478
99364
74458
61350
20282
49967
32392
36962
62457
49859
85170
50950
52380
83479
81985
59490
87677
78826
93167
52361
92830
22193
82865
19489
1586
17646
5927
82453
99722
58358
48309
80748
45626
83669
94809
27475
12271
33689
87688
4596
46838
98061
92491
16285
15788
60291
74023
16169
63689
46459
98121
25520
321
4261
30777
66353
36655
79206
10539
89679
49899
77823
74557
2276
31609
57078
64110
45780
41136
29108
61929
28525
93526
54955
80646
76473
37037
59487
22009
14658
24557
23254
30098
25213
21595
72006
96879
91925
19102
65098
1127
6214
79604
48167
36678
23951
19923
93793
88169
82142
95286
28851
48664
51361
11468
30206
81834
40347
30982
44089
37120
61804
74579
24176
32075
75989
29903
93856
29602
94407
84696
46233
59430
36737
39629
5758
8821
28026
72976
49732
45132
40238
27250
49845
52746
65628
12894
63851
44618
94864
24367
73559
56965
37257
96974
53049
25428
75292
91797
45996
22202
48008
17274
80976
29936
97515
5798
44660
98233
25584
74152
14982
44311
56920
33196
79557
95802
79393
20912
80669
93980
41031
68355
22126
6471
27038
37147
43855
30797
828
37190
79123
74561
43994
47878
43460
65245
6422
40172
99050
53232
69348
22801
10026
18000
9892
21327
36563
2105
16985
29170
58269
86999
32784
37547
27516
55129
88129
4055
54422
20419
18382
77334
55655
54167
915
84852
2135
66289
73823
97784
94000
91301
16736
56556
18376
67827
52606
66541
5538
10282
72621
49923
52340
93905
56887
28426
73829
35326
93433
50020
44590
1274
74288
49267
53086
32886
52232
26928
80001
55397
19627
43806
88792
44518
52063
5759
76309
27035
65347
58575
72585
39510
91226
51482
8997
96377
99509
6075
4442
19985
31365
13828
6868
10821
99782
31946
59365
99178
97919
6458
67361
96583
1483
87727
82108
66430
78855
44469
15152
10615
50379
6429
72820
13870
7715
2677
10157
15545
91487
57514
43385
76757
56861
77634
39647
92850
25322
85644
68302
96523
40000
91273
2363
80245
56803
10708
66666
77618
98675
80923
8460
96127
73306
60116
3748
61763
78954
47290
47985
78604
28722
46282
2049
83825
44040
59332
84269
38537
17716
99703
78219
2308
2718
60823
24646
48276
940
79826
69059
45946
69344
45483
8430
10698
54035
64105
67281
45590
43421
71090
88386
37467
80676
22564
24527
96614
19811
1749
45186
50526
26533
24665
35664
50771
77209
32126
15429
4541
33847
28491
29030
89649
78816
4975
29848
18856
8004
82194
17749
55465
46593
67011
96409
67650
63194
69921
57112
67245
20205
61483
9049
3988
66906
51840
74936
12919
33791
27241
94206
12950
25366
20148
79733
81938
3406
85237
89945
94052
62720
2932
63446
58929
64904
72759
28848
67891
33102
74844
15219
34928
71425
58930
64659
56695
12763
92545
61616
49527
53229
97344
42368
72524
80913
568
70211
89752
14384
32089
59253
25514
67590
68016
90307
53906
18032
55363
73368
85882
34910
85065
30942
42447
72679
9739
94149
58887
2734
81740
96841
72646
64515
47545
43734
15714
20083
85363
57389
6842
2335
30258
22902
33760
96767
52934
34493
750
67965
44890
85606
74320
35599
20235
75756
61154
26214
7274
85996
97530
33877
44024
48265
48833
40242
38740
89642
5776
17099
98532
75691
32903
98535
42417
79202
3993
51066
87100
20194
19122
51605
8672
515
26630
22399
83142
38449
5952
93523
19781
82030
50839
51622
16531
54923
81621
91161
55008
41362
88778
24136
37396
66263
76296
98131
83683
21399
10658
64518
79645
64727
63300
71124
20915
5229
4450
15784
57995
37052
45687
8759
26470
98235
8089
20642
32148
74000
87561
11535
16832
75396
15395
21891
27322
87025
14364
25861
12191
20777
89619
10712
63565
8599
98433
69720
42265
89430
16822
74518
31765
16197
11146
3040
99326
51607
8947
91019
65456
87436
86102
91459
61846
99955
25868
65684
27968
19343
54545
44321
16294
12450
65020
95473
71025
29072
824
31988
71329
4948
32037
76696
96774
37162
64828
19681
84936
72090
90084
84820
2324
92295
49862
21617
92785
19103
61541
11537
63286
18304
73243
86632
58361
63452
96007
18255
26022
2044
31558
76785
91058
48491
36964
6072
63849
9966
57891
66923
74616
88919
99648
56072
99783
72443
48878
64000
50460
20264
63830
86917
79086
8621
69276
65275
95308
59560
46863
97523
85780
68920
66401
326
34677
831
6228
60723
9866
7377
87361
87062
84191
47119
28908
34022
29771
61569
13176
15686
82628
99478
65034
51928
57513
39261
85478
11275
46591
71614
16616
23251
62733
19435
19451
63197
78243
84352
27358
47375
61217
97266
91983
17377
99949
35786
99373
9553
20236
34942
80438
15823
94903
25529
12804
13189
29122
86908
65042
75916
2660
15356
66787
91489
49018
72484
62304
71223
15510
66162
59510
98497
59618
36672
48768
96861
7082
97156
50517
61734
10076
57165
83468
28377
68967
59818
194
94465
62746
14746
54473
87746
42737
96448
2286
52405
1003
47841
38712
87734
83120
85521
62279
57922
51726
20543
27200
21494
60210
69779
97847
6986
93255
68003
26629
73804
68102
91000
89137
73875
15607
27265
279
28255
56439
31743
17482
15416
75018
91328
92218
94239
42655
3333
27427
27132
46379
56249
38866
89794
22438
35886
40567
99894
79189
41876
87843
34074
18770
72359
46152
87857
58487
9239
97347
32999
73645
47568
78528
71310
90576
6167
75848
17706
176
41783
69598
78477
14692
45250
802
88262
8650
80786
15010
77525
88902
89040
26326
3772
49280
83156
82050
59798
51428
27544
65403
55193
56585
46568
40155
11648
19431
48712
84389
17112
36617
48826
58179
7781
55094
86016
46539
19994
49284
21535
38123
86042
34166
74510
21152
12412
90842
35342
50787
3653
29781
73078
64271
13255
83830
85518
14772
87088
82611
62631
59513
20006
46493
83610
34027
18246
89419
20120
89525
86151
96806
18426
17157
14294
97564
13566
13404
86064
75564
96595
92451
60513
32797
53699
99496
69709
85828
10318
81549
36354
93385
72565
72080
61158
51765
9204
33064
66366
242
64667
28624
91509
32267
57508
29087
58329
71778
2282
21660
68770
97590
99633
76239
52833
10564
5500
23664
51342
7313
97202
73942
56942
87049
96345
96773
77087
22616
46250
23866
65145
41751
64965
46930
26891
84941
68715
18417
47753
41870
12674
38466
36606
68185
92913
80276
26876
49385
37874
64442
66112
70575
26552
17329
84445
59920
64354
52133
86052
22369
45850
24254
51981
62124
54384
46770
27091
16524
82851
87350
63302
70494
17847
38921
78333
5832
58636
32531
96294
75176
42756
74464
88346
44009
8366
12326
16693
35152
65508
59961
5810
855
70347
28981
28101
21221
26904
39275
91591
85441
49371
95837
41993
50681
53601
48722
4342
39772
7211
91085
54844
44405
34584
47280
47718
41720
58898
34900
80262
98873
19714
23115
39197
68930
73425
95410
84949
6441
88045
20004
36469
15506
40038
49237
89806
64410
52288
82366
81075
56460
7587
76501
25639
14873
29240
50860
50288
270
79772
85447
82199
98059
61998
94602
46942
3325
43501
93501
61723
61682
47622
42719
55998
26600
2278
731
24146
70503
9560
18160
335
93213
89276
59597
3045
60485
74247
95021
39776
99857
8840
93648
60959
85346
31537
12969
95072
63403
69153
65543
55955
57150
8351
30270
92542
58249
69420
36434
7236
97716
43659
42782
59345
77814
88255
43891
62543
5010
18397
427
52256
62220
29741
88203
98718
78275
96918
79678
55630
22889
14554
32791
91172
50674
38307
70978
94733
95654
12343
16207
25776
95253
35067
83511
16295
681
9257
4569
59856
89453
95281
43240
80616
5959
76698
49205
29440
69141
23003
4195
63120
96598
49576
66609
54984
74548
97673
54368
49870
26557
44054
60466
9783
76753
31719
21783
88144
36472
36533
27741
17878
91883
67244
30976
28368
60830
85929
48514
87958
8561
56515
49849
60314
41123
45604
68978
84347
73457
2406
45808
78771
96017
14895
53564
23703
10723
75338
65009
22636
30544
5372
44152
8039
88689
96546
67888
31394
97001
47394
17205
48983
81235
28458
60678
4822
7582
47363
24921
88584
18860
41707
19036
48620
18176
85457
22127
70152
77527
28066
2281
46103
55323
95415
95525
42296
6343
99709
47677
67408
45469
66256
60813
16860
37805
49369
48654
48585
31897
53110
71340
73553
39361
31644
59297
57846
10526
20956
96925
5987
75885
72939
52081
48239
65319
85402
34922
59752
67128
87542
25255
39896
33284
95258
17312
6691
80632
62768
19019
50983
36623
87341
5276
36921
59084
83258
13651
51769
63554
2829
33840
692
10867
14725
30498
3046
95757
49773
58408
28805
17097
88226
96278
55416
890
79663
81349
62177
76639
82342
65014
63990
32205
19225
10094
86686
57852
2023
62050
37846
78751
14928
68821
96866
22933
3990
94257
2727
61372
22129
83841
68755
65093
77615
8444
222
37365
64754
55494
62873
26062
90826
95977
99479
64695
4370
69529
56313
10175
66299
61910
37515
55943
35392
33436
28573
95761
15943
50791
31843
82401
70212
24841
96187
84656
11893
29775
29426
56023
32028
95246
92716
14496
88674
96412
24182
46041
17588
9492
84346
63345
98262
27599
317
78009
78252
38145
59031
27020
43504
88299
31061
48294
98280
9556
18165
89125
19885
92381
36547
6973
76543
95844
91362
27257
73775
93588
96815
25551
86661
40589
96019
61494
15214
99395
42776
81016
71553
5346
3385
96564
90302
73857
19430
33482
23180
10228
66904
40591
89670
8001
86106
65926
29768
11832
27906
97042
82051
28733
27846
53083
64800
38321
68405
12226
39976
97565
20589
18955
32200
80034
6106
52355
50646
9621
33116
56060
9402
74041
50216
78691
43920
73328
3259
25728
83447
47846
37939
72136
16900
1255
47668
9368
68058
90746
39013
99887
87005
44584
83568
85043
96465
37428
8253
6751
80836
52800
78345
62428
4889
19614
99391
10551
9833
5051
37940
34626
93866
37908
41404
49342
6820
11603
92475
39750
32539
39419
39506
64722
11089
87097
13217
71930
20468
55747
87777
83235
29578
92438
61551
77607
17753
53868
5496
68192
53738
30845
95012
21606
8319
72461
50236
71198
45234
97333
27318
41481
37970
94842
252
14251
87907
45393
30124
91879
86572
42516
33130
2164
575
78517
85352
43356
1710
29971
88359
7171
7570
76485
21444
33054
87708
55702
74658
95030
19283
15275
48507
57719
29166
97869
95416
11661
32769
14535
77558
29845
9423
67852
53356
47724
38151
44351
59149
62614
71331
98663
60947
42096
13936
44712
66751
67850
54391
78256
73968
5592
87563
76075
52118
79581
91235
37984
44571
18202
7201
44219
44232
18323
12415
6833
47534
96567
53664
94530
18884
80076
2213
16447
91786
35372
54475
88562
55426
12971
62681
35436
12125
35020
51756
89257
39693
2494
94332
90550
97804
59477
90987
47336
53105
88975
28971
99861
51973
83086
14456
27316
55019
92510
99829
14576
54509
54815
95848
78602
22345
32664
14650
76885
69908
41107
11238
60799
69307
5077
85298
16118
87556
28157
99679
34129
24458
75350
94677
45622
59785
45720
91910
88184
41618
87979
30038
83013
60730
24952
87213
48187
38831
94510
20643
185
75686
62939
37840
72560
90990
65341
23400
62114
65018
80143
69248
51163
38611
30137
26155
7215
10164
89923
17517
42501
1449
96730
68050
27167
84926
36428
91313
79175
88740
67763
12799
80863
5023
87428
12903
96482
83160
53865
60530
8400
63644
69972
79283
61208
46780
90384
23178
80316
73779
67922
37367
77004
84498
3336
39917
47920
12395
97247
64973
3086
43246
60467
34855
15641
35082
83565
33252
47387
53318
52815
30574
48864
79403
11318
28854
73883
22877
43363
17963
37492
97946
1024
2528
4153
73502
58376
89625
31162
9679
25320
70276
86212
95044
62214
49572
62650
54437
39425
45957
85650
17218
35456
49644
66389
68608
35851
18703
30234
21316
77052
69422
35141
68564
6702
20551
71795
45054
63506
2331
86224
33634
69488
44843
18018
71590
50312
70272
95570
56001
3886
88137
67302
60462
9176
36329
45316
35554
32447
77855
14462
76713
92945
33295
62308
50653
26267
94134
75225
10589
51375
55669
65360
79920
72522
70399
60009
94480
11406
6640
25758
24580
34609
82522
89906
31941
34242
98067
63972
62717
98753
59145
43048
75610
66486
86689
5475
8080
44270
43516
1918
46488
52190
43012
69524
96247
53884
17537
62153
40548
4643
65689
4645
88767
94630
38469
66665
54761
31972
93409
23493
40308
87502
5615
36113
89528
59956
59884
70857
38821
37998
47424
31968
39320
18269
9401
22927
23957
50184
84948
62588
75342
31477
93713
73288
75979
86338
86522
68068
10602
7993
74209
28694
47133
702
77651
49795
97345
57164
79633
67296
72047
21569
55373
5295
24388
77431
30348
9661
74147
49320
27382
19565
48371
64236
30748
66926
9730
91874
39084
33063
79497
47955
36103
1109
68613
37615
8132
7478
78534
4771
22457
3822
80439
2212
86448
26927
13646
7824
42840
38201
97753
21953
74842
36620
27078
27950
4872
35805
43642
53548
33289
59099
75219
16129
92077
70834
23345
36549
38323
17039
65095
12586
93020
29293
21856
64115
30815
12669
51740
91838
72946
88586
66252
59623
80064
7264
20040
64452
73204
37832
13151
36991
70674
38725
79314
49515
92591
30242
36557
90503
84907
11783
4848
39168
86333
86817
30097
14822
20747
6169
34039
82330
17354
91820
39892
28518
7348
19081
15806
77717
10241
90301
8027
39200
59155
14431
37320
71138
19795
41399
42629
66616
37827
2500
95144
84945
86712
13952
9751
78788
89023
52644
94556
77917
64292
21045
15767
24269
76456
62587
85581
48938
7878
86303
21440
73005
25873
61070
86207
42235
70340
35037
70650
90293
67476
5739
95750
58202
66001
78734
28221
83967
50835
3893
65078
33747
28386
40655
48659
71031
52374
4371
82607
2103
56688
5676
83822
67541
49202
56971
83880
79744
6563
83205
24880
96891
83691
10714
18177
90127
63298
10351
17344
98721
93286
69403
62988
45714
92791
36127
62468
66217
31509
33872
61871
4762
42183
87652
34816
79785
24282
12290
50556
90868
48067
79010
75355
67676
57768
59860
23346
58176
29412
76494
12573
45182
75661
41210
59471
20366
69753
21538
29682
7467
50432
69748
47112
48492
24891
21681
19791
4923
36147
9448
14282
23607
78654
59066
49988
67446
58011
72781
67176
91725
44786
95092
57173
36559
69714
41115
64191
98495
13666
55773
96872
68754
49196
9230
47163
75088
40962
26433
58243
64818
36346
21802
87630
50998
22550
84683
81099
14449
39389
8524
42752
27197
21232
32935
9278
45337
82163
59928
14357
33439
13976
17019
11129
51356
96297
1029
41282
71398
78040
5101
42565
21253
9362
83422
45471
88310
82763
4740
12142
26825
79603
2362
82833
28364
40221
52695
64294
714
66147
71088
8165
9647
70715
35841
54925
37525
73334
70948
33817
677
97641
60877
32719
6189
27933
2863
16834
14213
56039
46602
36403
27028
69764
88305
84920
35610
80115
2914
43130
18085
8147
67331
80918
22488
60949
5585
63568
67414
19594
30407
92415
69879
14586
89442
82049
34769
73248
17011
53313
36774
10763
43552
91852
74955
10199
68732
37801
136
18461
52590
38099
95135
67938
22676
49970
62096
3197
63654
71108
36250
22462
94211
15603
61764
11345
31673
77799
66981
71143
74185
74665
54573
59731
42861
32291
16507
5011
75546
38778
95725
43958
88526
30580
44144
17042
51523
88149
18666
76791
49024
51427
57999
60785
14611
68340
97814
35931
95354
55612
98671
83026
54987
74363
99991
23868
67633
99790
58136
94124
38772
11434
26699
83777
10379
79261
96055
8451
93357
45951
16253
38708
31059
40667
58501
12628
27981
75028
40136
85049
2643
66863
72981
83540
49855
95527
42035
47362
4269
24614
26789
55119
72505
38329
17076
66769
36735
65762
22583
48020
945
36125
38578
38945
7118
2143
55343
84000
35977
89440
12656
15438
86262
29719
68945
58342
54614
7175
38519
17952
88784
55941
37230
3038
6040
98335
54090
79464
81168
62299
87112
7778
19892
80182
19388
59266
81990
69581
21516
9586
84099
46706
42294
83183
76748
56692
28363
53308
57761
55429
93819
1826
93680
22086
9605
12716
25299
63042
49681
40227
39427
44892
26896
1870
88546
27606
2781
6826
17570
82364
69136
42815
21007
89133
15495
7188
78606
90665
64136
31831
45426
19958
64090
22059
35393
92709
46020
16500
23340
83429
14338
47495
77676
42255
16605
70130
71060
18934
15378
2730
2959
44255
45502
49003
69844
19799
8421
58023
36089
97235
4722
70155
54728
92120
97305
42472
68724
17881
66596
68846
22748
73018
36834
86630
75992
71209
42935
53802
45634
23870
74153
11347
61791
82764
59052
73337
8499
60554
29871
62297
4084
21827
92074
22707
16997
83733
78702
81356
72321
11355
45095
46532
75737
58921
69611
97941
70418
35563
1120
86543
90792
95690
66997
69766
35824
90450
97165
39228
70310
35568
85473
73048
14475
85804
46707
37372
94853
85983
97453
75295
29626
22677
39910
21733
76363
85356
72084
55766
69335
97454
43064
13827
75033
8469
88064
5466
73275
80880
81687
3623
30786
7290
95903
88765
82114
46393
55562
65442
28449
30378
14795
7811
6466
11473
91180
12020
54372
45696
50301
6213
70109
27419
77420
66452
55277
57340
95522
45335
90238
89866
75252
3029
75962
34321
38370
48624
87176
44081
77926
52673
93337
12860
68362
99665
19549
78624
42872
39021
63324
75048
75044
11278
58569
53956
75333
69173
55317
59209
78761
23383
86604
88633
54448
78486
92308
77142
14034
29495
92193
93708
36324
1896
62349
70
89531
17050
5565
70814
28708
28149
80709
93996
53855
92714
56706
90213
27008
58092
76000
93961
92994
2870
16937
25798
25205
60016
15923
11076
53434
79326
22684
38204
37009
7869
96043
50539
89949
31068
45964
53242
88167
44731
73117
8352
86032
84897
89148
99199
27068
96696
53248
6859
74377
80381
31821
64125
32160
51877
550
24302
73711
23490
67040
73274
93209
27187
5370
68319
75175
61175
51935
13697
39924
12792
30326
59169
41458
12550
54662
47892
3615
89738
31604
90619
34174
95980
6597
71370
70118
57277
94014
96851
83292
22351
30922
43250
61099
19853
19720
29190
37810
55786
61837
31569
46063
61708
99350
53225
34188
97751
29048
13560
25987
46404
44659
41838
26047
2111
24728
86038
16439
44189
46484
94385
29800
41203
52465
14039
84200
18848
32197
32396
92178
92402
94580
13998
46776
79412
17663
98105
56567
17926
60720
79155
2424
1443
53764
73852
19660
13598
1381
45205
71242
39123
43057
51832
64160
24850
13277
67035
44785
97931
75922
5780
8017
44878
88395
11180
85372
81590
33602
59943
54825
99436
92953
97213
45249
21453
74723
89306
85132
50641
47847
55577
45642
38841
33862
46944
73349
99323
35802
30767
85336
62484
58820
36959
98069
53186
2692
36010
97190
80409
55860
24518
2809
82550
11331
34670
18682
23594
98057
82813
37486
46414
99520
96100
30705
75854
27609
59906
36667
36331
28993
29336
18800
53500
99631
56762
22745
52599
61348
64648
40274
75842
43000
87255
18379
86570
98734
87197
83775
89025
9214
35791
83769
57595
89224
72892
78347
77215
64699
94008
26501
43471
80224
80662
38016
42722
18570
17118
41216
15201
26334
10994
42334
12562
21715
44942
36012
83260
3182
42259
21958
13423
62688
23869
45488
37929
98835
81188
95852
88434
48591
17481
47890
73587
97495
73453
87916
11390
3298
19377
65802
88503
52189
99236
76045
8974
54028
26992
58152
524
86566
78270
69698
1084
34911
77958
56013
32687
1185
89102
86295
8487
97900
65272
95940
99834
91062
88630
84098
44514
1934
5972
84935
83019
88549
549
19250
51385
91799
35223
37869
49715
70504
20539
38940
13904
80270
47302
76434
10784
46427
20295
22000
7633
37053
59990
57239
26149
79001
85936
52260
14798
74476
67016
74628
54021
61670
29407
72364
50899
78244
8534
81455
89895
70896
6607
17908
61833
31126
6814
13010
60570
43866
85246
36077
36288
11078
592
95341
97307
88685
66421
91708
38435
50671
45
86924
46417
22771
8602
23279
49193
62361
102
72010
95180
61570
30789
9642
68780
32960
22766
4593
6748
98653
87313
81775
50768
63002
41392
8261
78507
94508
85257
48282
89031
58962
39593
27376
76770
94548
93510
82646
53020
35780
39018
6500
74935
83299
44172
19267
14015
52933
96240
37058
46627
40821
84542
82523
40229
27056
75568
60673
80893
83451
95803
34766
99217
99529
8412
62154
98144
93774
27266
43973
86625
36053
21584
80073
73229
20706
98452
24329
57952
96339
91700
47550
79491
68932
36313
56912
76936
80821
90121
5479
38837
44183
39296
55051
75540
59574
3533
57097
62812
8370
87196
9052
93428
55990
69632
75179
7302
22467
78972
34656
96363
33662
6063
61698
4660
17539
34013
16224
55442
70385
48150
46957
6758
77605
48412
51171
58805
15277
52540
59992
84367
8661
16702
93208
56242
68451
68654
60655
23038
70270
66288
29330
42547
60760
26065
12368
13769
31732
72926
77806
9712
66881
1240
94400
14322
68964
82460
86587
33850
44191
97105
95314
32646
71550
88174
23982
46914
88350
12836
78048
25629
99855
62091
41310
55420
21579
54218
64373
73871
82873
37720
2280
16689
11771
49232
19654
30994
38060
82074
34376
2620
97749
44323
12922
42357
31708
79136
79679
57904
81760
43946
67833
14028
88717
16395
32750
92315
64983
75106
4856
79337
33336
35047
60206
30230
73420
68460
403
13212
31589
61911
53277
77886
94633
7507
90146
46976
78960
53099
85813
62630
73805
69221
80892
66105
43981
87844
67603
54912
59696
84915
27662
24294
58529
57972
4024
887
33495
55246
27148
24211
7241
7259
90028
22727
18561
61940
31141
28764
75325
67705
43558
30831
98744
42933
97569
46403
93896
8454
77326
29027
25579
23320
65140
21055
93969
23002
76079
72581
7936
27969
63778
54495
12097
63078
22502
77401
30943
32248
42878
25696
81510
30907
39974
27443
47316
29554
29559
19180
63968
23229
22460
91942
86574
65008
56667
67110
26402
3711
80647
46956
55236
15792
10849
72764
12569
8415
96574
59625
67939
41296
45098
74995
47949
22596
24554
93891
71762
25356
78420
36849
80209
60859
45927
17933
30487
65179
21057
17997
30057
84543
12605
91102
91108
89764
96487
51447
19974
84679
99305
22149
80864
5778
13796
50924
72956
50372
85419
21245
54566
99250
67375
75631
66820
60894
78056
45306
63426
54676
32269
84691
615
55209
89046
78714
44281
46902
8873
4517
90823
89294
32528
32822
33031
27923
14529
8795
31203
73854
25578
50468
89725
78124
34969
89704
71417
68396
7271
30717
22167
25108
12765
70135
76571
55594
34100
75246
43296
19012
37961
26474
18692
44874
85420
36683
18797
29274
89245
77740
25125
54083
83095
16627
47998
64337
36637
85653
13972
64333
26842
85990
14744
79509
32018
84114
39795
57276
33227
89069
97860
59714
86680
12426
95015
69548
47843
92234
20277
19214
40533
85721
82369
26954
5172
5751
15763
13869
31445
80391
44441
95663
92713
66306
12275
67724
6756
83366
12749
28023
23425
33914
89490
3276
40049
54958
6980
81363
63239
47538
91309
12291
99694
1512
44230
82791
95768
49409
77512
23630
85867
19608
47954
46108
35539
33782
41542
25569
54800
93718
77538
856
42239
82703
36949
6022
36139
10986
58404
54569
87021
85891
60597
88606
90726
60672
66673
41276
78556
12452
7647
11058
72285
19902
22266
95024
72661
41498
19409
32067
83632
84292
87267
69866
95395
50989
6746
86808
73296
67198
54161
62113
79402
52279
49531
16929
87252
27813
1579
73748
56301
65609
39237
78701
10198
95722
35776
57120
48476
90752
85147
30678
67717
93396
31785
42791
81630
5040
53708
70806
18970
7684
46961
10721
83413
59833
23562
40740
64402
51189
60773
69175
5156
29241
90818
36912
82112
26125
46065
86955
1366
31006
15465
57095
76323
52730
95387
42715
84379
73417
38317
97777
56683
46383
44343
35184
38104
21992
66982
64737
21983
75177
97214
81558
20136
50186
25648
66852
73245
6025
35550
90282
36172
58981
93431
59991
87491
635
9158
70977
92225
54111
78161
84837
33694
57471
24003
67732
54889
92318
58727
81033
81832
5167
70048
32025
54724
25572
87498
76065
94403
58610
16368
21604
50352
70573
38255
18214
50654
52824
26860
92313
74778
96105
21244
90751
14582
1368
83015
37417
42844
72061
40017
11846
14872
44573
95704
57055
69977
85334
32857
5737
28112
71847
73600
89386
61883
39176
43657
86009
48018
48441
15911
76603
5286
5638
10202
1168
19503
13698
82926
17077
25002
67598
62613
55676
24432
65548
16701
21493
2732
33201
3778
35204
70185
2004
99254
87462
17282
97952
27359
42192
65244
94989
94923
29908
84780
68288
31684
30175
75006
76168
35564
26187
55413
91641
13823
58793
44415
72603
60909
86723
77685
77496
60336
22929
12718
2735
46263
79586
95565
79553
73944
76438
10097
67264
84752
52763
48897
23387
75501
18144
15086
37897
66189
96635
54360
51305
64636
79442
74333
5480
65193
98470
21046
31922
64242
74654
71328
78658
33768
38781
15467
33240
16903
92920
10510
10893
66867
10398
65597
20875
66687
1249
21406
2401
86458
2318
96248
96282
59396
14825
45782
52826
82564
70742
88141
43765
99166
94082
86317
64414
85960
72314
12084
1537
38532
23738
32714
12959
73581
13565
65887
14304
80666
62497
51507
78042
14470
27229
40861
9078
78078
31539
76116
57159
54264
85835
34465
81581
86461
71004
48307
84177
24544
20665
44148
11171
33285
41556
21171
4123
58631
24006
26958
86091
44898
80841
16888
1033
17046
36285
60807
44980
27804
59141
95649
1060
97547
58724
82821
7403
26416
9005
9072
27121
58066
12963
85138
17593
49704
65468
17058
54745
4136
66174
45210
12372
92212
12044
1516
9434
84721
46540
63669
61882
60766
67330
78659
60843
23135
79168
22913
22045
82327
26475
47137
73761
93626
63962
26587
17104
36171
76595
35813
11830
99475
17073
13179
31130
68888
61843
15842
41942
76191
35488
47210
43771
79599
1721
43334
93864
26366
98842
92966
78025
92873
50164
76973
87423
24857
99055
97501
50701
35349
76017
32824
72823
80574
46273
29875
46719
7821
27817
68231
45048
94725
18533
46674
94506
5509
10804
35491
94410
33175
27975
11012
83884
5183
17649
59511
10617
87496
67278
13788
92247
41615
77290
98184
63519
70591
87661
40419
56758
54601
87173
37753
72272
37775
42601
48235
17477
62092
36175
54318
49595
96076
65407
11776
88745
10416
93944
98394
56714
79359
37768
60960
38891
5957
94892
71713
41616
86857
31729
63605
49821
59455
52866
32802
97606
40865
31900
99396
2141
69170
30250
87890
10560
96899
51695
64721
61502
16544
89653
34988
17739
22984
74106
37744
44451
90323
61976
19043
53761
71174
80964
19188
67019
75140
10126
63904
40701
8542
58912
74678
80849
31378
39587
67335
77005
15173
33831
54936
95672
75382
23932
51940
16113
38965
22816
64826
47056
51366
72619
74846
19079
41596
50683
86837
39748
12317
68839
60822
34974
89839
38605
2395
52336
6452
45373
13318
51246
60380
98713
61442
80397
91318
4687
15431
72504
19130
68910
45605
37794
63784
29792
61113
35258
1985
68931
46462
64020
14708
75097
94092
76190
47051
54913
60736
91746
67173
4937
12314
11569
39660
82775
51535
999
88739
37028
12318
54339
44811
74422
6428
20853
31596
50753
11172
36911
38814
88240
65043
66686
4080
99559
16046
59071
94102
9986
34555
28828
42611
24370
90136
67169
44242
72185
84744
10613
13335
77798
46846
48164
10075
95095
15191
94156
63018
98519
10092
95378
64053
84516
13091
67824
89998
52132
77130
76703
31892
98672
60426
11862
82449
8618
68062
3551
91248
48203
42766
63585
23567
39716
42323
31447
55160
13391
99309
4597
79475
75701
30261
25587
89664
46509
38497
21926
70178
17295
13775
22177
21701
96769
23318
58469
44598
20532
8160
12137
75652
92060
32772
80022
65071
93902
98294
59380
98961
4480
34871
49636
13470
2386
77620
2650
10991
6175
67960
43858
9498
27170
87064
3927
59778
97792
24529
46095
66517
40695
23570
6618
51635
79561
22973
82437
84434
58774
37422
2165
15880
90102
17941
21018
68792
94918
99577
94696
10511
7872
70370
54442
63279
11513
13861
28661
2595
89798
75895
40735
54564
88471
14416
20230
52046
11577
98809
26358
17412
82781
87690
484
2417
80770
58726
93801
37489
88275
39244
10556
2971
5068
27694
33573
78324
41507
20674
83336
87705
1788
20297
43257
37640
54838
32411
52
23998
91793
55503
50291
86375
57131
76681
13234
16523
77162
50923
20942
21762
85723
23907
38720
34415
43047
83735
90623
72786
29533
60963
39362
61066
1010
42667
17797
23230
39410
82311
29989
8327
64226
53743
36096
38501
22461
45066
1612
65066
17631
13886
75068
47996
93086
87767
9793
50197
8769
60950
26370
95781
10944
67491
8040
44537
28398
58799
91452
31269
2799
38941
75743
46892
58207
9108
57826
66888
10869
2741
51410
470
24555
26605
92091
16870
73888
71626
9125
84964
21954
53689
60143
97925
74645
41889
33977
16532
79695
54859
95303
51875
16898
43576
78593
3233
8428
22330
35461
69495
41183
71934
52478
96062
46028
46832
31117
56048
20895
11989
86192
85064
43193
90722
25386
57883
16662
73347
72195
86257
58668
72191
4487
82043
43372
86168
12149
78694
51664
89749
29323
6438
88622
38345
12237
8018
35829
29057
50965
70666
63567
4298
886
49123
76150
6921
69768
50499
42572
8193
41761
213
7557
99429
33539
95941
8961
23411
86367
9381
71881
76305
76140
59750
1867
19242
97982
73253
76361
85766
48017
56986
11149
94135
42627
90617
26608
34260
15613
38622
92063
92929
94902
11370
48994
15968
94894
48081
6906
1596
8125
8949
17150
19097
58942
20870
10332
70473
14552
95743
47982
66944
40302
88700
12924
33396
96862
73285
80390
78817
84156
30702
41611
60616
67907
24405
82988
45437
34724
42029
3821
98545
55837
57075
97428
23770
51380
41182
49163
58203
73733
21381
4161
43929
44944
90086
51498
82389
72934
83170
81632
88525
39888
8927
104
4884
84381
92859
40462
74399
57510
5717
16801
27065
92518
92676
1986
63207
23544
62098
18254
54974
52738
53758
67106
79757
86003
92128
67303
2866
59869
38084
40908
75180
58488
3941
35988
27772
86362
87164
87226
41360
5894
86936
4524
13222
63017
20885
71598
63199
11069
65818
20697
96582
90983
20668
6242
77645
34159
93029
2896
88641
3577
12834
85034
77355
80335
10966
80872
50452
79011
75363
48248
70296
46797
18578
58114
10113
92242
9203
62282
70080
21374
46890
50124
75765
1099
73497
64560
17023
42963
17298
13837
90894
1727
22455
37403
60447
57420
22040
25396
56053
63101
99110
70264
13777
28288
71140
2315
34053
23024
42114
99775
36129
66545
7602
57345
80088
26166
36307
53587
9238
3273
89817
6579
81040
67754
47156
38661
93165
82204
94731
64483
15347
23348
91789
10549
8989
40199
69571
19269
79524
47005
84557
29586
7275
98241
51527
73782
477
28611
25212
1390
3826
17628
2825
60604
8328
69960
79325
10724
70927
65337
96532
72633
4095
50832
59316
19984
77947
34725
15893
39557
51433
84968
2076
56025
29270
94117
12951
22930
2679
71268
13096
33890
92330
48120
79577
71909
60519
90740
86181
58052
88997
54340
52246
93807
99925
89741
11694
23967
448
58935
33598
89889
45366
9471
68132
13174
97284
22893
82713
7220
19352
43695
24499
96378
52460
99677
76153
53566
87228
27727
45870
98797
46729
42746
54097
92453
92944
90673
10325
6790
56817
1186
71367
3940
25497
67546
4290
47090
42972
48582
19728
58276
3099
32933
18474
86391
17703
33816
19644
72955
80128
4043
17525
39127
17625
93303
59866
49395
35188
92107
52768
16386
81287
16630
91114
99618
70884
89547
11036
85558
42125
16516
69050
32001
36433
57294
58578
73252
758
73962
32668
53177
52315
50856
5812
5137
91956
34189
44411
16932
5745
40400
71818
7253
94139
96586
37152
4411
19533
47224
17552
48580
12503
76004
53494
59128
48480
47149
79925
31463
17991
58370
26239
17521
14620
39847
46600
55264
50326
13913
64352
21542
973
40816
73700
5992
61358
30215
31614
35124
37752
97251
27563
19066
41055
30462
57232
20651
16205
32920
93587
20627
9546
23175
90538
11033
19820
73053
54398
90869
75448
67117
87849
70198
84673
24345
6138
18741
42416
88513
32650
19662
57376
33440
12188
52801
81681
10614
31515
73956
78642
4050
31336
75357
58947
82189
99936
56487
20984
29253
84248
27244
82110
17497
44723
95333
66
68918
68600
56639
42638
73082
63237
55414
89938
79055
85974
67881
7163
88532
41224
94370
25296
54449
68116
23884
41101
66406
24935
2808
60019
59282
39520
74302
86065
80510
58308
73665
15328
32980
32621
51088
2396
2031
23485
30354
54150
53256
31237
6926
82749
40673
9364
71469
22046
53588
56990
15774
46744
72429
43672
23252
18319
5075
99657
13825
10371
72048
7610
28410
38739
85335
40998
39166
34565
95470
621
52802
28596
12021
78547
54910
91926
69671
88491
90760
30194
9985
35897
1253
76214
15698
41314
68235
88959
13378
49462
86740
32532
49533
74487
57223
35721
87418
44580
49091
44176
26044
80951
29025
5322
32330
1652
83023
13739
76018
73965
15540
76932
14165
15326
69442
95950
47510
76730
13637
24829
54103
34614
87748
89637
68446
44404
15860
63170
82328
98999
30930
80319
84994
30476
70895
97534
83657
32217
88579
89418
51914
85830
37378
20748
46714
30224
23336
44600
92147
11341
64813
79223
49372
50647
61320
36569
62269
71528
96682
12005
49273
19497
93056
17980
62940
36750
21695
89211
51522
82961
28747
59978
86588
84975
97215
29836
87147
25606
2626
65265
87397
80875
73369
19291
76188
17914
16115
58112
59387
10546
20429
65680
90325
76545
94734
14759
77304
17761
52848
82288
92723
61978
19927
8093
22791
49399
96742
18050
84239
79542
11269
91549
42946
48593
17679
7588
50430
68234
47991
88652
44471
35547
37389
92241
60055
6712
47089
73564
83709
81702
4952
41018
95769
23728
35311
74703
97688
34222
72265
93403
70702
77277
4198
63151
47284
38450
95635
69497
4426
12116
22966
16816
30514
50121
9045
45641
13539
17437
87537
62718
74201
5833
25877
13393
98356
70658
33504
6386
77365
49466
77369
84421
37921
21365
53892
29128
77069
96024
96096
1784
23094
56134
35612
78095
59457
38675
26951
21153
13615
4299
33335
75959
17197
35212
85107
29593
52811
23354
51301
64119
40723
4070
59228
48352
28955
68885
98911
6068
37639
4372
73703
8891
37161
71931
350
98979
68799
65313
69574
88038
33528
40871
24291
55217
34042
65955
51646
77667
74537
50248
11136
26143
87211
43099
93506
77845
22752
68066
63983
65513
31947
96045
2414
54059
31012
27770
9006
67617
42495
81164
37557
84884
20527
62869
90118
77217
45419
52816
14161
98476
17302
77414
62003
66998
16572
20959
19960
79313
30512
15665
48306
48569
12267
60304
52301
53386
53944
10670
12494
39998
24994
68941
71545
51252
26090
6049
38472
32289
35286
55421
94209
1565
25168
45144
15766
18917
91245
92135
25409
97446
30263
73468
99980
24962
27239
77698
29672
42408
861
74932
75286
14962
41466
61129
13461
51978
43825
16799
50451
70002
9379
79005
74293
9110
96515
69656
59226
13452
54587
41522
76623
93057
70531
76330
45005
88011
92164
37715
53886
25006
48764
71070
16625
46386
41335
90620
248
90411
12057
67263
67398
95045
5378
18854
65964
37189
78888
28033
82810
85355
54392
57618
87254
78440
66538
5114
17887
57313
71891
16505
89822
22319
91324
32669
41956
62356
48957
3260
68719
95116
83676
13480
81860
86322
3602
55846
44320
30842
59844
89425
85156
20464
12708
98040
63481
88153
7877
24203
7362
34362
69661
9031
8171
8398
91001
9038
96969
73378
92093
48054
797
22996
26641
17321
44357
23917
44464
95913
44399
48992
20719
99160
80767
63673
76260
79035
27184
77170
87529
35104
51117
69897
45019
62314
16210
53481
51333
87888
10234
54388
56133
54650
51897
91833
32213
31977
82274
33609
65618
69680
1044
99836
64935
70757
36152
58474
85701
23258
56087
17848
67233
42949
7250
5184
34183
96395
39800
47291
85137
34893
67654
69126
69169
9749
25766
24257
69353
15109
96425
65894
37184
99859
20005
76435
68094
89593
86041
6017
83046
72098
11098
20800
34888
402
97532
81741
58031
2202
79463
48200
17564
481
18089
17054
47151
3101
61487
26315
14343
72526
95502
85702
40495
712
739
8029
68422
81096
11758
82808
30885
25973
18901
65703
96881
25959
25982
60916
9913
51416
58476
40334
21731
63740
23407
42269
73960
45649
46397
12103
55532
98509
46322
70809
30477
23393
55025
26762
90345
34354
43831
85197
45894
66743
48822
40697
66015
75937
96260
46669
54393
32286
59643
66129
1863
45828
80205
67854
60795
93235
21218
21139
90439
59092
16334
84736
9784
93257
94334
19044
66942
68369
87514
69024
85732
67800
58739
52520
32732
97682
48100
13074
99858
7577
77511
86144
8760
98729
55461
35158
72967
46113
73799
48792
33656
39542
35675
80811
18753
40210
58182
21310
73399
7527
43600
21342
24381
85318
62610
63407
26947
96438
29303
35318
77578
69455
55991
10702
9628
77380
94599
2614
64988
72021
8318
13762
21869
9062
17211
53387
34127
66319
69997
2421
99357
1344
96172
30927
68521
74405
57271
67982
91794
91535
8275
32530
38989
80113
56188
83628
81216
74222
689
11270
94383
41704
55438
8482
76429
23901
30901
50412
2266
3267
19957
50249
24026
80552
67399
88224
41534
70533
92822
5127
62626
10229
83780
61520
9250
49813
59011
32644
55131
31076
97063
31417
53207
89585
49080
60363
2140
8730
50113
5694
77458
48711
72623
28179
80176
65966
5545
96939
94473
34076
99389
97839
75198
67644
19189
13714
51878
28523
35975
74504
55441
96432
99612
9026
5343
82993
7254
62605
55169
53370
48118
41891
61766
12497
32146
18687
59444
76237
69730
54721
49830
98017
25093
7722
49990
20612
62758
94404
41803
45016
91
77409
4333
53241
5158
36520
2584
44135
38615
95516
63350
38854
64539
5059
29140
44439
86828
64971
79869
79845
54483
75206
93556
58094
75553
71618
61855
21963
85550
95008
58779
78964
73836
1171
89066
70271
62051
42623
98143
79222
60343
91297
14884
86472
44563
56126
18864
12305
79784
21107
57138
32523
76862
76723
8784
39172
5484
71887
396
58049
98958
88682
65134
65262
86365
70139
60936
22391
6527
55050
25355
8680
24395
17612
72714
53923
11170
40209
91990
19580
67927
39035
39311
27139
3996
36226
48284
22557
31436
33046
38330
15712
51373
97981
23716
95928
19875
29159
48219
58409
59554
83197
45713
92908
25817
85605
12346
22775
87657
15240
963
4500
79783
19296
22778
68850
86746
71467
63562
1101
40383
10456
5499
50788
39827
33644
19340
7381
16159
73456
92448
24525
32127
60065
10837
15564
1645
1453
132
63282
56186
21645
10924
90199
4461
24459
60014
66216
13592
21022
60277
89100
72593
64147
17465
77035
99501
22528
46078
82403
6881
86129
60364
77689
92784
1226
33626
47809
7181
34760
23267
31384
63941
85201
12460
18507
67710
68541
70114
38517
67649
74148
36909
42526
11718
14167
95214
45839
31562
25985
84726
47254
81200
64514
85651
47197
44224
62320
35090
73216
75576
41140
59933
16089
95594
8459
54068
3732
60858
59832
7547
45331
72707
93172
76241
76044
42640
6944
7214
55965
73295
26514
6185
92844
41990
60683
42990
52822
85263
22295
87950
87547
62868
57331
22795
37356
65383
2178
70874
10166
25865
38676
42462
2457
86069
85542
75495
27002
66646
51258
383
44314
58426
98860
11842
80756
53667
1114
34264
87785
82435
40147
74828
97577
79012
9330
20625
90279
68803
8
28905
50015
12845
19307
18755
54369
71337
42119
84262
74648
50944
20779
87709
81649
2827
30164
40032
42448
94810
48921
32239
52472
62222
86804
79227
20987
39254
31317
53978
67411
73498
48828
54900
66639
61575
12779
53657
6387
97120
66858
21727
43276
43284
93987
79978
3230
97706
67025
72992
84298
62642
86672
12614
2940
53204
68300
84917
45059
25071
74697
49631
49756
68045
33928
9091
63335
63226
90705
19417
9576
10406
12035
92307
95523
74519
23217
57919
50043
97810
9571
54174
58392
74264
37733
42372
45090
35677
12094
43848
98219
148
28326
44681
49607
90220
55203
53749
22410
25120
16669
26919
76070
50148
13186
2171
52941
87233
80307
91583
25607
63303
44213
22585
84017
7513
34375
94795
46144
93720
25280
42758
40496
70553
53184
90131
99585
70916
99220
72266
66896
91213
84032
68900
7701
69445
13
5139
42984
22035
94234
19653
44463
82573
60253
91341
77440
65186
6648
93212
10839
10627
60088
66369
68356
54164
77088
57664
27410
14371
41259
70072
16626
91477
69800
14839
2580
97873
24788
2249
72942
62475
33010
44742
97914
69983
3552
18275
17101
74121
96167
39467
56726
19334
11379
70735
17229
42618
56277
31178
63780
57553
79625
92572
90534
56521
12851
35399
74922
11971
9487
72690
48772
28640
86990
14414
45489
70158
57220
70706
60184
79558
21376
79735
55849
51573
70530
95243
78992
88950
2610
4204
66175
47480
28422
26657
67193
67091
60525
35292
21339
66275
2582
57171
75665
14087
56672
41108
7416
51214
55007
93055
94953
24559
58419
27818
80589
95655
64996
94247
8712
81877
65844
60067
37432
12607
6157
56834
10265
23028
20220
92880
17368
6505
28165
59243
74084
49122
69305
33409
45288
15026
96083
18066
33479
78769
28784
93632
35254
58465
56961
95828
61962
75502
95139
49550
11676
28446
90473
27634
1728
91079
73076
55177
37423
62594
29948
53623
65739
95373
24923
94597
61973
24047
91050
39058
31770
15325
66055
23581
32765
20547
83000
39882
23853
31871
37107
80701
11608
27426
58395
58830
76982
36493
32858
87632
38487
90366
28407
64674
62965
23773
62280
28565
29315
32287
96325
12293
10977
79236
28299
51871
19050
10504
13812
39932
28035
51715
16090
90088
72540
78308
58221
85885
20215
51261
65368
23589
12251
77817
64827
68832
94579
91569
35756
98372
90802
79861
44029
17993
88657
24429
44285
87156
57330
59711
72684
52173
1558
38752
60319
55956
60368
9858
11168
27195
5663
61467
31649
86806
67032
97535
43326
22574
66569
37716
58159
50938
81409
36983
52915
91677
13045
50880
83695
82379
77509
54409
95861
61552
52040
74244
75391
65812
96368
26085
19204
89476
96440
9987
63077
20247
49499
14777
33193
9509
27885
75838
91999
53753
70886
61738
61604
25936
91433
57917
99779
27110
28228
98616
1955
92499
89183
46814
93512
97539
71118
43122
10576
37400
6315
1871
90381
34491
30300
7178
19216
44500
93857
66068
715
23321
83602
68739
12791
73125
80459
5788
83630
51757
65554
89645
39788
14436
86683
94414
73183
34007
81286
71503
23235
56274
53081
18197
85848
23422
21400
61030
18114
4194
81142
15333
97776
42577
27836
67585
52685
70322
48234
909
70716
7141
76264
16185
57976
79932
7448
57827
25741
15382
6281
32066
2227
65446
74431
62210
47412
1605
44419
69308
57738
26740
34489
59415
69630
50144
7174
93415
78651
74746
31449
59279
14108
64516
17548
66529
68869
20793
965
26572
79855
37094
59805
24961
70772
41064
5176
65993
97131
43006
48471
50611
55572
38091
63577
94432
8387
441
14303
67472
70750
89753
8610
36954
99733
53202
94219
40053
14407
27647
85532
14138
77014
84322
18078
51722
37155
14905
47314
38098
46225
30615
82996
69818
73219
91026
12080
11715
69841
64620
18544
97273
32364
74699
2764
21524
59295
75052
43201
4074
18959
68184
96525
45091
26741
81120
782
86188
75211
63396
24036
66286
81505
58694
97486
18614
68997
94851
84786
17278
65196
38968
93340
39522
58746
2587
79618
50908
36290
89328
40578
66955
30033
23752
92804
19264
59702
19463
54922
82058
30397
57960
2634
53696
12244
9611
89055
64459
58954
22099
57212
42714
18181
44804
41854
31416
82720
8242
91776
24562
54346
93
35253
34658
59768
91247
85986
87281
12377
53735
73602
32811
60249
96152
39705
77366
34209
31621
82637
40099
2100
55545
7474
73120
55827
78106
15944
40060
95669
24029
50111
55286
95948
50531
15910
37397
19518
87376
9365
30394
27481
52883
48552
99982
81685
54741
26774
71182
17450
75294
7383
39836
59979
89814
28374
62880
47684
7785
24108
38573
85836
14700
33512
23266
20258
45835
72255
96709
7865
85309
63200
34748
32052
41760
46219
15664
24648
52631
7929
43203
55223
2284
30152
10584
32831
19970
28029
92777
38884
99653
11740
34638
66589
2603
8211
7957
98444
92581
46482
12841
22690
12509
39864
60152
36790
54386
43169
12332
61677
90702
71826
58232
16390
81249
32932
63937
80249
37592
75512
2946
14975
28932
3979
82005
69794
27713
12899
76245
8842
14103
80447
89957
39504
61621
44426
30091
66834
15089
16576
47653
58789
25854
65895
77175
91800
55163
69310
35466
47833
6057
48073
25806
76477
12681
5649
20512
2293
53680
35059
94550
65001
9873
12018
9593
71991
69033
50655
90372
73291
45110
47983
79081
12821
99456
34810
52423
97975
71207
26556
81241
49646
88140
81526
88601
69937
59634
51745
73159
32851
19285
33600
97006
51318
81836
88530
38207
99441
59686
99689
33765
87682
53077
75616
37523
8397
51839
21066
29454
3328
37442
22538
67046
51810
75630
97275
93414
7795
48391
28010
82744
41376
44085
77528
70767
5885
63863
69522
37836
99243
19196
80487
11044
5655
26400
79228
75220
48237
11929
74191
31987
1601
94344
13727
32626
60075
62830
304
13636
17209
97
4760
96274
74141
67738
48034
43391
97497
45747
51324
75384
21822
98698
36438
65225
14764
59958
99438
51175
95839
17776
4110
29739
93783
42128
61046
81078
78902
61981
23809
64412
27287
36072
509
67217
22716
3311
38555
45744
39686
82547
97260
33093
36379
25289
43115
75913
42247
56202
17201
88824
24174
71034
1714
44008
70089
91882
34073
3044
74452
79898
8543
80293
34325
79025
1556
73095
99015
36356
62019
53592
51430
47488
41759
24049
22803
36891
2816
88836
54093
75086
34299
41932
11192
30704
54560
56027
17308
30762
20620
22335
26180
65214
24714
47950
37416
31303
61963
40600
33871
45240
60348
11135
17854
16360
62105
60092
35781
50586
14234
99302
48410
77553
40966
36656
93138
46194
97618
58832
90706
64815
7268
67816
35555
4281
12432
26218
88116
6561
86156
4413
39485
69817
96714
61431
70036
27087
3274
74774
99750
15145
7698
50968
94863
7911
24071
33790
71860
15019
25126
22142
10682
31671
87671
68428
87416
78204
85135
72818
70457
44876
67160
25901
33163
15338
64265
59039
82588
21208
94058
4237
49744
12147
13479
61008
64319
25875
20252
88544
1832
55546
17347
84303
38686
5002
74505
95077
71616
49822
38347
72757
15344
54095
53606
68904
17934
68588
84678
36146
46358
87922
22705
64112
85377
36820
39343
89876
58088
78356
76963
49301
12637
62058
84431
44346
69295
50464
99329
75728
96315
39271
57350
97261
28054
15228
43735
50011
35639
35544
65754
58456
88470
43298
15106
54659
2341
96608
33150
57402
77056
49562
22627
94877
12361
21405
63061
14020
61137
1112
70638
78255
82162
10403
36397
88922
50948
3110
93941
10740
79105
84496
4648
18690
17737
16217
21917
31457
98813
54025
81565
26030
20893
15535
50426
8768
40784
59552
95422
19686
21902
4378
38436
67104
41451
80163
48798
88798
85245
33564
50941
6190
54254
62751
97465
92021
60432
64395
7550
4256
99007
45198
17650
47203
78346
32813
57290
69345
13133
48351
20649
81179
71884
13773
2451
62530
88072
91690
61500
4489
21296
73967
22713
75498
17022
57461
56593
66694
11643
32069
60366
69114
40394
95438
15817
68414
4382
57882
14478
90500
68202
75745
36536
23783
41271
91749
8937
28957
3194
5665
57366
86851
76868
82614
25239
50375
61832
82373
14665
30662
90940
12830
13170
8792
92259
83238
94674
4423
44478
5670
70442
2024
9568
80890
46597
77246
79862
83280
32456
79418
42076
28953
57670
44671
65153
95277
579
31579
56871
66468
42227
95347
84042
87744
82767
56194
78060
16301
4003
82897
67221
51842
42457
65855
19405
25895
15928
72112
33356
82155
9236
38173
35923
27260
24055
93592
26005
5460
34941
1261
60575
41221
92207
20846
16187
89187
44336
28635
47742
82660
81843
25824
7847
11721
42777
35333
96144
90501
90017
59230
18780
15050
11658
99284
51300
76345
39101
96171
4919
10420
84329
26052
49446
2685
75386
64451
37771
90594
63054
39539
43310
60074
74348
87706
79749
17792
3767
9778
2637
54671
6279
20129
60998
53504
24796
44512
39706
11593
94141
99708
8077
80744
94277
55895
45440
18226
54738
15119
5326
85126
83483
74721
15496
14640
40230
44880
33278
89495
68829
68131
25443
19948
23065
60712
64123
5886
56570
12138
66590
36753
92694
17760
21717
34617
78749
89399
22941
57399
74742
31016
99513
53128
47332
52904
81992
63009
55894
26948
25511
7803
55284
29151
62624
1346
16651
7086
66326
77126
38576
53730
76649
66815
16926
21006
64871
7573
19393
20198
46567
48598
81417
60349
9750
50357
4420
47187
31491
6181
35387
65282
24822
86624
55135
3555
53113
40525
24465
30299
68673
79247
38011
50478
63238
26135
95986
15323
46156
41526
77829
38849
4490
6685
64098
76950
83106
71577
60394
7158
34921
31050
45179
22961
83312
68170
45678
20093
35667
57712
78380
56622
28730
14082
7145
44101
15314
38199
73838
32991
8322
57829
47709
92366
33447
90079
63727
2792
38630
96341
3932
42304
28111
31114
6394
52137
4744
49356
95879
72749
11555
63954
75138
95196
5414
53875
19961
19569
23057
36123
1884
1291
29882
72399
48715
96726
69573
88348
22382
49210
57540
83730
63507
870
60214
33614
47352
62814
24251
46432
50632
30653
90115
33851
40948
26250
27831
28163
92043
42262
41635
29130
6463
48418
10783
47621
65280
89737
27613
86778
85339
52276
13939
24255
82182
26669
76484
36449
64873
65869
37282
60371
85144
34070
76083
21763
20092
26096
99376
81025
21072
40546
9366
15474
35670
28959
1506
65400
75626
71684
63629
84449
10917
71439
68887
95016
37502
64027
40516
72845
89743
19408
69312
26460
90422
71160
53165
63617
90893
5216
65448
95152
72360
7752
62973
26798
80346
74953
54973
3166
2952
51979
94568
10260
61105
43542
67714
83333
69443
40448
96275
17958
20200
40266
44532
32382
30449
72271
33429
60688
1163
59840
98172
13324
67280
70883
48358
12832
79061
84512
15791
54209
95435
25141
39902
25709
71986
56922
80199
46676
90878
92875
56779
39995
84827
11418
20409
75090
11143
19821
64005
28245
64095
64617
27665
5233
72798
74311
49593
19035
83557
91429
59080
93738
93716
31149
47958
15222
53191
94288
83439
58390
58662
18372
48735
38931
8146
74993
88617
71737
18453
74882
39043
18652
40909
8687
53055
51465
71758
74204
3246
78502
87183
96327
77708
48380
36165
75828
75137
23414
53172
63902
98139
57674
94254
7157
79885
54843
16079
20399
76244
9314
61292
12859
77608
91878
26905
26649
52932
22708
66886
63993
96041
84140
17236
35102
57103
65549
70023
5542
68315
19705
42658
97279
6577
37995
90820
94875
45786
44288
11703
99144
31499
52284
9989
93834
79302
45166
44557
50169
22385
37646
33138
62062
90405
49618
47792
67412
79844
48279
10329
1445
52285
70582
52411
66576
53004
48423
84648
4692
27922
57485
27353
24114
62908
78503
81891
19706
79519
28585
59390
43247
9540
77778
42753
4710
9385
25747
51035
51586
94094
3652
11443
88263
43718
55635
28325
2313
51493
76754
81150
11554
16634
94043
99319
19316
28798
29508
74376
31090
87927
40800
8862
44986
92968
24001
14827
20471
69948
45606
16263
6389
53271
82615
46659
64117
85238
91482
34744
23041
27594
68551
97537
82971
41667
22946
47956
14531
35717
27689
16332
62353
7965
2774
23296
22130
94063
27023
64326
59966
72451
58208
28195
68013
97180
99706
8287
32713
1697
65507
27270
88104
18716
27284
67749
31693
12545
40817
73017
90535
90135
64910
41355
55566
11927
81053
4405
94165
25210
18849
29251
3277
66094
38266
79853
10544
11863
21885
78288
488
65431
92814
57275
56399
42021
12354
48745
21713
1816
77486
51365
99423
65872
78703
9261
56857
7518
12177
18244
24571
43263
59143
59438
35729
52550
65961
18454
29264
40278
13182
66983
1891
91981
13223
99221
79432
90112
81314
16624
74278
72675
40437
82962
61220
86923
85011
5740
50458
83732
28416
86063
72816
45578
20421
53447
7893
63251
22884
72920
87910
86293
61365
63681
18277
98130
21172
28570
75148
66975
12588
55164
13653
37472
20773
57736
15609
14239
52001
46881
59502
14711
90367
78087
87484
72796
17919
73745
78376
28842
38315
79084
61634
20182
48863
25332
80326
29345
80543
7713
3266
86726
93058
45466
89343
19711
36387
15084
18517
9968
88330
34484
74202
89284
1522
96210
98557
43901
62861
98201
80869
13158
23546
56209
69291
98544
59420
61659
64819
24238
75070
78350
98534
69336
44234
48546
59130
74370
40475
77080
69683
93162
72448
61792
1437
6722
20726
15524
35584
972
59540
37496
979
13457
47320
77147
44156
89995
85403
61933
2564
55940
39751
53103
19289
59775
3151
14748
29106
353
57884
10330
31232
58391
55020
7787
48006
17251
5191
6139
97748
55992
58683
51014
68463
8963
45387
86398
69788
43550
904
76917
91471
19685
30890
32552
39644
31290
84787
10055
86860
16161
98624
52942
4657
37773
14691
98360
1628
21874
86019
47929
58573
96411
63840
81972
82745
80082
81516
59566
38057
49993
48319
37070
96380
57932
42275
72377
9390
3951
13400
58795
69898
98056
98251
51013
41488
974
90971
1804
89136
30846
61592
13157
43052
49360
21502
69589
23098
59899
66879
6729
14575
66640
33052
4494
83749
70427
20604
34480
23005
84937
47217
63755
27633
14824
95337
63065
68431
80060
57463
50181
59013
40872
48453
67457
2767
76511
41906
41828
16557
18567
3873
24199
63143
13831
63106
16482
90879
73922
9048
66756
46018
64011
89592
24208
16017
60966
13113
45449
79878
60204
30367
23012
75117
28330
6404
40253
97887
68514
37677
89573
52237
9482
24585
20396
18156
29443
79334
18405
41452
33169
74877
55446
12510
52598
663
93598
80694
97896
25647
36529
9929
31339
5062
58513
98242
61606
15508
21127
52358
26938
26746
29474
13978
79991
46984
52061
28563
40273
93957
80116
24090
35884
47977
13093
71731
97916
31517
99608
25858
17852
28065
85953
72075
84625
7894
30245
47556
56833
31177
82457
33236
85308
53309
55526
60836
39558
8858
72096
89790
2976
22815
25109
43822
37010
55247
53953
80800
64734
97086
20766
15720
40207
66458
67048
13402
49589
93222
69372
28327
34157
10823
81865
24298
50790
85904
93305
78034
99813
81263
16448
46098
22333
33950
41047
33563
96538
75334
97674
29973
85340
41449
27390
225
42754
12735
25857
56083
95747
53393
97802
88928
51824
50925
60064
46998
17166
93174
27058
68686
70661
48602
44940
70983
74830
39097
44434
14352
11388
99288
62112
16122
59642
97593
70125
16545
44789
48579
15706
20667
41816
9205
50780
35836
70558
17304
21134
68948
37217
26002
89930
30949
4913
11006
859
50532
14196
57707
59975
64421
48953
89459
78355
52488
31217
25801
3403
94212
90881
85674
43696
19545
41052
25092
50450
47326
64566
36673
28417
41321
70982
82000
5355
14085
47760
36571
36997
51669
47801
63347
61884
55328
65637
64055
81717
46683
33740
56010
47427
91648
57017
80500
66495
72313
88057
92377
45688
6600
7565
47806
43879
96821
64647
50338
63953
78575
50827
4249
59610
39426
19767
10289
38437
38795
896
45274
72784
20538
39789
6384
13154
55138
92738
77867
96488
31658
50018
61627
70691
21056
13327
55137
48087
84890
14878
54171
47712
62516
90961
76209
19810
95051
83020
46353
57334
84420
21614
17707
71162
59109
15468
67996
2862
93591
9171
61798
22839
53640
97466
62976
53195
76958
13670
29489
16404
66195
48359
51866
32843
67
64789
27149
32370
44665
17804
7231
29463
72509
84375
91372
52310
99927
26405
45834
4521
51785
40581
26788
98270
45950
862
16065
46851
95653
65005
24386
95042
98580
48880
36158
77592
23883
18314
12350
73510
58397
91142
68782
32925
14261
82704
29762
42251
49183
33081
257
17238
3749
19482
9408
81415
2745
69773
36417
8474
67838
81064
37254
29434
16912
16232
90847
60451
99088
11145
81603
96220
57579
86196
12363
8377
43332
95765
35957
92068
2288
50381
59140
96697
26697
37019
55201
86075
56875
88917
88423
59038
37666
13834
10336
28516
23796
44099
22932
41158
25339
49874
86420
52818
99968
85100
74402
24602
37364
15507
91422
5495
19323
33582
45163
27622
76759
90642
78468
56629
4590
33341
34946
81945
76324
52482
62117
72335
20950
40991
63198
33073
1834
58621
28700
89426
68990
4483
89953
72631
11741
60260
63586
15062
15440
24021
79510
91622
54782
48283
96414
69011
35658
84751
16215
58731
79471
35189
7779
27949
15951
73920
62591
50449
82671
51967
44184
82985
83067
96941
80349
34904
67101
71522
32295
1597
73319
50773
88895
27595
37408
65530
86133
34096
93661
56769
24872
80377
86918
28373
19440
39576
93393
1827
80272
37273
97055
80281
2817
95227
90694
28307
99729
89511
2075
91873
39922
48776
23881
55877
64179
75789
71499
77064
69703
29273
46000
79973
52745
77076
94545
30669
80672
50231
84598
1358
85991
90250
3386
7489
9518
19946
56572
83456
63134
66535
63096
61666
79546
60430
97574
4002
89612
67332
55085
10453
59736
48461
55165
96233
53628
48286
46030
6435
15723
42079
40196
37955
15168
61761
45009
43113
98814
39700
30606
99835
94
12110
98298
60750
38385
69649
9369
43093
55396
85546
22108
79278
37974
92887
86789
91618
43756
96250
30913
76015
36138
95068
47227
59858
5527
68490
93049
49088
19072
92520
93081
79365
77260
85211
11007
30700
5113
50825
79250
19995
48793
61629
94720
532
99143
58366
91703
66072
22886
68150
79014
28139
62866
90967
48633
65146
2753
86799
51050
26723
58231
12189
1557
16644
19733
87393
5061
57149
50497
94408
15873
71663
62161
95450
3222
83215
2889
39014
67465
24610
64093
51281
5512
62536
19645
70775
40332
5920
73136
24724
77002
87790
87551
60130
81838
61120
5656
26734
87686
12615
19715
15226
80222
15992
65297
62149
41762
65633
98197
43915
48483
67276
25734
2146
33359
21582
61465
78871
62012
36211
11960
16951
45890
97174
87333
53885
73673
93764
68665
50930
32517
44116
67836
82796
17599
60952
44981
91656
61312
74839
60929
71691
18029
33611
84406
8285
67086
53526
14916
67134
91558
76502
13537
25703
87977
60817
97536
34034
13104
22144
78055
26994
10296
65875
73796
33647
45560
22273
22968
94528
36052
49331
42224
55218
98174
43134
4346
182
7503
91989
49518
15580
37082
32794
85709
26394
12115
65257
9187
88177
46570
53070
26637
71525
94021
93157
76763
94471
30297
14424
63161
48211
45804
73301
1108
62832
22607
76842
40183
85102
33745
80025
82165
24545
53703
32465
11626
99242
65246
69071
74600
1321
60684
14300
65750
14250
62087
66316
35669
78278
79331
84281
93603
94413
9782
69808
52759
24632
64953
66606
50131
15475
20303
23188
17687
4998
90829
20969
69385
86694
63528
32878
86189
93425
98125
53872
52500
72267
61507
15428
47095
99393
48874
33071
12559
58378
76427
85722
83961
99681
5394
24503
2440
67351
127
31280
11926
43179
25659
31356
74255
72492
64740
37953
73466
29688
82347
79692
88604
31116
12060
63461
25229
15268
28721
48340
66810
56956
76751
7696
95356
71704
95023
38332
77901
25011
3962
21355
52906
64553
52642
18088
5898
46128
19963
41444
51721
24900
69777
35518
43044
83243
13347
35694
69044
9149
46831
78043
27387
28361
68725
34551
6009
51512
7732
9129
71460
90981
56804
7225
88163
53015
32651
28883
81002
44060
57065
62816
23668
34313
32912
87549
55578
24025
74524
11229
13473
10317
81289
30555
86733
4081
92273
46053
52281
87605
63109
55386
79384
31015
65156
42590
98053
57614
41583
96126
28965
47746
1936
21647
72305
26555
36440
68515
29267
1633
94898
7004
9671
70707
18448
90478
83121
82303
1269
63704
94230
85177
56859
13811
64664
10222
89901
91536
85611
53028
11710
77293
76553
92219
3006
63154
92877
5926
81915
7693
27240
74105
78762
48559
31632
49721
35282
18475
25402
75984
78061
11981
20288
46896
83434
71578
64026
72825
23518
91584
99157
82965
78254
99061
47463
25725
44488
631
88747
22186
67769
72966
85705
51413
48350
90900
375
17618
41162
34723
6543
14246
72417
26691
52806
98790
12443
34026
1892
58464
45312
85225
78939
44221
16686
89868
26177
47607
35665
68122
49304
775
85797
56221
47525
81986
54100
66076
50798
78866
3308
32163
91722
84144
28898
18429
22516
60491
95411
83136
94448
22919
40755
66922
49289
40174
4715
32950
73332
13034
6065
84924
80340
44639
80246
84253
38631
83181
16546
9151
19698
19362
18258
97580
98093
74653
65396
38775
64762
46092
22366
67288
96700
64021
1563
3751
62654
72799
64190
40971
69699
28767
23309
50266
50008
75578
96038
50633
88986
54754
90331
33303
77854
70265
57322
88951
3664
82352
31505
496
63686
65616
75185
7990
4166
24387
85276
12517
59911
24500
26013
40324
7624
10136
53882
85059
70918
35883
45134
94104
46630
33857
64662
87052
91413
76061
97863
30627
11311
1847
9663
17395
16922
22119
16288
39148
77973
26385
89271
81244
57716
83813
30610
23153
67774
2515
11837
71820
76487
80745
25008
63293
66063
20375
67078
30979
54190
35131
13123
31065
31164
63769
83743
35155
70811
33588
59907
25671
72677
45877
39805
25106
1467
97886
80186
51992
92427
55646
32861
26953
29691
13296
72590
80318
22178
26324
45594
96481
6118
13397
96828
32830
2997
55
72627
36728
57705
38791
88267
57499
10509
53367
97143
35343
4933
35826
60425
6263
47814
6174
78442
96513
6522
67246
25764
53969
78982
151
59479
46598
9890
25674
34896
14077
55950
3472
35686
27275
55362
27500
74373
10925
59656
1679
43534
80591
17289
98676
62666
95612
80649
8138
86922
60977
76046
26935
4817
94737
65945
69193
96772
30661
33268
18663
16958
11829
97846
81117
27103
11064
25677
14805
80083
56504
92204
29092
37553
77462
75964
37295
94220
7410
32578
59276
71539
50507
15398
77279
39025
5990
11561
40780
40030
72550
51093
98490
69842
9626
23357
9453
41738
15518
94977
21573
29540
39621
73201
11472
23221
65477
58218
80743
67249
81936
99471
30318
35486
84655
23139
18117
56863
11497
53067
25019
21025
44159
40396
60608
60876
59186
3165
25515
53228
18932
3956
75003
60529
40171
8839
73226
61061
15037
37167
16818
17689
73336
42617
54248
51277
75961
59888
43368
7651
22170
29631
30122
72231
69951
72961
31912
89313
38132
59171
92603
46910
39631
10245
82073
84109
11255
62460
51800
68694
99311
26046
16668
13371
34456
67901
92565
12541
2187
70847
98985
18604
80823
76029
65435
87853
39577
26574
47084
69998
9395
73654
65092
74677
42551
72129
27391
31676
59877
92631
48512
33601
47782
38358
47087
78549
40558
41589
8112
73364
45621
40043
99522
65271
6626
20241
70311
39072
38620
42807
62077
27193
88221
67768
45613
62043
48604
53712
54710
98154
9613
41381
29404
46677
64263
31816
6806
82065
47166
36451
91938
2373
26348
57677
14305
10989
22249
28060
66661
68786
4162
45635
63694
63223
16431
78778
28997
1362
68966
42189
97212
44324
35036
84370
63083
47162
8362
57567
90277
33072
99545
74673
91119
50487
22831
65858
27031
71061
80566
57874
73544
11775
56512
75190
61993
21426
45049
45184
25763
37739
34637
22085
84147
29145
94714
96292
24230
15819
89134
91958
86770
43838
6983
73864
4329
24859
11362
99068
31783
82886
98555
56234
34333
11361
59551
46791
48903
60574
55923
19272
18409
95019
95520
16854
31136
11765
20067
44498
51435
18891
89858
95193
81291
33524
60537
39663
92410
115
81856
93364
56212
3503
41253
65522
38908
84706
80451
98111
56106
18321
4052
82682
41653
84068
4650
95609
10745
51291
41257
76129
13418
95297
43813
78114
60177
25663
73247
63947
58499
81905
90446
36780
99154
60811
85410
37728
36965
70589
66352
10580
2136
66731
18145
38710
5168
65570
98041
26522
64067
37994
85917
86719
46698
65565
56501
67641
79712
75936
70824
83325
55745
35320
30154
18651
94658
5562
2742
97483
43427
92505
51183
35526
90182
46721
83883
45470
14548
72647
95918
41817
67017
60835
81418
59384
60581
55538
46007
46769
29784
24661
30754
30790
4300
32212
99359
82309
33407
85405
66891
96081
76400
42624
2019
93457
89548
64138
71982
39323
41369
35616
16724
99511
15988
65494
68761
86696
3219
72813
14455
63178
53831
25719
92016
73152
14738
46026
78988
38613
98492
11615
66660
6697
78804
75128
97997
17280
35862
21615
506
74837
10368
75591
39839
3593
80640
46394
86141
3624
21037
90680
14587
69025
80091
14789
69446
46736
76525
12837
59018
85272
54763
38128
76255
6414
91924
70511
77762
45738
19732
77194
19523
47851
66521
15054
9520
92731
47360
85849
2312
92069
6516
47059
41459
29819
55150
88231
49831
71353
28315
92706
52944
32040
89588
81778
10401
99539
54895
55112
17834
22384
57264
72520
62815
64562
1486
69009
41788
21790
17246
5735
30829
47886
53728
62711
1468
17202
56926
93092
8941
63122
70826
90403
38052
70974
58764
3236
7450
64628
809
86509
75514
76419
9032
39305
96779
42425
3173
33759
77125
93769
99518
2250
39229
52088
47603
70781
52562
1297
83080
85572
63746
88220
59811
70303
57523
61820
35241
76301
29904
87108
76556
27432
86083
16856
7400
27824
97513
50730
54374
48029
73031
64107
98072
31049
49226
11805
7499
53778
31376
58555
41228
11121
64350
2847
83590
86217
26917
46003
64710
95582
83715
28116
75628
44791
13192
49772
23813
84215
18685
20489
54546
35912
51813
69042
12940
68454
37462
53295
42376
77835
94066
27758
52900
93333
4606
80138
54826
57518
58387
81208
91909
85771
12088
20701
93853
61653
54827
85488
86154
4736
64795
36926
38064
46385
23705
14820
7027
51743
52017
69901
28502
13718
23900
52028
60512
86149
82494
47818
5689
45151
2524
76983
97308
76804
63920
76096
62989
35121
82820
40503
71582
68661
20021
25482
56533
62248
76369
40115
2147
78540
41722
50397
43607
66624
39572
59205
92116
16252
55523
39487
94821
26844
64272
89826
54375
41608
68662
6998
18691
35307
30174
49256
19658
56997
80830
57880
29247
65218
68876
46145
36223
71724
26813
27181
11950
30026
17132
5219
25128
47456
50916
3249
58367
98083
96853
2507
35714
46326
2013
12991
49961
87684
50584
83178
26344
21329
66655
26642
99041
77315
51653
43585
90375
19215
73171
64703
30967
21242
5435
86422
4460
62582
24229
79194
80973
81151
4061
94751
74772
23439
22935
99037
60187
67727
95815
6464
13547
56002
88422
10679
8584
29959
36913
30741
65221
83219
91768
16928
13380
44153
88128
13929
83204
62525
4205
55352
77961
20098
56164
6989
82904
52966
8820
94880
35900
94350
39213
49182
86605
33366
47872
95034
99930
93359
32541
15799
60788
67232
19979
63457
19163
83220
77422
90549
42525
763
47727
5153
14040
16786
7248
65523
29662
35163
32301
2403
80925
84170
97491
4189
73690
82721
14539
30864
57486
4927
34098
59923
83530
14889
93179
72071
77429
54518
14014
85072
71725
93035
84214
29579
42846
51565
58309
79790
82323
35228
86931
99555
44847
23248
30358
28826
26722
21176
31363
71728
3984
28253
221
76728
53093
82805
42853
35397
45154
18297
6467
65697
42277
76317
11852
92404
21894
98883
57259
54000
12946
12801
99322
91376
26437
76541
933
86244
64845
5433
25070
52774
46369
92252
16646
90912
9162
52542
51602
16141
4512
17332
3654
57536
28728
49167
79564
65723
69093
41161
60654
66049
12644
24526
82433
59585
23715
54441
44007
67514
70789
74787
80928
81272
35481
17530
97739
79533
15826
89539
71233
54839
95596
92604
92464
97357
94297
60642
31937
25942
37986
81127
55182
93168
43942
58826
1724
39392
74057
65881
69096
92861
74493
57116
89744
13283
12421
75643
88499
56796
95103
3291
22320
33108
33899
91529
40537
48905
57203
34457
54534
71094
48952
10364
93379
56924
37519
27856
89058
89229
21154
22407
52501
15921
54044
33942
54255
10941
22476
25035
40811
78959
90598
66282
95055
58533
44984
98684
9977
6370
390
69077
89400
27549
34500
58740
61490
78130
96111
89004
10926
15360
66152
17660
10359
98483
93249
30729
45170
6144
72339
64803
50682
39387
28375
2581
63747
17661
98865
42336
45084
41283
97818
87658
58425
74477
4807
21415
26077
17473
67284
24410
10879
63693
30543
85719
9850
90392
79257
48416
84226
99967
83645
91736
99290
2552
93146
89118
75545
9846
93571
14206
10775
34560
71662
22357
56755
71297
73273
53651
87815
10503
94888
33507
22453
70248
60442
41029
49330
81267
92102
25912
39837
64085
27176
11274
89354
55811
67329
59644
53977
28355
78832
67441
8529
26154
96516
65259
17580
86928
9946
31978
26903
99381
20323
19367
33666
5743
87184
19606
70709
48459
96698
15081
95471
58593
51717
48977
15769
70880
26583
93494
55824
33951
19859
96437
52518
28952
28989
92891
27118
58800
60473
6893
12578
5196
35054
44502
63532
97246
39199
8105
91228
94326
94717
91177
642
38061
26870
70218
60562
10633
54876
84493
39517
49514
73878
7169
94362
67658
36615
78582
27116
23339
40344
57885
99742
74383
48099
41995
92459
42069
33775
68985
91601
13099
55634
37734
79829
41819
46376
36956
26712
25919
89739
82800
10862
85327
98776
69824
98033
80655
16375
3088
38381
9854
61587
11705
66341
76467
20880
31207
56430
70187
77562
55332
6839
37552
14964
10939
78306
56318
41511
31699
50363
89570
686
55078
72727
74927
30554
33785
64956
294
43288
39273
76761
81955
64418
73938
8515
43272
29939
95842
28226
26395
81857
64196
12009
494
33143
93757
67734
33090
29975
51564
92645
73422
8816
50873
90051
57530
29216
70648
52527
52215
10010
22023
77207
25364
59894
96245
31147
16633
11120
87146
9633
43464
7760
39725
56825
22862
47361
97551
35112
22376
95830
44306
73689
78935
91442
67084
36471
98872
43346
21925
75254
22398
30389
65453
60690
44990
45572
69413
65062
5067
24288
27842
6244
73313
78188
77050
90565
32206
18870
61580
79818
55199
55543
283
20522
72259
1850
64912
14960
70947
13117
38817
35978
14636
49975
83338
55767
70121
38645
46645
91110
63924
76130
88868
98030
86774
38549
16329
61688
91215
56320
89456
37280
21564
61867
6888
29481
38220
8539
33408
135
91317
35890
62198
91365
6080
13077
26862
25279
27855
81020
98342
44340
25517
40150
80374
61802
64454
46281
17531
33633
34704
80835
32723
4677
93726
1258
16271
81819
78455
68410
70568
15950
97021
61716
49063
85612
25249
27658
81296
89587
49679
98449
53263
51085
75332
74218
72486
60125
87920
46682
35224
77450
2746
12321
7240
62426
4408
48290
93649
93065
19202
83729
62990
84853
55065
69755
53967
17506
8249
41684
62957
36259
53565
49460
84869
29137
88571
68271
77881
91173
34032
52693
19248
75537
66126
57533
33823
8341
34001
23625
12209
38807
5998
6418
44489
42757
14958
89782
39085
38867
99003
42036
43467
73989
19856
7860
45577
86273
79245
71572
61250
15042
88147
73781
2275
97765
94682
19010
86475
94371
62392
39225
50546
83541
98060
1946
57970
27639
38655
3638
15397
97774
7438
14527
3597
19986
71674
27624
89409
62416
53451
61275
5209
31119
91099
63273
4412
23434
56261
37956
69644
45556
85525
7204
95204
89581
40142
34678
7209
67039
72927
93781
34794
60649
583
64069
78995
26560
66322
3958
66724
93686
82308
27082
56146
25501
76935
78079
18084
46287
67660
99266
1383
54664
23380
37404
22972
60390
82224
52477
24607
37635
28938
90018
16930
91449
16872
78207
43151
74788
12307
97487
29526
62129
46946
92990
10572
24103
54445
80023
1223
81290
384
98047
47113
9034
5544
40429
51080
94753
95583
24390
460
32510
58271
49883
30750
77783
28586
10610
54998
77
17424
22631
86343
60713
51441
75573
97926
96486
38879
49323
75331
28679
70376
90657
41829
43081
30876
49353
84671
56059
55013
61224
44491
42606
27985
5837
20628
92837
30684
60429
9608
79434
86111
44155
97668
91165
74555
2452
95300
74744
41673
34642
97591
68443
90149
93602
16400
90332
66413
23277
22729
37086
53883
28293
66638
90164
90038
50404
7548
61982
53914
53101
88390
80512
91474
36061
63748
95999
91844
96224
84115
11597
92263
76760
65725
15752
83464
80501
19426
40894
4247
5336
76940
10127
2570
92231
53752
56685
96218
74763
80306
25899
23264
77021
35908
63322
30156
23990
70853
95742
5024
44467
77633
1425
16327
30799
86890
70877
4275
89342
25652
82684
29961
10646
80713
61170
6941
63881
79371
22841
10903
59512
39876
65886
75122
64073
87244
91387
88642
89680
95508
3015
46289
68678
40891
5817
46102
75639
34524
72391
78023
41
445
44694
49039
81043
72035
74709
34312
85026
29429
42537
10811
6015
85969
6145
9505
63891
15955
21787
33603
57105
84183
96165
24686
53255
31487
96174
637
40736
478
90447
78021
64857
26300
57575
7793
74393
71219
24418
61448
56940
72852
19177
48278
13482
66173
56360
83163
68070
1743
84855
53878
58846
45524
99012
17122
7283
60935
91555
31744
3117
76393
63564
21417
42054
14728
21446
83703
40881
42885
39883
18351
81724
97268
2425
91632
86341
67421
74732
85684
95995
2527
11079
59983
60941
79141
7891
23913
25207
12968
58900
4510
19067
17411
33111
79398
5781
74593
33299
8593
83487
64388
4444
48629
79962
2867
45814
67454
75825
30054
54430
67699
32228
63571
50388
34919
21602
55713
99810
83851
35767
51561
3466
76413
74622
55477
57789
62329
14659
12340
1755
33695
91386
75240
51965
26553
35570
95895
60061
50296
69533
19867
88563
40834
1642
12286
98876
54377
61198
48269
47053
67941
29542
42504
28787
70047
31211
76670
89908
87166
55622
68988
89370
31263
15080
43876
81924
83330
9020
37003
5431
21560
88453
46309
9195
62204
6900
41374
68313
38833
47808
13175
89012
77832
96976
68707
20775
45884
56642
13535
59070
31392
14150
22416
75620
45042
39891
22559
35066
11293
44377
69782
79872
54616
80565
9294
15497
30068
94503
33128
65803
6319
95001
5838
28540
33189
24215
91182
26864
86202
34781
16280
73568
82090
95363
68737
23856
88602
95442
24468
32624
94264
64245
28052
49920
97851
83854
84198
45504
96270
65263
57439
2549
56018
68826
80040
56103
45211
78283
95984
37847
19143
87204
27495
70205
50551
64218
47041
41061
98774
20211
95985
37543
42395
64338
15685
95991
4447
14519
78397
40825
16936
92221
35057
60558
59277
96307
22904
18900
91163
75517
17701
79515
95335
28601
52702
38562
96300
30547
14787
60333
83117
80845
79241
96601
18227
11948
69416
40094
34274
71956
38392
99712
78841
29455
83275
20615
21841
20565
16755
2309
43512
17038
65503
27088
21484
95835
13467
497
67860
16992
1529
6385
58045
16760
37204
33203
91251
67161
14605
91733
39832
87824
85492
5463
64943
98778
9169
56947
38384
18799
69184
23976
24660
29545
10490
83337
20894
74902
39543
47344
81162
33106
81029
77675
82482
17442
13940
30314
60133
63831
30677
22325
3541
72563
96928
89711
2389
71373
39432
84541
37334
93469
69249
48317
79636
10471
60165
15447
68524
27349
51162
32151
79566
33721
95014
41114
84606
87637
30625
5750
2885
59343
8988
50945
39029
62879
66047
69309
32555
10280
22011
6193
67130
27388
52553
46031
92118
1809
97038
17490
70581
72972
56333
29729
84342
10218
59363
91192
57890
65672
73300
44999
55697
33533
84773
99781
77284
79891
18903
45498
72249
92359
44949
14233
68507
30908
19987
9145
41280
40661
84353
37126
59349
13331
63730
74167
30418
36631
44363
18724
3832
72931
79963
66772
83504
34894
39768
79495
15071
91190
36350
12382
17498
37868
56603
46142
55478
4774
72022
19257
10479
5132
91603
12248
48253
98526
19015
85176
8358
41083
46842
1649
65211
80035
56830
14602
46799
14970
14179
21367
4533
96138
87695
30370
20498
7019
61514
41686
47626
36531
71109
69587
57723
25483
28651
14983
45167
39484
54896
80266
11127
62854
54945
47108
17731
77097
65949
45463
41658
57580
34267
18524
96636
87209
6556
32484
67085
38169
68159
71761
85896
64358
92280
78818
57323
65984
97978
72729
11435
27396
85371
43392
23281
52267
81714
53840
12831
66524
6580
25859
8682
38451
22551
35631
14203
18574
18075
75166
28557
64492
55581
63601
36131
40439
59403
22821
84041
14342
13147
63832
41348
17141
50677
78797
76428
53019
73891
3858
39161
72154
72017
58275
59824
8179
30575
78634
73534
56555
29372
87639
90580
58624
55765
23550
19753
51298
26850
69354
43180
25434
98240
48329
62199
95730
76870
60441
67609
33427
17144
55136
54199
47057
18996
94665
65648
99737
66069
70052
3616
94972
58709
91627
55820
3565
5284
78311
22853
73657
97381
86547
39794
4421
62158
98750
37689
57971
17883
18492
5373
8676
51229
60166
28353
30372
82489
15363
28814
48486
45290
79502
58128
18540
62619
26074
12405
19277
15542
94487
7323
17018
78365
34556
74983
56247
78724
97876
71647
49427
55689
74785
71378
895
43651
84632
82338
97335
30472
89161
52277
56302
66603
7051
82691
44126
36492
96457
24953
13368
44079
8563
9691
44718
42780
57342
6297
78058
4885
18942
86589
68879
16956
24522
70079
93268
83188
87794
95248
19404
30281
50803
15091
35083
19914
5152
97011
85589
30193
571
28873
69899
86525
70522
26018
40381
20504
20621
30710
99031
21038
31705
57651
80190
10963
11696
41022
24548
21598
91853
62147
45789
5436
44145
28628
12038
33525
31113
14874
29776
75920
35557
5834
61567
35341
80856
80392
33913
39920
67286
97312
2713
5969
96634
76384
52962
27188
4613
1100
35283
47865
77120
17327
91112
90123
89898
41445
51690
15877
32804
72588
23774
61979
44347
53529
56110
2786
40287
83752
56967
5147
66337
68862
35181
73542
90581
49429
23745
22452
35115
49245
588
69286
49454
96691
98166
67630
41157
62267
11938
87829
54705
81433
38353
86221
34686
14652
18924
44031
90996
56601
32442
69500
36804
33374
45230
4601
44179
49374
6555
38299
55014
30422
48212
18709
99567
98808
98680
28084
88366
61887
95350
16643
5635
94223
47866
32051
78515
61729
8697
52161
4754
71000
3268
9870
77070
30020
38152
89367
78234
22176
15987
77386
97114
97104
86765
4438
22310
59199
55705
21011
46994
13364
77602
67079
90786
35323
27510
86656
54435
17732
34071
1280
12743
33536
22043
20508
36008
80095
92536
6850
97243
94086
49291
95853
67572
46695
71643
55819
39524
6794
85471
65696
55242
31943
93758
28275
26998
7372
10756
1750
59101
78636
21186
18237
37845
65544
68137
3567
16526
33275
98650
16437
90790
84725
38191
13503
62211
66327
65338
77294
96896
89726
69885
16946
79378
17662
54574
42519
7096
56207
17877
91658
41340
11049
24710
90032
24862
14469
12288
16352
46276
57582
8843
11922
88344
3369
9760
69888
49854
10177
33474
20973
83894
15651
64207
65379
29701
97462
91137
46361
29889
15536
94775
64597
21937
8573
90653
38824
21156
59474
66860
29342
69613
16131
97531
68625
64748
80536
17089
50327
69338
74587
19142
38709
57227
86186
98582
7642
37102
48379
54203
55879
98043
33684
15196
69980
97570
19800
26113
4956
94787
52505
73709
32087
33623
59676
32073
75865
95707
10975
65411
68336
90822
31667
92325
9874
45699
22252
35328
49751
50299
98645
56879
1472
53331
98700
52877
87444
79006
3075
82619
51510
43933
70820
34180
61084
82088
76961
3535
18364
76838
27996
83820
9885
6093
53286
44909
50477
25198
79480
10593
3091
7640
88632
54065
52412
35469
70688
7677
35821
81106
62429
39672
13867
82161
72774
28205
58544
49092
74217
59575
98150
33571
68704
38033
69734
26766
50188
5915
1046
32952
20732
99401
31285
67267
32674
94516
29925
74567
42569
24225
38685
52378
24843
26651
98973
32469
69797
28335
45936
6005
88165
10826
38799
95776
29919
53189
65445
36662
49272
53795
38304
19626
88070
5518
83416
68815
29379
37555
49040
79499
15136
93450
86528
45015
28802
66374
41214
44765
32016
61560
72989
43416
19621
83908
50166
9280
66241
52456
84438
32304
10699
70096
12923
43595
29987
95620
46320
99863
53829
33982
9612
90570
84091
81513
37431
33381
70188
88142
18718
29539
29580
21356
63168
4668
41524
41621
95865
47368
33606
47324
76281
3453
95056
36298
63116
37902
98984
83090
1691
87764
54117
81975
26839
49502
43140
959
26425
10121
65797
28960
8512
42206
38088
94760
30961
70462
35334
38540
48758
25625
88906
38035
83426
25254
23169
71747
22073
9757
62902
62162
85022
38224
77016
18327
44855
78459
73116
20907
66780
44779
6837
62499
8856
71695
1740
54790
42931
55569
91175
13654
74139
42978
93873
38680
63027
91305
38657
19785
21915
10067
22529
77178
25954
62027
6568
79837
49222
95396
43353
41980
57013
41235
25819
2714
36985
90645
97072
17270
73293
29683
26217
41550
80472
45218
64611
2910
44386
4152
9442
18647
30259
26530
97554
37026
9247
99906
97977
87832
18634
67840
61526
24380
60280
4634
71950
83094
22147
23833
79067
13049
28607
61429
54689
24560
26939
78828
80876
6985
76483
14340
18670
31343
2945
52262
53353
17801
93492
14849
55771
79262
60400
27628
37337
83882
38390
49413
46125
68320
14193
37061
70818
86682
51519
50170
36915
69109
73869
15033
18131
53119
40153
5675
30685
26247
80807
90223
67188
85180
51600
68851
94270
59121
86956
99262
14763
79644
4939
20801
27504
54672
69652
84278
16927
28117
10117
56024
56336
83288
57610
85027
78007
20119
58594
75911
87270
73442
73594
34232
20991
24713
68637
42243
5710
83993
75375
88749
99916
34765
64463
67417
70235
99856
81388
30722
22641
56489
79466
28893
65819
91375
21916
34121
97850
80667
20219
58813
33827
43446
4858
96484
47376
17402
56680
52101
98875
63378
34977
21501
84876
55515
26070
75110
96349
34784
6284
95854
81667
41633
52387
83463
47938
62633
61583
39377
65339
14086
87795
19912
95257
23802
91178
83554
93158
84846
74199
74438
61423
98524
45535
20168
77852
76915
87534
55212
55270
21716
16955
7828
39140
42022
92483
97056
29360
8911
30023
69688
10087
13353
65713
68751
22260
59168
37215
89359
5529
93358
7399
69283
42602
47178
51556
56480
35860
76630
44330
67656
5038
12406
26170
24162
29628
46422
80418
70611
19485
28947
46170
51394
59411
8581
13219
54869
59853
95305
34729
90407
81616
8184
67744
46528
19481
24094
99081
3215
34317
60660
70137
17515
57841
21429
31074
16562
54271
62311
80453
88653
50901
36332
28072
59431
85634
92067
9517
11739
81135
15046
95860
94835
50547
14831
66081
91576
63159
87805
87894
70362
77559
78757
46945
41243
41959
12383
38742
23729
86223
18940
14842
98315
980
83912
92304
97921
55024
13280
91041
93487
50504
56054
34246
41925
22504
34897
3209
45121
42407
3486
6544
97854
74469
40766
13713
41063
87672
99273
21866
17413
22838
77419
75788
52793
68201
9077
50927
1698
81541
8349
9994
60504
92334
48763
23162
50559
20610
62699
31789
55344
26034
76978
68649
82578
68640
8887
91640
37951
75201
44472
15128
59868
10430
94352
49058
55294
66372
15319
62674
6477
59969
96970
64814
83938
27205
89063
93985
41389
5620
25242
1876
58003
48714
76992
87812
58858
6695
17187
72467
61325
57371
91167
51585
78471
80611
61807
92034
66287
74166
17370
78891
75720
61436
61080
56742
54967
65861
48175
97976
60032
72115
34873
55744
79703
72105
88978
11654
49828
41332
68458
97572
76474
28980
68699
78027
81430
77940
7056
63387
61892
31190
29078
99333
20842
73384
45352
49866
60880
20477
59489
75538
52528
61745
77482
25850
33457
44473
49852
3200
13864
51265
48637
946
59134
75675
98858
81867
2533
63398
10429
78996
82553
86793
91156
32394
22969
72000
87470
1954
50589
30899
24845
58095
69839
13087
22602
34404
30736
35499
21114
67600
36742
22172
98212
75903
31761
19750
358
91663
71981
39923
95192
69892
11978
86749
83975
4651
20449
52681
55868
14050
64448
79190
41814
39619
64645
11140
86040
80909
21078
7697
8206
89512
35383
40852
91978
27021
30426
3701
48885
89712
82368
35844
87924
60161
23619
59622
68469
84588
34399
20377
16142
81273
41763
66084
26901
67742
77051
40759
42889
6423
5254
83473
49044
35303
5397
94970
70825
68072
84049
79648
65467
98286
29310
29387
43943
44662
17264
92478
40305
61990
82542
59855
86390
28122
88399
27704
41544
3760
98409
48411
19813
97101
54225
91382
15845
23237
82935
6047
231
18963
81329
57517
88968
37410
12647
30134
30333
33056
25751
77711
97510
53068
66155
73402
94338
38860
6316
50094
54140
11963
30533
27340
71712
93663
82715
76174
89024
84293
51828
65252
5559
85406
35375
16013
33083
67791
48364
59688
23586
25683
12000
69356
17833
52363
11571
56845
21464
8375
96579
3043
44207
5005
60840
64888
75599
74570
20322
93735
88507
95036
86495
53665
39036
54942
39413
19982
90206
42545
20274
24469
73651
26705
227
98703
58701
46855
15630
68186
75192
74470
27355
71079
56701
69124
18534
608
84383
38782
18378
64957
84417
13815
76889
52992
79335
63656
62823
32113
68092
89164
88916
85223
11934
93105
49465
30279
37191
3459
53688
76665
92010
23510
60358
53560
61548
1820
52740
9356
44223
33220
5616
42461
81152
88429
39277
61223
21204
38596
96472
52359
23685
64268
3970
73705
94817
65722
17874
4965
51679
56658
34851
58068
40634
73138
26240
86072
84369
41206
8899
73862
54791
67575
37285
62501
87939
69561
75330
2374
6162
2851
3836
23374
19232
23931
16918
31362
60221
15104
47784
17303
93507
68497
72999
72025
55652
24167
21505
42994
46739
89685
28647
89702
48396
56319
47562
44433
93711
89466
39008
28517
27598
76542
55839
75749
93533
13787
63594
31610
13510
53272
82032
70739
37449
20963
98837
72640
47869
23261
98349
87553
68205
51915
13181
66542
63110
48493
58427
21890
26783
45078
71394
92560
71989
3609
77220
44361
7033
74795
73742
62042
3898
22221
22612
50017
49542
23189
94312
91060
98488
42254
90477
69017
12422
92065
7819
94930
40256
81092
73973
39897
9973
54229
14063
26430
50076
88943
14217
66719
48113
54543
34757
66689
15172
70149
80114
41473
87372
18064
52868
11128
77112
58669
63928
74633
54177
55524
19129
86104
42993
16772
39518
18587
12208
2291
39591
46611
53861
92393
87651
11387
79324
71250
18103
27308
91624
67944
42413
46214
92578
94690
41284
6981
54106
60882
63942
9292
86369
96847
19445
93061
96140
92474
14052
18904
29946
50097
85811
45444
49016
49361
65497
33777
35033
49461
55297
91914
12824
22746
90519
95636
35169
45945
16880
99490
73731
65840
26340
55863
4603
44003
57088
64051
77449
9286
38721
69380
80469
19294
27721
95688
71926
98207
99418
36639
77274
6064
50203
10937
98812
62168
33174
3809
20705
51521
65640
62544
95978
51359
3527
16514
68802
37817
58060
96501
84822
78917
48689
31273
81542
48868
7529
36064
68520
2208
23805
11766
57195
27238
25407
16579
6771
51390
59758
51336
41072
98211
4604
82636
9416
88127
8114
78491
94069
58550
12738
57847
42976
14706
3041
19642
55238
78754
1822
44832
72525
72602
60244
96343
99208
6110
9359
27825
20397
29231
41058
74210
38748
76090
35939
80877
92264
84363
54480
17785
21189
50087
10681
66493
93040
48440
52069
94759
39555
4727
28222
57964
9246
33529
32393
7897
46173
73740
6325
10347
94115
90626
16060
82169
63244
15619
73620
36676
58512
80342
57896
50534
52365
24435
16267
60907
51491
98597
49195
75339
52186
84583
71748
6634
28740
61568
53285
14508
23958
13286
38281
67432
69767
93715
16590
86897
24038
41753
43799
58919
79249
67434
88421
30622
33013
51378
23814
83387
9579
97494
92292
4649
57183
28819
32720
21265
54947
91726
16194
56889
80625
37864
57915
45200
84828
59857
92398
61615
13288
19726
34699
9035
81776
48762
84208
91899
41230
23613
90122
53126
72019
3128
11763
36785
43697
19850
79901
97624
62448
541
55779
81837
83466
50592
1746
69624
40275
85450
55978
71472
68495
20736
57956
36604
31616
16093
72951
8259
9528
11460
28232
71838
62566
17134
93497
28146
97158
77297
35301
14074
91394
27708
30446
50849
65778
10595
50344
47295
99216
27566
47747
91548
18065
71862
38337
78845
47258
65717
81502
95989
63212
19971
37267
96541
94461
71573
87389
33403
61225
35783
84754
22215
80931
76901
63469
21063
25732
42521
38133
32773
15742
78370
65283
37530
55828
91282
26495
23986
30375
53537
75889
69018
77516
6427
67638
1593
8668
70466
52179
53505
98917
66070
78903
5602
21053
12974
74715
49625
46039
58340
90065
43715
81198
39866
80582
53643
82594
47882
9974
11968
29416
18493
44626
54169
67369
98337
99759
37369
26305
72480
83391
49680
35906
86745
5906
57329
94574
48408
65933
2083
95202
89970
73787
85460
374
10367
3852
54707
60095
15070
82378
62844
98839
54986
54434
73356
8222
7187
1193
18279
84758
71890
4672
9758
94486
95278
33762
99267
85390
31288
5888
5502
86964
22560
27554
85189
28485
87263
26172
55450
3933
88315
13475
79600
58556
47165
9473
78357
57378
28329
19876
3957
23474
90370
31796
63855
72807
98714
44431
75147
72686
75624
13245
97142
10343
42784
6847
94243
9537
37616
27826
7016
61331
39930
21794
64559
55804
76578
70980
45065
4060
16762
34863
12663
41436
316
49608
3854
53799
53381
94336
45989
87046
24833
18148
46147
54303
64765
87385
7783
2938
68459
18432
13677
32220
79485
17484
87388
42405
7604
25411
93336
93013
53214
59173
50879
99414
34530
23602
41528
2074
22570
45937
97382
45439
92602
64896
40390
27267
55393
88545
83190
25502
65951
14617
77241
40831
8758
79643
43668
82290
34606
16511
15815
29538
97655
77585
29735
14646
8583
45610
79647
93565
49213
63316
57751
21976
71458
19598
47932
20147
23409
39507
1455
14682
31271
53153
4085
80315
97853
14743
41750
22388
18341
93194
55551
11081
66654
56505
93815
34953
77786
49519
69224
60360
93101
16846
18041
29509
51225
43481
8814
28079
51850
77526
4167
72547
14231
50587
82809
77206
91605
69359
58967
88730
71593
43255
88954
79388
97858
20428
23187
72425
14417
39595
53519
47816
61054
53502
334
86284
11506
56425
83942
68048
38230
97206
75318
89586
27845
25358
6027
57372
84146
82782
95968
83940
94860
16259
23090
76560
74827
32263
94952
1638
35250
46905
88327
93062
44284
29098
71443
45270
96089
53203
12467
86946
79811
14516
89657
11365
29585
83865
98075
25700
86028
8578
36755
55912
29301
28051
84776
53731
85585
38771
72572
90229
44954
10427
35111
81507
25706
73810
61869
22187
8865
58661
90830
91681
31247
30384
13438
77001
68903
16942
14698
41997
69648
45303
92872
46235
83200
78448
36309
28098
34288
79130
80674
24450
65724
51559
89026
33363
66925
62602
82527
31967
96222
50289
70932
10591
67667
36775
35005
14915
15570
34624
8659
8187
17093
47105
42615
98818
43670
41864
82095
41744
99507
68294
11016
64028
41430
99194
16455
45924
4907
59667
17667
89992
22694
96766
95540
897
19141
16359
24756
51910
79220
53678
91644
44596
32026
83821
95239
84096
5338
50250
16059
29157
30220
16681
92227
41685
50573
18563
42505
80140
1259
41843
36465
47441
90350
67810
68854
27094
60860
11346
83523
55674
89577
54344
97817
57856
58937
73519
60640
50382
27490
40711
18873
34235
25665
2032
60039
53734
88157
13756
88043
22959
87377
70445
10855
70693
40089
52718
21985
21299
4273
50727
39562
11086
24102
63792
16525
15079
10153
56752
68207
50319
20152
96362
9470
56161
6321
90398
79822
48143
5305
12537
5772
13309
49492
26745
90911
5049
33214
41599
68590
16177
67804
55611
55383
17754
49513
85697
53973
53677
77066
88537
99334
72625
97100
98417
10163
63012
24519
89160
91510
59687
61303
75938
6100
9511
91765
31997
54684
50602
926
30285
60873
41113
73835
58294
1774
26873
24271
34989
26362
25036
47579
30336
1250
29704
30793
39174
38122
473
18191
52665
44722
41991
9503
83892
22134
68006
11213
83838
83122
79498
85681
46900
55117
90054
66469
95141
48918
57038
12820
84127
96675
29032
63865
58414
62296
97958
72150
38190
33166
66966
46175
11002
27861
88058
16952
55723
82667
31951
69363
59207
47205
33613
40818
66339
94083
8813
19671
22289
11011
75282
56417
50472
49005
65904
67327
5685
47815
86006
27233
69577
17885
17771
15638
2621
35974
33944
14285
45400
14219
82424
39656
70304
49812
40241
24576
68269
65636
48741
10143
18862
1448
20925
95924
32345
97726
54846
86603
44276
17353
39668
7314
1636
71542
92992
18920
65728
6598
36109
92126
65701
2444
17188
52079
39763
68938
67954
39502
43925
8689
4932
97528
89246
9044
48594
13687
85728
71065
72351
78138
56938
84386
96940
5563
98599
10201
5733
13920
85367
75064
26273
47322
95713
95926
32226
16492
91985
48387
45852
77684
47416
2839
2793
62696
63008
87219
6051
19314
891
8598
58871
32293
68140
27976
14855
49843
76887
45477
27709
67691
62368
62080
8371
22971
30396
25928
52384
11553
74496
73760
2322
19369
83977
76294
37803
35015
41232
67453
31224
59984
56546
28279
12727
81551
36056
47917
43648
56771
48170
9880
77478
45596
73351
48728
19896
57356
7252
63868
91599
90614
38142
86098
7545
62750
75120
27757
27146
73430
28424
52671
32123
49858
19193
82172
87116
197
68344
14290
50631
7127
71517
99161
78900
63068
17923
94919
66907
32718
99578
98464
14565
93752
13957
92786
35452
96858
96253
84508
94283
15778
26742
85489
8092
46796
82785
73517
52783
46016
32924
96956
95983
54451
67061
61347
90179
81600
50772
26453
97294
22646
39822
90010
67798
30495
23694
50133
46140
60739
84072
54929
36258
97336
90850
10704
25464
26406
84213
43953
6665
99959
31696
65793
75725
97710
65606
46042
93593
26946
21069
30044
51275
17764
56545
24314
42599
59852
26980
85193
20905
91639
5387
55229
37291
13228
19468
3404
78297
94228
16029
60357
82040
91895
37548
27641
91262
53082
61003
7439
20361
46546
54767
17179
78913
68440
55948
57090
11578
18680
26339
77185
87469
17528
14153
36093
54830
10011
56797
14026
37456
38283
4356
97679
43968
17601
6620
86867
30666
61775
65621
67118
54444
55593
9808
43851
41350
47239
39100
99990
24007
25352
72379
52385
37758
25826
87087
46789
23323
34468
35768
71026
70737
4796
28390
89286
25605
69531
61196
98572
8528
95637
34148
77891
46211
53904
31371
41679
68002
9137
32738
52455
91013
89311
43911
55589
19936
96960
12167
85909
72347
88270
1682
83745
10178
59480
22750
86677
11800
72998
76910
13779
16954
80734
50142
37299
24306
40490
38529
93332
53458
33898
10444
55624
7257
79773
85243
48725
878
26702
32970
50295
25069
35319
79240
16299
50502
95245
47777
88751
81264
12202
31670
92592
34444
81378
37165
10671
70127
89248
20684
23213
98933
78050
2301
65279
47449
65016
55189
87358
92744
89017
33098
62800
15002
52459
59075
64688
34957
67381
27037
42662
16314
13527
19556
77985
69508
85915
19571
73163
23035
9764
43327
54459
73294
80170
21904
43551
29218
72473
12213
29023
35814
46857
93911
11381
20519
41967
12530
62122
18043
77727
14499
90950
48657
41358
65348
9659
81697
31403
97002
70194
78588
63860
67478
39143
96009
85118
53391
43561
93983
35793
19372
15102
69289
70464
32676
58129
76814
38536
34531
70967
50090
55056
88993
1958
61322
23133
10707
51709
84288
81869
76164
31199
39868
50132
61216
87259
80475
63632
87375
86000
29783
7987
33145
22914
57577
35954
24486
81452
59830
91435
88451
77188
90819
10292
33570
56694
46058
8317
57291
72617
78563
68208
2937
57624
40575
68581
88409
95674
85639
17953
49627
71637
53358
22138
90341
96680
33814
4561
20702
44839
37247
22164
28114
18905
79089
11962
10523
14155
23113
42434
57620
81357
12081
21703
83633
93461
80132
74480
91047
85153
20086
82471
15289
17867
61199
29537
5902
90621
5050
41476
38455
77918
65539
80826
76679
93617
76342
37821
94351
31319
52854
61103
11559
93557
20791
43487
40990
18054
55521
19784
5266
44432
11282
87919
1966
8705
84562
55095
56311
55313
43266
23449
41184
37494
75565
17516
27254
86905
68157
88831
40290
88999
10161
28962
88218
72921
64489
52796
44774
61984
6026
97169
6269
12896
91304
17678
41709
26808
94441
57394
22443
2247
80613
11993
73324
22386
88430
98679
85359
77024
30983
30236
92806
64878
98547
93653
84826
70936
12228
51808
21243
53257
81686
56000
83436
83962
41249
1194
76614
52821
49312
6696
7216
51061
52049
50195
34598
20110
96992
42942
21697
26846
41613
11337
33579
55009
31226
91666
73892
27789
93479
22076
82024
93747
21693
56288
43628
6340
82596
32514
2477
53622
46547
6678
20314
37439
50128
77790
33086
64001
58032
28286
33934
31969
52201
83414
56465
12269
30947
79143
9496
98512
84188
59584
61335
14010
74128
47269
87772
93608
10894
26915
34980
94422
61767
24379
2051
33998
93748
34108
19981
70083
62001
11382
4014
18140
39845
61356
28988
49611
12179
20877
69120
65028
22915
50857
54198
4102
67103
35593
24569
21956
20931
75994
22994
64086
60328
76625
69662
54080
28413
65856
78550
48990
93024
56431
63334
94188
21423
66760
94006
42151
39933
50564
23222
66224
22903
19490
55360
77890
713
58577
89803
29225
72493
13856
98511
86209
30590
69015
62520
24322
80702
71089
47766
49936
18511
56944
43213
57600
54736
77198
99663
96061
2694
72043
57612
41778
68973
58872
97947
85818
91903
15238
45595
31877
23789
86925
60746
30999
94664
37664
77098
11520
79592
8344
55727
41552
66822
54084
27165
8095
37110
50346
30415
68232
70949
48053
17459
585
25931
77229
37316
94467
89176
46062
60024
4881
97386
59375
19575
74890
95762
18113
19509
78140
21775
49621
90346
14458
52976
34466
89106
26516
43067
4886
10039
26098
43547
52756
14094
10036
43188
6056
5015
47098
55042
69450
9123
78385
146
73704
83359
95629
90491
92566
40949
56160
62850
3538
322
77547
60423
24059
70435
59670
43979
52676
93705
69903
97762
68746
87133
36316
45124
12061
68370
99682
773
72138
6732
77883
61459
98430
99512
96910
30755
87681
69201
5589
8292
75490
10433
76977
48663
39701
57538
15331
52481
57104
69083
44039
61690
90849
68450
72276
46898
12849
57186
74444
14963
56021
88389
98740
7054
3217
77042
39581
93475
49860
46229
4224
44797
78896
97685
99888
42833
8461
1303
6425
61385
84925
85171
28236
97633
3659
736
45277
39946
48869
16487
89057
85959
53238
45279
13214
15417
84674
62533
73614
14755
82687
89448
19076
56493
66915
73235
33610
54789
76408
16047
16318
82555
61349
76163
76231
25225
50254
3272
51363
79441
18559
5003
98353
54252
32764
12800
17994
70633
39841
38031
71676
61661
26164
74783
54894
83900
41836
54294
70836
39263
95339
96615
68963
52243
79390
62627
1216
90322
80498
87129
92573
12808
27307
40050
1395
6879
13652
89029
91950
62759
83872
90685
15884
13753
83089
71698
57557
43778
54281
52688
84971
90433
43212
98195
48731
20269
86527
91340
39079
5277
1048
99791
19182
70116
33393
8983
43623
26577
23084
50175
41237
95588
4915
58466
27329
164
6447
60834
3354
72468
7437
6872
43025
76876
15780
68028
25777
47170
70232
37183
44356
83376
75812
41649
52031
54440
24685
35772
96503
48737
40787
61159
91762
29524
85509
72891
61559
85573
70313
66937
72902
90885
61438
12618
77389
60566
10587
89417
75614
31864
3432
45292
83771
44914
52837
67870
60422
17998
86561
13548
63719
76555
70331
39567
14997
46226
83817
39068
23304
51383
83039
61646
50353
57368
9010
83855
49882
21347
76943
27526
89633
69362
73447
74439
45942
53767
43344
18439
25949
9462
50494
28183
65740
94531
1
10981
46363
80712
21777
63844
31686
36353
57028
729
63927
22950
628
62664
35013
6869
75674
19530
17464
35816
78834
32757
4695
67906
48670
96166
8631
16445
81543
31258
44592
16613
46148
72222
6932
81890
38066
35740
8804
13863
75978
48995
40867
48894
4244
56653
63152
11284
77898
23183
9524
43162
12552
46527
3147
37260
75541
83264
65567
20723
68798
12218
36585
873
98079
56122
80327
72078
84739
86249
81773
6125
6160
32172
18736
98283
34886
93225
79987
96013
61454
5893
59016
26972
58590
27203
18949
20500
39324
70281
94944
956
36412
84477
34243
41768
68349
36777
40236
86628
87073
82970
87837
80257
71779
52588
7159
16058
61384
62444
46475
15115
7991
38804
52769
2418
20794
86568
34295
90641
84760
52005
62047
70669
59898
28280
34741
79063
14628
40065
33833
31161
72877
4474
61376
38762
55584
77474
33922
98387
39248
37903
43034
78732
70714
3055
92710
97995
1340
67490
17443
82648
96869
82601
6830
56011
41677
4409
96466
43450
17079
52532
92123
95589
35496
49548
30607
48568
57306
66788
92702
47260
16897
96877
88816
19554
5761
80996
15348
74515
66941
52880
9992
82192
80408
10277
38690
5170
68663
32937
7135
63684
77543
56034
60269
26467
19524
16915
1388
72348
14184
83816
41875
75575
66254
94697
54401
36205
58672
6928
77841
31811
78105
82122
26679
68031
40684
16063
67992
38683
75963
65786
90348
9669
36847
51645
89880
75234
16963
8053
89733
59780
83577
87722
55985
99156
72056
24906
32186
47666
9023
87136
13300
15866
46650
87544
86644
1212
35734
88101
32790
57803
12205
21831
20337
72911
77702
96369
67228
62178
47993
33477
33446
44968
10840
83510
72284
31527
16424
6085
14589
6845
47340
16377
46390
99122
11054
20661
28970
65013
66310
17540
77743
60047
81105
10345
93401
26579
81459
72963
14869
46421
5853
33422
82824
27335
8013
2656
51231
94245
62870
56787
63818
20714
52680
2025
40725
54773
26640
63837
54327
67146
34831
73126
5591
47799
60610
73843
52410
38662
90362
72472
27965
52714
60852
10473
52574
54195
44520
9308
10327
50811
66077
5891
95107
58615
32407
2707
95668
46974
3405
3252
68169
14630
29124
76563
71044
8547
70440
62962
27821
51505
14545
98980
32758
94647
14540
59709
7434
98895
71756
88146
74872
18074
43253
31337
63353
68402
66390
2465
60345
80226
1415
68644
69906
23639
4283
28397
79587
87124
70639
67997
44121
67213
54608
57111
33279
97328
89090
73470
23960
7906
14703
58506
46400
94137
15250
73162
44613
38193
37675
2895
73467
54001
74808
67294
16436
34105
63534
8846
47981
20108
7230
54092
61238
45057
62410
89762
24659
44187
12790
25220
44602
79589
48496
9825
69219
40621
3834
82952
48288
76809
25328
66030
38474
94098
92691
96511
57591
54311
43336
48879
72241
22327
33797
59823
11323
12151
85527
4996
45491
72409
15180
11708
67070
18779
43175
56596
80324
36122
62792
20069
984
58428
37296
44341
21875
13001
51931
59537
72011
73577
71660
33576
11413
83799
22481
33733
53554
39752
70731
32042
97735
82423
99847
79693
25997
33691
53989
87367
65161
99849
85267
4067
34903
92583
66215
75127
17869
61214
88688
99877
16499
99182
90015
24838
46150
41756
94807
89154
33162
51654
52431
74344
70233
17078
63660
10898
94363
94390
83268
55133
48960
43537
94105
91218
840
32132
69658
50568
99724
13287
62049
78976
50571
17575
98553
2653
63970
14466
12431
53932
30268
87117
4845
93872
545
51576
11283
74667
2913
90200
18704
9409
41620
99115
97795
13711
66422
78193
85706
39349
99128
84658
62513
90187
59795
64025
26505
508
99327
36566
44903
49387
68426
77747
19855
66688
92939
47415
41717
56933
38397
10019
59995
1869
4175
19149
43917
74058
45723
6552
51451
50596
34461
26450
70779
42891
63035
57571
16325
17014
71978
99299
8861
3856
93190
34204
31200
71420
9388
94345
44993
73308
2859
48515
45706
3134
53910
69002
22629
5931
89807
42650
2520
88955
37175
47915
68298
97271
91052
94023
68360
63825
22710
94793
33449
17156
63383
7401
68470
81352
58263
92137
99934
86239
30895
39556
66630
62350
81275
62735
10987
43036
8793
68030
17277
77286
13626
3362
16719
881
79385
83944
93703
57757
23168
89815
47266
56330
67321
93100
10064
91980
67842
28492
26964
71619
29212
56453
9212
43053
39038
13023
52360
19624
63521
34463
39447
46458
69821
31869
56256
97449
36892
48536
18274
92607
7770
38777
37766
38454
51158
74819
33541
5516
67950
94843
93652
96804
32367
5455
42456
84385
88403
63370
63165
4173
22480
46331
99687
44278
99842
45268
11231
36715
40943
72735
26733
21452
37256
76929
93788
48781
30081
70407
88974
30339
53171
73758
29410
49722
24164
40983
23511
10257
48893
59592
62747
21929
78016
36429
85181
87780
14278
19783
23634
61305
14727
12423
12256
85143
95785
17100
57370
77061
96237
84002
88548
82567
27107
27251
9460
20641
90175
56893
46643
15083
59848
33661
98255
3270
49007
27603
37154
95698
13663
65791
59113
46918
82195
91263
71063
4511
13921
80668
2116
66156
59139
65128
75035
25479
66662
111
97424
83765
84553
33994
18259
69686
78692
19809
3473
76795
39949
86363
36381
10409
78947
65605
10838
61210
47058
70489
33965
94742
81952
26119
83815
82729
9338
64316
90574
95099
28578
28477
16585
90743
3296
58736
84474
39360
8764
99947
47817
77646
25073
18656
15948
53707
70769
97730
16776
56463
10889
43244
46636
3098
51749
12868
76772
82149
82811
67459
38076
55327
20424
7356
39429
18024
10624
65250
53174
38478
46312
93375
58985
48263
15057
50934
96607
83130
69723
39439
98018
97400
70860
347
82430
79103
4756
24408
47853
95709
2200
92127
85370
97395
88076
22635
25180
96637
76514
90785
60906
33672
21451
44279
70294
86046
83839
64557
31185
27399
13271
62103
10851
29376
88588
26652
51525
64719
28067
56195
11602
2604
25343
15402
55862
10030
18224
78208
60741
42871
64958
4099
30849
77751
8167
7700
70060
52939
64404
49884
743
33219
24445
12045
33706
35700
16028
32603
78435
28132
24313
5162
28134
60588
74950
58192
29755
59021
50668
49495
57697
76535
95156
29605
81940
98004
28813
57551
99922
86113
71999
16363
65499
58421
67326
17841
53339
41303
37361
5402
18498
55729
99721
6356
61857
41832
91332
90479
44829
70403
89786
11084
83082
34800
12774
94457
41188
40799
82085
34080
24023
40646
64324
21384
76329
5909
17284
18637
77183
23372
44402
45468
43443
83543
13730
69865
88016
23110
65737
2126
36967
84307
76849
18592
4542
99280
3071
47770
29763
62056
25688
20824
51798
59054
77278
5248
91440
41400
60324
4415
96997
60489
22343
18101
94783
86128
46891
73194
47471
80998
47698
12772
80822
92255
86419
75053
71868
67115
70717
5711
88768
80106
22623
64899
16726
61178
40093
34378
88408
18596
34956
54417
23246
53536
49801
54003
50921
53483
35948
97467
52245
5434
84604
37934
3686
29773
46093
90119
72323
70042
18629
60408
70040
56367
31347
35825
20742
11364
60542
19940
74350
68130
37704
96965
70649
29994
85942
21996
77266
97319
43226
44044
88337
74547
8579
31544
60893
35874
27569
78611
98635
16580
95970
22423
36325
36783
87938
84893
28771
84633
71551
60962
63369
73013
12980
74948
73687
24957
17746
68962
60042
25037
26158
90207
179
64318
59771
20561
38570
84711
32204
41489
62820
62784
7979
75385
54746
46205
91259
50290
38904
43273
18205
92117
87162
88495
99385
48787
45612
92201
16773
59023
13054
53787
31052
98787
73166
82642
62275
83471
95444
81387
15813
65484
39471
94174
75914
73674
88860
7262
9197
99548
25624
6800
14017
66297
20107
30956
88073
33118
70136
60694
39007
45150
26714
11315
99944
92960
38248
42919
17769
63559
69204
43998
75306
18729
90695
86280
21074
49448
91753
29563
23029
94235
77161
67640
90049
13131
40997
54635
7162
11124
92896
70381
98717
84460
8608
27400
11675
66260
24361
666
50936
83410
48947
60316
561
1435
92504
91265
3942
9815
7533
37693
76048
24275
80458
81044
98081
47460
52107
2622
209
40167
51288
89030
93725
28215
96462
63299
96461
87936
26185
92383
87787
65908
90274
51958
13232
73198
96693
52217
31454
17178
88583
77906
72044
19603
79774
82586
38930
57714
23429
61119
92890
45587
55401
16268
8422
73151
35592
63416
15899
24730
96463
99249
78473
12043
4463
89072
45286
44146
87318
53294
22556
17290
37346
63839
2305
53042
47732
40016
28656
41019
6410
90070
3948
83389
15259
96708
56358
92089
9696
52843
505
49038
94300
57905
98500
79857
15247
91250
64380
66932
27360
65830
6311
87304
22180
8120
49405
18133
1470
10035
22290
41367
44522
61558
92763
43676
27423
67258
82574
1868
9283
98465
51819
30338
91832
98725
1273
36078
23430
83930
80334
83514
27914
68788
38554
47967
10047
88539
84815
81672
11670
91441
86229
24083
40395
72760
50808
57776
15727
30149
98232
61652
3179
20507
66958
92687
95296
7809
91506
49699
83516
95558
90357
6860
46491
19368
54267
5412
45534
25268
78695
8587
85268
60646
62076
24364
54276
87037
56064
14018
92856
18746
72553
7384
93066
96577
18776
44362
32259
33253
30880
37727
83300
12374
37427
79747
52491
69606
46988
83126
87535
18049
20834
52489
63872
38226
71872
91970
67886
19504
98683
15018
68908
97411
85562
78910
63456
61471
49457
32129
33993
9157
83481
34099
30191
27138
46709
68609
11403
46350
74145
5269
61353
73679
6825
37057
99738
66451
53384
39395
41170
29370
68321
36405
17307
5767
59347
60076
71220
84321
89340
74137
28058
91922
46117
36166
91049
82445
34280
17613
83378
82650
67272
12983
58823
35553
73189
13791
34779
86766
91975
42988
77415
27311
51567
40128
64839
33135
90958
75199
38425
75251
71234
47910
83893
67516
14492
75037
28181
39142
59337
81567
99368
59732
93590
97327
44930
63243
24578
85587
2066
36413
81332
3680
22401
64320
37150
10684
94997
9373
65274
12430
72643
39247
87012
69078
83594
88924
98618
26403
73147
3536
55623
58605
16910
2190
20370
62348
30496
63133
84086
91750
70845
11748
51737
92213
28444
3315
65587
96669
37078
10461
68599
10725
85688
32808
84643
17369
4114
10547
25194
96400
87718
66520
51974
55339
71217
94738
73590
63946
99904
41472
27315
30269
69922
20280
17253
42581
30085
37712
17110
53852
30480
82084
96723
32748
67334
69563
88222
19187
47199
35782
76819
73752
8265
8048
93122
24889
57167
45227
33423
15894
91514
56697
17414
99204
12916
15358
82048
66011
4337
9954
80679
90582
15907
26884
81927
26727
87559
23847
39260
58659
99505
34422
82690
82595
87431
31626
27016
24142
82415
24596
41532
21711
57098
36338
61784
50138
93148
4449
87247
99278
93799
31899
89114
2327
19243
49157
49656
97153
11880
56253
7924
11267
98158
30494
32288
69165
82658
48255
70263
36237
95182
84137
94296
37876
84256
98486
63117
4407
4966
39217
10489
44913
26398
46243
8006
48587
54714
87408
1149
39960
29941
1680
91955
62247
33809
3805
88758
13608
22704
42876
23569
51577
28283
36023
96895
38213
9013
80155
78836
72175
96451
1131
271
94100
10459
72671
77600
98171
24812
36032
44027
68603
37636
59379
44160
5441
41305
50446
4185
69596
42711
6529
63572
81742
700
59673
34895
84958
39442
63358
16203
47680
8969
53280
13413
6569
91395
23287
42539
43922
78153
74634
60874
80504
42684
30601
548
14832
84464
52845
58708
80004
21420
68880
68390
76109
10834
4729
36501
27854
7681
237
42710
5843
98941
18898
76354
28171
10315
4179
4849
50972
20176
82299
72423
37482
96552
69772
59507
18672
468
91355
99589
64863
35105
40301
49031
71555
1681
26535
77784
22022
15123
44162
61730
78961
1992
54727
29109
87579
46862
96042
24775
45293
62864
49545
45189
96025
40295
1030
36907
32787
24531
8111
35180
45779
19676
99817
31600
35605
40721
4540
57901
82041
57008
365
72858
66186
63186
50800
50204
1442
20452
87126
80485
90414
30595
85932
13488
22650
87779
20256
50341
9895
83997
37960
30599
29746
21652
21430
36769
63277
47737
81642
34770
54513
20000
54855
82399
48823
83778
74080
26485
94412
96778
56630
33930
70401
33508
67818
41402
16518
81873
76355
60337
51067
60282
91339
42894
78843
71404
81799
50982
4898
97385
21691
54073
11244
15952
13747
83548
70939
33709
42759
24453
54133
43975
80757
40082
72065
71639
49918
53243
31841
71463
6330
31222
63069
50405
30847
32744
77212
59603
27050
834
47509
87710
41439
42460
5611
52322
21029
36614
46228
43775
51182
8779
23517
65957
80401
11924
2205
64221
17094
39218
3513
29431
93143
36805
90890
58876
39904
47517
59905
87600
45522
17143
87733
53006
9606
70308
29695
3478
38790
44175
47711
47574
76416
74562
76740
29484
61572
35314
29306
76178
64401
90984
40614
83101
51833
8158
77572
5376
9677
90768
65328
63930
63829
19464
57301
76920
96946
59950
33513
82377
44711
96158
8926
90024
60340
61693
17483
21157
84538
8827
51815
20840
61519
77479
33749
61759
43706
74733
99685
79318
88257
69894
74862
43510
72380
23052
62948
98493
6536
35653
67136
63269
52545
6383
30411
21015
64712
80824
86551
70704
30213
25768
83533
82143
99935
86190
51736
99482
87606
58258
39003
58386
41856
66945
46679
858
94571
70524
17324
6099
20822
48103
48553
94479
82491
69086
79157
77696
33152
40182
90522
70682
32896
10933
68493
18588
42597
71027
9769
77311
14323
2748
24630
91770
24097
38163
5314
29962
71710
88708
67869
46208
17896
98641
44803
53646
4989
36186
12883
47687
58283
64446
52140
8520
72067
44809
33127
98955
52525
28206
86934
33696
64394
67216
39488
89193
30813
80733
92199
80345
23767
67812
7858
22618
32917
68239
70156
56675
47844
56542
6347
63846
53281
50817
31450
51624
21263
46661
91194
89925
79719
66909
34308
16088
45499
43543
46820
32692
88981
97417
63234
84738
93275
52085
65302
39688
62253
19762
72879
25258
57657
36747
34191
69205
95291
55226
95481
18992
50364
29944
20044
59659
89126
43085
99064
499
40243
80842
32633
67588
30243
20682
79916
74586
85997
26784
68733
64654
17904
25892
2577
33199
85796
91655
66792
66071
86017
66438
46486
42432
1534
69325
4834
4270
57341
8662
15939
46983
32254
8831
76995
5151
96080
9600
99623
84378
12148
14497
25066
18945
85216
41494
43118
69996
45769
34811
20737
3607
19851
79407
50976
84871
9770
10358
15470
28742
27022
64981
75016
17780
92724
412
91702
65451
74823
36542
84819
8690
26822
36463
90096
52656
58070
32125
98359
75359
94034
30143
78710
33685
18236
5904
10908
36873
14594
26772
25193
14949
16717
69806
98442
40152
89611
46511
52013
22725
11151
15560
94025
80150
73077
44951
61163
27900
2099
96304
26367
24319
75418
42932
88983
97950
75940
75556
99864
66089
84892
23066
69486
27601
65842
37972
95454
14367
9851
86675
33272
22642
66988
3289
86279
80375
86213
34749
69637
87692
87572
75460
52895
86114
85970
58122
40001
66496
66651
53185
56066
23324
26256
75230
66956
50032
92480
82806
71119
90531
7868
64494
23469
32729
88080
31581
47819
97983
86476
51780
71135
55295
42823
234
62404
2459
39159
65505
25304
95652
66598
31603
7464
16981
61797
24801
87286
18573
75160
29779
78001
30090
36707
30552
4764
89420
2645
67171
79803
17365
61068
44494
89947
70215
70708
30850
52563
74730
74725
32542
72135
27553
58335
12292
63811
70712
37226
3081
5826
82264
17296
49958
22390
60986
89818
56293
7714
23228
88400
7481
85374
82591
84805
76618
24835
54523
29914
63587
33945
45475
26238
48687
47794
48104
30205
74446
43517
24455
13321
26815
68309
3475
16164
60925
28914
13053
7341
43536
2578
510
744
53342
84857
34858
81100
54774
41917
12117
65709
83576
75695
19983
25157
68760
9967
48133
84180
40665
81559
46550
49833
44728
54777
36318
80772
13569
85838
69019
90612
63092
24240
67561
92237
24791
84652
97365
42414
44312
23778
17857
86959
12591
53584
9740
64462
52371
89412
25589
46755
27807
48268
1709
48259
51711
9787
78629
15810
55485
73913
96161
97233
65320
82605
15225
35162
89600
70227
84165
91088
6113
78353
85530
36386
82151
16389
17247
13593
66135
66587
11870
13675
32661
46688
53321
80480
16335
51224
96475
32827
27218
18309
61443
9185
24643
10043
46365
91125
41688
61480
61202
10204
45762
49194
1770
3825
46328
8406
3349
41262
35611
31624
12092
81224
50
53907
63932
62589
35739
95541
50963
42489
39190
68000
65909
70751
91369
84697
8625
91257
2821
26072
28683
39894
78978
90162
96449
78706
9136
66399
62289
67018
93586
27385
1531
46869
50369
35602
1374
58877
9410
13650
62094
86531
26457
18809
12410
49162
91507
4336
8972
18031
23330
69931
22132
82306
12435
1282
63107
5546
63278
35513
85480
69284
59980
73061
7354
45329
95538
17333
98203
79195
17986
4537
69045
32549
95700
60988
8376
47855
32340
42142
52494
4837
80906
55844
91729
80494
78487
86253
41785
91266
65332
24280
31734
24770
82146
85200
73623
40919
14454
2167
88872
98427
87851
212
64109
20752
92283
62205
625
6714
6329
88786
23214
95633
11067
85484
39332
1882
8885
18640
11672
74675
34993
36786
71298
23959
92535
28597
94136
52846
54148
57617
50612
43323
12418
93014
46440
32413
57423
85590
82136
27889
9561
72916
38992
13436
69094
78684
23765
34259
38874
57685
52804
84295
69504
88581
92634
43305
17868
2060
9814
93560
35434
450
52546
9641
90314
28069
84051
33522
22947
6936
73997
68156
54999
37290
18141
77173
1840
10287
95728
47172
9817
87674
54756
19866
71100
51087
96188
25174
19336
70346
26650
49996
9724
75126
47171
57391
33798
41070
14976
86086
46967
28021
11336
17932
71650
87459
1931
81318
53192
81138
13268
46923
82475
45843
36184
99303
18132
89727
59058
63274
37234
63217
65385
84650
71535
36042
86971
64215
82885
36076
33726
62288
22216
83005
77569
15531
84100
47466
246
56265
92188
38461
94294
11479
20594
19578
71029
68897
4894
22141
52946
27425
28807
18771
66418
44444
83281
40859
79728
58240
22595
13832
88501
85398
14255
67935
99940
50009
17922
57913
55266
72392
54731
38637
39545
39870
57278
85234
93441
23737
71377
50366
86544
19823
28520
46012
51869
13813
38638
37483
59002
49100
92813
45020
63448
58299
20911
53600
30196
72366
37466
10760
82783
96491
43899
10397
64879
51683
70391
29876
67577
16380
20024
6402
53724
13426
45969
8732
15493
57336
42244
69398
18337
60417
96968
20943
98893
67462
60792
